municipalityCode,municipality,period,unit,value,variableId,sourceId,sourceUrl,collectedAt
4127965,Turvo,2010,R$ por habitante,14594.71,47001,capita-4127965,https://servicodados.ibge.gov.br/api/v1/pesquisas/indicadores/47001/resultados/4127965,2026-10-06T15:05:19.153397+00:00
4127965,Turvo,2011,R$ por habitante,16199.39,47001,capita-4127965,https://servicodados.ibge.gov.br/api/v1/pesquisas/indicadores/47001/resultados/4127965,2026-10-06T15:05:19.153397+00:00
4127965,Turvo,2012,R$ por habitante,17500.83,47001,capita-4127965,https://servicodados.ibge.gov.br/api/v1/pesquisas/indicadores/47001/resultados/4127965,2026-10-06T15:05:19.153397+00:00
4127965,Turvo,2013,R$ por habitante,20089.39,47001,capita-4127965,https://servicodados.ibge.gov.br/api/v1/pesquisas/indicadores/47001/resultados/4127965,2026-10-06T15:05:19.153397+00:00
4127965,Turvo,2014,R$ por habitante,22086.36,47001,capita-4127965,https://servicodados.ibge.gov.br/api/v1/pesquisas/indicadores/47001/resultados/4127965,2026-10-06T15:05:19.153397+00:00
4127965,Turvo,2015,R$ por habitante,23243.64,47001,capita-4127965,https://servicodados.ibge.gov.br/api/v1/pesquisas/indicadores/47001/resultados/4127965,2026-10-06T15:05:19.153397+00:00
4127965,Turvo,2016,R$ por habitante,27665.0,47001,capita-4127965,https://servicodados.ibge.gov.br/api/v1/pesquisas/indicadores/47001/resultados/4127965,2026-10-06T15:05:19.153397+00:00
4127965,Turvo,2017,R$ por habitante,31278.84,47001,capita-4127965,https://servicodados.ibge.gov.br/api/v1/pesquisas/indicadores/47001/resultados/4127965,2026-10-06T15:05:19.153397+00:00
4127965,Turvo,2018,R$ por habitante,33160.13,47001,capita-4127965,https://servicodados.ibge.gov.br/api/v1/pesquisas/indicadores/47001/resultados/4127965,2026-10-06T15:05:19.153397+00:00
4127965,Turvo,2019,R$ por habitante,32637.85,47001,capita-4127965,https://servicodados.ibge.gov.br/api/v1/pesquisas/indicadores/47001/resultados/4127965,2026-10-06T15:05:19.153397+00:00
4127965,Turvo,2020,R$ por habitante,41508.69,47001,capita-4127965,https://servicodados.ibge.gov.br/api/v1/pesquisas/indicadores/47001/resultados/4127965,2026-10-06T15:05:19.153397+00:00
4127965,Turvo,2021,R$ por habitante,46360.63,47001,capita-4127965,https://servicodados.ibge.gov.br/api/v1/pesquisas/indicadores/47001/resultados/4127965,2026-10-06T15:05:19.153397+00:00
4127965,Turvo,2022,R$ por habitante,44517.15,47001,capita-4127965,https://servicodados.ibge.gov.br/api/v1/pesquisas/indicadores/47001/resultados/4127965,2026-10-06T15:05:19.153397+00:00
4127965,Turvo,2023,R$ por habitante,49038.74,47001,capita-4127965,https://servicodados.ibge.gov.br/api/v1/pesquisas/indicadores/47001/resultados/4127965,2026-10-06T15:05:19.153397+00:00
4109401,Guarapuava,2010,R$ por habitante,14974.01,47001,capita-4109401,https://servicodados.ibge.gov.br/api/v1/pesquisas/indicadores/47001/resultados/4109401,2026-10-06T15:05:19.153397+00:00
4109401,Guarapuava,2011,R$ por habitante,17304.98,47001,capita-4109401,https://servicodados.ibge.gov.br/api/v1/pesquisas/indicadores/47001/resultados/4109401,2026-10-06T15:05:19.153397+00:00
4109401,Guarapuava,2012,R$ por habitante,20323.98,47001,capita-4109401,https://servicodados.ibge.gov.br/api/v1/pesquisas/indicadores/47001/resultados/4109401,2026-10-06T15:05:19.153397+00:00
4109401,Guarapuava,2013,R$ por habitante,23550.66,47001,capita-4109401,https://servicodados.ibge.gov.br/api/v1/pesquisas/indicadores/47001/resultados/4109401,2026-10-06T15:05:19.153397+00:00
4109401,Guarapuava,2014,R$ por habitante,25024.31,47001,capita-4109401,https://servicodados.ibge.gov.br/api/v1/pesquisas/indicadores/47001/resultados/4109401,2026-10-06T15:05:19.153397+00:00
4109401,Guarapuava,2015,R$ por habitante,26817.67,47001,capita-4109401,https://servicodados.ibge.gov.br/api/v1/pesquisas/indicadores/47001/resultados/4109401,2026-10-06T15:05:19.153397+00:00
4109401,Guarapuava,2016,R$ por habitante,29229.97,47001,capita-4109401,https://servicodados.ibge.gov.br/api/v1/pesquisas/indicadores/47001/resultados/4109401,2026-10-06T15:05:19.153397+00:00
4109401,Guarapuava,2017,R$ por habitante,31093.54,47001,capita-4109401,https://servicodados.ibge.gov.br/api/v1/pesquisas/indicadores/47001/resultados/4109401,2026-10-06T15:05:19.153397+00:00
4109401,Guarapuava,2018,R$ por habitante,33913.28,47001,capita-4109401,https://servicodados.ibge.gov.br/api/v1/pesquisas/indicadores/47001/resultados/4109401,2026-10-06T15:05:19.153397+00:00
4109401,Guarapuava,2019,R$ por habitante,33642.77,47001,capita-4109401,https://servicodados.ibge.gov.br/api/v1/pesquisas/indicadores/47001/resultados/4109401,2026-10-06T15:05:19.153397+00:00
4109401,Guarapuava,2020,R$ por habitante,41171.47,47001,capita-4109401,https://servicodados.ibge.gov.br/api/v1/pesquisas/indicadores/47001/resultados/4109401,2026-10-06T15:05:19.153397+00:00
4109401,Guarapuava,2021,R$ por habitante,45217.95,47001,capita-4109401,https://servicodados.ibge.gov.br/api/v1/pesquisas/indicadores/47001/resultados/4109401,2026-10-06T15:05:19.153397+00:00
4109401,Guarapuava,2022,R$ por habitante,51505.47,47001,capita-4109401,https://servicodados.ibge.gov.br/api/v1/pesquisas/indicadores/47001/resultados/4109401,2026-10-06T15:05:19.153397+00:00
4109401,Guarapuava,2023,R$ por habitante,54170.74,47001,capita-4109401,https://servicodados.ibge.gov.br/api/v1/pesquisas/indicadores/47001/resultados/4109401,2026-10-06T15:05:19.153397+00:00
4119608,Pitanga,2010,R$ por habitante,10773.61,47001,capita-4119608,https://servicodados.ibge.gov.br/api/v1/pesquisas/indicadores/47001/resultados/4119608,2026-10-06T15:05:19.153397+00:00
4119608,Pitanga,2011,R$ por habitante,13002.88,47001,capita-4119608,https://servicodados.ibge.gov.br/api/v1/pesquisas/indicadores/47001/resultados/4119608,2026-10-06T15:05:19.153397+00:00
4119608,Pitanga,2012,R$ por habitante,15593.85,47001,capita-4119608,https://servicodados.ibge.gov.br/api/v1/pesquisas/indicadores/47001/resultados/4119608,2026-10-06T15:05:19.153397+00:00
4119608,Pitanga,2013,R$ por habitante,18831.7,47001,capita-4119608,https://servicodados.ibge.gov.br/api/v1/pesquisas/indicadores/47001/resultados/4119608,2026-10-06T15:05:19.153397+00:00
4119608,Pitanga,2014,R$ por habitante,21252.29,47001,capita-4119608,https://servicodados.ibge.gov.br/api/v1/pesquisas/indicadores/47001/resultados/4119608,2026-10-06T15:05:19.153397+00:00
4119608,Pitanga,2015,R$ por habitante,21622.79,47001,capita-4119608,https://servicodados.ibge.gov.br/api/v1/pesquisas/indicadores/47001/resultados/4119608,2026-10-06T15:05:19.153397+00:00
4119608,Pitanga,2016,R$ por habitante,25363.47,47001,capita-4119608,https://servicodados.ibge.gov.br/api/v1/pesquisas/indicadores/47001/resultados/4119608,2026-10-06T15:05:19.153397+00:00
4119608,Pitanga,2017,R$ por habitante,25474.26,47001,capita-4119608,https://servicodados.ibge.gov.br/api/v1/pesquisas/indicadores/47001/resultados/4119608,2026-10-06T15:05:19.153397+00:00
4119608,Pitanga,2018,R$ por habitante,29162.63,47001,capita-4119608,https://servicodados.ibge.gov.br/api/v1/pesquisas/indicadores/47001/resultados/4119608,2026-10-06T15:05:19.153397+00:00
4119608,Pitanga,2019,R$ por habitante,28563.73,47001,capita-4119608,https://servicodados.ibge.gov.br/api/v1/pesquisas/indicadores/47001/resultados/4119608,2026-10-06T15:05:19.153397+00:00
4119608,Pitanga,2020,R$ por habitante,36477.73,47001,capita-4119608,https://servicodados.ibge.gov.br/api/v1/pesquisas/indicadores/47001/resultados/4119608,2026-10-06T15:05:19.153397+00:00
4119608,Pitanga,2021,R$ por habitante,38428.55,47001,capita-4119608,https://servicodados.ibge.gov.br/api/v1/pesquisas/indicadores/47001/resultados/4119608,2026-10-06T15:05:19.153397+00:00
4119608,Pitanga,2022,R$ por habitante,40857.93,47001,capita-4119608,https://servicodados.ibge.gov.br/api/v1/pesquisas/indicadores/47001/resultados/4119608,2026-10-06T15:05:19.153397+00:00
4119608,Pitanga,2023,R$ por habitante,43017.52,47001,capita-4119608,https://servicodados.ibge.gov.br/api/v1/pesquisas/indicadores/47001/resultados/4119608,2026-10-06T15:05:19.153397+00:00
4113254,Laranjal,2010,R$ por habitante,6303.97,47001,capita-4113254,https://servicodados.ibge.gov.br/api/v1/pesquisas/indicadores/47001/resultados/4113254,2026-10-06T15:05:19.153397+00:00
4113254,Laranjal,2011,R$ por habitante,7741.52,47001,capita-4113254,https://servicodados.ibge.gov.br/api/v1/pesquisas/indicadores/47001/resultados/4113254,2026-10-06T15:05:19.153397+00:00
4113254,Laranjal,2012,R$ por habitante,8722.22,47001,capita-4113254,https://servicodados.ibge.gov.br/api/v1/pesquisas/indicadores/47001/resultados/4113254,2026-10-06T15:05:19.153397+00:00
4113254,Laranjal,2013,R$ por habitante,9745.42,47001,capita-4113254,https://servicodados.ibge.gov.br/api/v1/pesquisas/indicadores/47001/resultados/4113254,2026-10-06T15:05:19.153397+00:00
4113254,Laranjal,2014,R$ por habitante,10788.52,47001,capita-4113254,https://servicodados.ibge.gov.br/api/v1/pesquisas/indicadores/47001/resultados/4113254,2026-10-06T15:05:19.153397+00:00
4113254,Laranjal,2015,R$ por habitante,12154.28,47001,capita-4113254,https://servicodados.ibge.gov.br/api/v1/pesquisas/indicadores/47001/resultados/4113254,2026-10-06T15:05:19.153397+00:00
4113254,Laranjal,2016,R$ por habitante,13234.33,47001,capita-4113254,https://servicodados.ibge.gov.br/api/v1/pesquisas/indicadores/47001/resultados/4113254,2026-10-06T15:05:19.153397+00:00
4113254,Laranjal,2017,R$ por habitante,13540.0,47001,capita-4113254,https://servicodados.ibge.gov.br/api/v1/pesquisas/indicadores/47001/resultados/4113254,2026-10-06T15:05:19.153397+00:00
4113254,Laranjal,2018,R$ por habitante,13927.53,47001,capita-4113254,https://servicodados.ibge.gov.br/api/v1/pesquisas/indicadores/47001/resultados/4113254,2026-10-06T15:05:19.153397+00:00
4113254,Laranjal,2019,R$ por habitante,14434.77,47001,capita-4113254,https://servicodados.ibge.gov.br/api/v1/pesquisas/indicadores/47001/resultados/4113254,2026-10-06T15:05:19.153397+00:00
4113254,Laranjal,2020,R$ por habitante,17449.17,47001,capita-4113254,https://servicodados.ibge.gov.br/api/v1/pesquisas/indicadores/47001/resultados/4113254,2026-10-06T15:05:19.153397+00:00
4113254,Laranjal,2021,R$ por habitante,19761.51,47001,capita-4113254,https://servicodados.ibge.gov.br/api/v1/pesquisas/indicadores/47001/resultados/4113254,2026-10-06T15:05:19.153397+00:00
4113254,Laranjal,2022,R$ por habitante,19837.37,47001,capita-4113254,https://servicodados.ibge.gov.br/api/v1/pesquisas/indicadores/47001/resultados/4113254,2026-10-06T15:05:19.153397+00:00
4113254,Laranjal,2023,R$ por habitante,22407.71,47001,capita-4113254,https://servicodados.ibge.gov.br/api/v1/pesquisas/indicadores/47001/resultados/4113254,2026-10-06T15:05:19.153397+00:00
