municipalityCode,municipality,period,unit,value,variableId,sourceId,sourceUrl,collectedAt,from,nominalChange,annual
4127965,Turvo,2002,R$,66579000.0,37,accounts-4127965,https://servicodados.ibge.gov.br/api/v3/agregados/5938/periodos/2002%7C2003%7C2004%7C2005%7C2006%7C2007%7C2008%7C2009%7C2010%7C2011%7C2012%7C2013%7C2014%7C2015%7C2016%7C2017%7C2018%7C2019%7C2020%7C2021%7C2022%7C2023/variaveis/37%7C543%7C498%7C513%7C516%7C517%7C520%7C6575%7C6574%7C525%7C528?localidades=N6%5B4127965%5D,2026-10-06T15:05:19.153397+00:00,,,False
4127965,Turvo,2003,R$,101538000.0,37,accounts-4127965,https://servicodados.ibge.gov.br/api/v3/agregados/5938/periodos/2002%7C2003%7C2004%7C2005%7C2006%7C2007%7C2008%7C2009%7C2010%7C2011%7C2012%7C2013%7C2014%7C2015%7C2016%7C2017%7C2018%7C2019%7C2020%7C2021%7C2022%7C2023/variaveis/37%7C543%7C498%7C513%7C516%7C517%7C520%7C6575%7C6574%7C525%7C528?localidades=N6%5B4127965%5D,2026-10-06T15:05:19.153397+00:00,2002,52.5075474248637,True
4127965,Turvo,2004,R$,117658000.0,37,accounts-4127965,https://servicodados.ibge.gov.br/api/v3/agregados/5938/periodos/2002%7C2003%7C2004%7C2005%7C2006%7C2007%7C2008%7C2009%7C2010%7C2011%7C2012%7C2013%7C2014%7C2015%7C2016%7C2017%7C2018%7C2019%7C2020%7C2021%7C2022%7C2023/variaveis/37%7C543%7C498%7C513%7C516%7C517%7C520%7C6575%7C6574%7C525%7C528?localidades=N6%5B4127965%5D,2026-10-06T15:05:19.153397+00:00,2003,15.875829738620029,True
4127965,Turvo,2005,R$,130290000.0,37,accounts-4127965,https://servicodados.ibge.gov.br/api/v3/agregados/5938/periodos/2002%7C2003%7C2004%7C2005%7C2006%7C2007%7C2008%7C2009%7C2010%7C2011%7C2012%7C2013%7C2014%7C2015%7C2016%7C2017%7C2018%7C2019%7C2020%7C2021%7C2022%7C2023/variaveis/37%7C543%7C498%7C513%7C516%7C517%7C520%7C6575%7C6574%7C525%7C528?localidades=N6%5B4127965%5D,2026-10-06T15:05:19.153397+00:00,2004,10.736201533257406,True
4127965,Turvo,2006,R$,134961000.0,37,accounts-4127965,https://servicodados.ibge.gov.br/api/v3/agregados/5938/periodos/2002%7C2003%7C2004%7C2005%7C2006%7C2007%7C2008%7C2009%7C2010%7C2011%7C2012%7C2013%7C2014%7C2015%7C2016%7C2017%7C2018%7C2019%7C2020%7C2021%7C2022%7C2023/variaveis/37%7C543%7C498%7C513%7C516%7C517%7C520%7C6575%7C6574%7C525%7C528?localidades=N6%5B4127965%5D,2026-10-06T15:05:19.153397+00:00,2005,3.585079438176386,True
4127965,Turvo,2007,R$,145369000.0,37,accounts-4127965,https://servicodados.ibge.gov.br/api/v3/agregados/5938/periodos/2002%7C2003%7C2004%7C2005%7C2006%7C2007%7C2008%7C2009%7C2010%7C2011%7C2012%7C2013%7C2014%7C2015%7C2016%7C2017%7C2018%7C2019%7C2020%7C2021%7C2022%7C2023/variaveis/37%7C543%7C498%7C513%7C516%7C517%7C520%7C6575%7C6574%7C525%7C528?localidades=N6%5B4127965%5D,2026-10-06T15:05:19.153397+00:00,2006,7.711857499573949,True
4127965,Turvo,2008,R$,143077000.0,37,accounts-4127965,https://servicodados.ibge.gov.br/api/v3/agregados/5938/periodos/2002%7C2003%7C2004%7C2005%7C2006%7C2007%7C2008%7C2009%7C2010%7C2011%7C2012%7C2013%7C2014%7C2015%7C2016%7C2017%7C2018%7C2019%7C2020%7C2021%7C2022%7C2023/variaveis/37%7C543%7C498%7C513%7C516%7C517%7C520%7C6575%7C6574%7C525%7C528?localidades=N6%5B4127965%5D,2026-10-06T15:05:19.153397+00:00,2007,-1.5766772833272547,True
4127965,Turvo,2009,R$,181190000.0,37,accounts-4127965,https://servicodados.ibge.gov.br/api/v3/agregados/5938/periodos/2002%7C2003%7C2004%7C2005%7C2006%7C2007%7C2008%7C2009%7C2010%7C2011%7C2012%7C2013%7C2014%7C2015%7C2016%7C2017%7C2018%7C2019%7C2020%7C2021%7C2022%7C2023/variaveis/37%7C543%7C498%7C513%7C516%7C517%7C520%7C6575%7C6574%7C525%7C528?localidades=N6%5B4127965%5D,2026-10-06T15:05:19.153397+00:00,2008,26.638103958008628,True
4127965,Turvo,2010,R$,201962000.0,37,accounts-4127965,https://servicodados.ibge.gov.br/api/v3/agregados/5938/periodos/2002%7C2003%7C2004%7C2005%7C2006%7C2007%7C2008%7C2009%7C2010%7C2011%7C2012%7C2013%7C2014%7C2015%7C2016%7C2017%7C2018%7C2019%7C2020%7C2021%7C2022%7C2023/variaveis/37%7C543%7C498%7C513%7C516%7C517%7C520%7C6575%7C6574%7C525%7C528?localidades=N6%5B4127965%5D,2026-10-06T15:05:19.153397+00:00,2009,11.464208841547553,True
4127965,Turvo,2011,R$,222207000.0,37,accounts-4127965,https://servicodados.ibge.gov.br/api/v3/agregados/5938/periodos/2002%7C2003%7C2004%7C2005%7C2006%7C2007%7C2008%7C2009%7C2010%7C2011%7C2012%7C2013%7C2014%7C2015%7C2016%7C2017%7C2018%7C2019%7C2020%7C2021%7C2022%7C2023/variaveis/37%7C543%7C498%7C513%7C516%7C517%7C520%7C6575%7C6574%7C525%7C528?localidades=N6%5B4127965%5D,2026-10-06T15:05:19.153397+00:00,2010,10.024162961349159,True
4127965,Turvo,2012,R$,238501000.0,37,accounts-4127965,https://servicodados.ibge.gov.br/api/v3/agregados/5938/periodos/2002%7C2003%7C2004%7C2005%7C2006%7C2007%7C2008%7C2009%7C2010%7C2011%7C2012%7C2013%7C2014%7C2015%7C2016%7C2017%7C2018%7C2019%7C2020%7C2021%7C2022%7C2023/variaveis/37%7C543%7C498%7C513%7C516%7C517%7C520%7C6575%7C6574%7C525%7C528?localidades=N6%5B4127965%5D,2026-10-06T15:05:19.153397+00:00,2011,7.332802296957341,True
4127965,Turvo,2013,R$,279986000.0,37,accounts-4127965,https://servicodados.ibge.gov.br/api/v3/agregados/5938/periodos/2002%7C2003%7C2004%7C2005%7C2006%7C2007%7C2008%7C2009%7C2010%7C2011%7C2012%7C2013%7C2014%7C2015%7C2016%7C2017%7C2018%7C2019%7C2020%7C2021%7C2022%7C2023/variaveis/37%7C543%7C498%7C513%7C516%7C517%7C520%7C6575%7C6574%7C525%7C528?localidades=N6%5B4127965%5D,2026-10-06T15:05:19.153397+00:00,2012,17.394057047978826,True
4127965,Turvo,2014,R$,306117000.0,37,accounts-4127965,https://servicodados.ibge.gov.br/api/v3/agregados/5938/periodos/2002%7C2003%7C2004%7C2005%7C2006%7C2007%7C2008%7C2009%7C2010%7C2011%7C2012%7C2013%7C2014%7C2015%7C2016%7C2017%7C2018%7C2019%7C2020%7C2021%7C2022%7C2023/variaveis/37%7C543%7C498%7C513%7C516%7C517%7C520%7C6575%7C6574%7C525%7C528?localidades=N6%5B4127965%5D,2026-10-06T15:05:19.153397+00:00,2013,9.332966648332409,True
4127965,Turvo,2015,R$,320414000.0,37,accounts-4127965,https://servicodados.ibge.gov.br/api/v3/agregados/5938/periodos/2002%7C2003%7C2004%7C2005%7C2006%7C2007%7C2008%7C2009%7C2010%7C2011%7C2012%7C2013%7C2014%7C2015%7C2016%7C2017%7C2018%7C2019%7C2020%7C2021%7C2022%7C2023/variaveis/37%7C543%7C498%7C513%7C516%7C517%7C520%7C6575%7C6574%7C525%7C528?localidades=N6%5B4127965%5D,2026-10-06T15:05:19.153397+00:00,2014,4.670436467102457,True
4127965,Turvo,2016,R$,379343000.0,37,accounts-4127965,https://servicodados.ibge.gov.br/api/v3/agregados/5938/periodos/2002%7C2003%7C2004%7C2005%7C2006%7C2007%7C2008%7C2009%7C2010%7C2011%7C2012%7C2013%7C2014%7C2015%7C2016%7C2017%7C2018%7C2019%7C2020%7C2021%7C2022%7C2023/variaveis/37%7C543%7C498%7C513%7C516%7C517%7C520%7C6575%7C6574%7C525%7C528?localidades=N6%5B4127965%5D,2026-10-06T15:05:19.153397+00:00,2015,18.391518472975598,True
4127965,Turvo,2017,R$,426643000.0,37,accounts-4127965,https://servicodados.ibge.gov.br/api/v3/agregados/5938/periodos/2002%7C2003%7C2004%7C2005%7C2006%7C2007%7C2008%7C2009%7C2010%7C2011%7C2012%7C2013%7C2014%7C2015%7C2016%7C2017%7C2018%7C2019%7C2020%7C2021%7C2022%7C2023/variaveis/37%7C543%7C498%7C513%7C516%7C517%7C520%7C6575%7C6574%7C525%7C528?localidades=N6%5B4127965%5D,2026-10-06T15:05:19.153397+00:00,2016,12.468926538778891,True
4127965,Turvo,2018,R$,442356000.0,37,accounts-4127965,https://servicodados.ibge.gov.br/api/v3/agregados/5938/periodos/2002%7C2003%7C2004%7C2005%7C2006%7C2007%7C2008%7C2009%7C2010%7C2011%7C2012%7C2013%7C2014%7C2015%7C2016%7C2017%7C2018%7C2019%7C2020%7C2021%7C2022%7C2023/variaveis/37%7C543%7C498%7C513%7C516%7C517%7C520%7C6575%7C6574%7C525%7C528?localidades=N6%5B4127965%5D,2026-10-06T15:05:19.153397+00:00,2017,3.682938663003954,True
4127965,Turvo,2019,R$,431309000.0,37,accounts-4127965,https://servicodados.ibge.gov.br/api/v3/agregados/5938/periodos/2002%7C2003%7C2004%7C2005%7C2006%7C2007%7C2008%7C2009%7C2010%7C2011%7C2012%7C2013%7C2014%7C2015%7C2016%7C2017%7C2018%7C2019%7C2020%7C2021%7C2022%7C2023/variaveis/37%7C543%7C498%7C513%7C516%7C517%7C520%7C6575%7C6574%7C525%7C528?localidades=N6%5B4127965%5D,2026-10-06T15:05:19.153397+00:00,2018,-2.4973098590275744,True
4127965,Turvo,2020,R$,543556000.0,37,accounts-4127965,https://servicodados.ibge.gov.br/api/v3/agregados/5938/periodos/2002%7C2003%7C2004%7C2005%7C2006%7C2007%7C2008%7C2009%7C2010%7C2011%7C2012%7C2013%7C2014%7C2015%7C2016%7C2017%7C2018%7C2019%7C2020%7C2021%7C2022%7C2023/variaveis/37%7C543%7C498%7C513%7C516%7C517%7C520%7C6575%7C6574%7C525%7C528?localidades=N6%5B4127965%5D,2026-10-06T15:05:19.153397+00:00,2019,26.0247293703586,True
4127965,Turvo,2021,R$,601622000.0,37,accounts-4127965,https://servicodados.ibge.gov.br/api/v3/agregados/5938/periodos/2002%7C2003%7C2004%7C2005%7C2006%7C2007%7C2008%7C2009%7C2010%7C2011%7C2012%7C2013%7C2014%7C2015%7C2016%7C2017%7C2018%7C2019%7C2020%7C2021%7C2022%7C2023/variaveis/37%7C543%7C498%7C513%7C516%7C517%7C520%7C6575%7C6574%7C525%7C528?localidades=N6%5B4127965%5D,2026-10-06T15:05:19.153397+00:00,2020,10.682615958613283,True
4127965,Turvo,2022,R$,633524000.0,37,accounts-4127965,https://servicodados.ibge.gov.br/api/v3/agregados/5938/periodos/2002%7C2003%7C2004%7C2005%7C2006%7C2007%7C2008%7C2009%7C2010%7C2011%7C2012%7C2013%7C2014%7C2015%7C2016%7C2017%7C2018%7C2019%7C2020%7C2021%7C2022%7C2023/variaveis/37%7C543%7C498%7C513%7C516%7C517%7C520%7C6575%7C6574%7C525%7C528?localidades=N6%5B4127965%5D,2026-10-06T15:05:19.153397+00:00,2021,5.302665128602335,True
4127965,Turvo,2023,R$,697870000.0,37,accounts-4127965,https://servicodados.ibge.gov.br/api/v3/agregados/5938/periodos/2002%7C2003%7C2004%7C2005%7C2006%7C2007%7C2008%7C2009%7C2010%7C2011%7C2012%7C2013%7C2014%7C2015%7C2016%7C2017%7C2018%7C2019%7C2020%7C2021%7C2022%7C2023/variaveis/37%7C543%7C498%7C513%7C516%7C517%7C520%7C6575%7C6574%7C525%7C528?localidades=N6%5B4127965%5D,2026-10-06T15:05:19.153397+00:00,2022,10.156836994336448,True
4109401,Guarapuava,2002,R$,1043406000.0,37,accounts-4109401,https://servicodados.ibge.gov.br/api/v3/agregados/5938/periodos/2002%7C2003%7C2004%7C2005%7C2006%7C2007%7C2008%7C2009%7C2010%7C2011%7C2012%7C2013%7C2014%7C2015%7C2016%7C2017%7C2018%7C2019%7C2020%7C2021%7C2022%7C2023/variaveis/37%7C543%7C498%7C513%7C516%7C517%7C520%7C6575%7C6574%7C525%7C528?localidades=N6%5B4109401%5D,2026-10-06T15:05:19.153397+00:00,,,False
4109401,Guarapuava,2003,R$,1414696000.0,37,accounts-4109401,https://servicodados.ibge.gov.br/api/v3/agregados/5938/periodos/2002%7C2003%7C2004%7C2005%7C2006%7C2007%7C2008%7C2009%7C2010%7C2011%7C2012%7C2013%7C2014%7C2015%7C2016%7C2017%7C2018%7C2019%7C2020%7C2021%7C2022%7C2023/variaveis/37%7C543%7C498%7C513%7C516%7C517%7C520%7C6575%7C6574%7C525%7C528?localidades=N6%5B4109401%5D,2026-10-06T15:05:19.153397+00:00,2002,35.58442255459524,True
4109401,Guarapuava,2004,R$,1613752000.0,37,accounts-4109401,https://servicodados.ibge.gov.br/api/v3/agregados/5938/periodos/2002%7C2003%7C2004%7C2005%7C2006%7C2007%7C2008%7C2009%7C2010%7C2011%7C2012%7C2013%7C2014%7C2015%7C2016%7C2017%7C2018%7C2019%7C2020%7C2021%7C2022%7C2023/variaveis/37%7C543%7C498%7C513%7C516%7C517%7C520%7C6575%7C6574%7C525%7C528?localidades=N6%5B4109401%5D,2026-10-06T15:05:19.153397+00:00,2003,14.070584775810492,True
4109401,Guarapuava,2005,R$,1618878000.0,37,accounts-4109401,https://servicodados.ibge.gov.br/api/v3/agregados/5938/periodos/2002%7C2003%7C2004%7C2005%7C2006%7C2007%7C2008%7C2009%7C2010%7C2011%7C2012%7C2013%7C2014%7C2015%7C2016%7C2017%7C2018%7C2019%7C2020%7C2021%7C2022%7C2023/variaveis/37%7C543%7C498%7C513%7C516%7C517%7C520%7C6575%7C6574%7C525%7C528?localidades=N6%5B4109401%5D,2026-10-06T15:05:19.153397+00:00,2004,0.3176448425780354,True
4109401,Guarapuava,2006,R$,1689411000.0,37,accounts-4109401,https://servicodados.ibge.gov.br/api/v3/agregados/5938/periodos/2002%7C2003%7C2004%7C2005%7C2006%7C2007%7C2008%7C2009%7C2010%7C2011%7C2012%7C2013%7C2014%7C2015%7C2016%7C2017%7C2018%7C2019%7C2020%7C2021%7C2022%7C2023/variaveis/37%7C543%7C498%7C513%7C516%7C517%7C520%7C6575%7C6574%7C525%7C528?localidades=N6%5B4109401%5D,2026-10-06T15:05:19.153397+00:00,2005,4.356906450022802,True
4109401,Guarapuava,2007,R$,2038658000.0,37,accounts-4109401,https://servicodados.ibge.gov.br/api/v3/agregados/5938/periodos/2002%7C2003%7C2004%7C2005%7C2006%7C2007%7C2008%7C2009%7C2010%7C2011%7C2012%7C2013%7C2014%7C2015%7C2016%7C2017%7C2018%7C2019%7C2020%7C2021%7C2022%7C2023/variaveis/37%7C543%7C498%7C513%7C516%7C517%7C520%7C6575%7C6574%7C525%7C528?localidades=N6%5B4109401%5D,2026-10-06T15:05:19.153397+00:00,2006,20.672707825390034,True
4109401,Guarapuava,2008,R$,2130899000.0,37,accounts-4109401,https://servicodados.ibge.gov.br/api/v3/agregados/5938/periodos/2002%7C2003%7C2004%7C2005%7C2006%7C2007%7C2008%7C2009%7C2010%7C2011%7C2012%7C2013%7C2014%7C2015%7C2016%7C2017%7C2018%7C2019%7C2020%7C2021%7C2022%7C2023/variaveis/37%7C543%7C498%7C513%7C516%7C517%7C520%7C6575%7C6574%7C525%7C528?localidades=N6%5B4109401%5D,2026-10-06T15:05:19.153397+00:00,2007,4.524594120249703,True
4109401,Guarapuava,2009,R$,2243906000.0,37,accounts-4109401,https://servicodados.ibge.gov.br/api/v3/agregados/5938/periodos/2002%7C2003%7C2004%7C2005%7C2006%7C2007%7C2008%7C2009%7C2010%7C2011%7C2012%7C2013%7C2014%7C2015%7C2016%7C2017%7C2018%7C2019%7C2020%7C2021%7C2022%7C2023/variaveis/37%7C543%7C498%7C513%7C516%7C517%7C520%7C6575%7C6574%7C525%7C528?localidades=N6%5B4109401%5D,2026-10-06T15:05:19.153397+00:00,2008,5.303254635719479,True
4109401,Guarapuava,2010,R$,2507593000.0,37,accounts-4109401,https://servicodados.ibge.gov.br/api/v3/agregados/5938/periodos/2002%7C2003%7C2004%7C2005%7C2006%7C2007%7C2008%7C2009%7C2010%7C2011%7C2012%7C2013%7C2014%7C2015%7C2016%7C2017%7C2018%7C2019%7C2020%7C2021%7C2022%7C2023/variaveis/37%7C543%7C498%7C513%7C516%7C517%7C520%7C6575%7C6574%7C525%7C528?localidades=N6%5B4109401%5D,2026-10-06T15:05:19.153397+00:00,2009,11.751249829538324,True
4109401,Guarapuava,2011,R$,2913277000.0,37,accounts-4109401,https://servicodados.ibge.gov.br/api/v3/agregados/5938/periodos/2002%7C2003%7C2004%7C2005%7C2006%7C2007%7C2008%7C2009%7C2010%7C2011%7C2012%7C2013%7C2014%7C2015%7C2016%7C2017%7C2018%7C2019%7C2020%7C2021%7C2022%7C2023/variaveis/37%7C543%7C498%7C513%7C516%7C517%7C520%7C6575%7C6574%7C525%7C528?localidades=N6%5B4109401%5D,2026-10-06T15:05:19.153397+00:00,2010,16.178223499587062,True
4109401,Guarapuava,2012,R$,3439875000.0,37,accounts-4109401,https://servicodados.ibge.gov.br/api/v3/agregados/5938/periodos/2002%7C2003%7C2004%7C2005%7C2006%7C2007%7C2008%7C2009%7C2010%7C2011%7C2012%7C2013%7C2014%7C2015%7C2016%7C2017%7C2018%7C2019%7C2020%7C2021%7C2022%7C2023/variaveis/37%7C543%7C498%7C513%7C516%7C517%7C520%7C6575%7C6574%7C525%7C528?localidades=N6%5B4109401%5D,2026-10-06T15:05:19.153397+00:00,2011,18.075795744791854,True
4109401,Guarapuava,2013,R$,4139712000.0,37,accounts-4109401,https://servicodados.ibge.gov.br/api/v3/agregados/5938/periodos/2002%7C2003%7C2004%7C2005%7C2006%7C2007%7C2008%7C2009%7C2010%7C2011%7C2012%7C2013%7C2014%7C2015%7C2016%7C2017%7C2018%7C2019%7C2020%7C2021%7C2022%7C2023/variaveis/37%7C543%7C498%7C513%7C516%7C517%7C520%7C6575%7C6574%7C525%7C528?localidades=N6%5B4109401%5D,2026-10-06T15:05:19.153397+00:00,2012,20.344838111849995,True
4109401,Guarapuava,2014,R$,4428627000.0,37,accounts-4109401,https://servicodados.ibge.gov.br/api/v3/agregados/5938/periodos/2002%7C2003%7C2004%7C2005%7C2006%7C2007%7C2008%7C2009%7C2010%7C2011%7C2012%7C2013%7C2014%7C2015%7C2016%7C2017%7C2018%7C2019%7C2020%7C2021%7C2022%7C2023/variaveis/37%7C543%7C498%7C513%7C516%7C517%7C520%7C6575%7C6574%7C525%7C528?localidades=N6%5B4109401%5D,2026-10-06T15:05:19.153397+00:00,2013,6.979108691619129,True
4109401,Guarapuava,2015,R$,4776925000.0,37,accounts-4109401,https://servicodados.ibge.gov.br/api/v3/agregados/5938/periodos/2002%7C2003%7C2004%7C2005%7C2006%7C2007%7C2008%7C2009%7C2010%7C2011%7C2012%7C2013%7C2014%7C2015%7C2016%7C2017%7C2018%7C2019%7C2020%7C2021%7C2022%7C2023/variaveis/37%7C543%7C498%7C513%7C516%7C517%7C520%7C6575%7C6574%7C525%7C528?localidades=N6%5B4109401%5D,2026-10-06T15:05:19.153397+00:00,2014,7.8646948591516,True
4109401,Guarapuava,2016,R$,5239647000.0,37,accounts-4109401,https://servicodados.ibge.gov.br/api/v3/agregados/5938/periodos/2002%7C2003%7C2004%7C2005%7C2006%7C2007%7C2008%7C2009%7C2010%7C2011%7C2012%7C2013%7C2014%7C2015%7C2016%7C2017%7C2018%7C2019%7C2020%7C2021%7C2022%7C2023/variaveis/37%7C543%7C498%7C513%7C516%7C517%7C520%7C6575%7C6574%7C525%7C528?localidades=N6%5B4109401%5D,2026-10-06T15:05:19.153397+00:00,2015,9.686608016663435,True
4109401,Guarapuava,2017,R$,5608156000.0,37,accounts-4109401,https://servicodados.ibge.gov.br/api/v3/agregados/5938/periodos/2002%7C2003%7C2004%7C2005%7C2006%7C2007%7C2008%7C2009%7C2010%7C2011%7C2012%7C2013%7C2014%7C2015%7C2016%7C2017%7C2018%7C2019%7C2020%7C2021%7C2022%7C2023/variaveis/37%7C543%7C498%7C513%7C516%7C517%7C520%7C6575%7C6574%7C525%7C528?localidades=N6%5B4109401%5D,2026-10-06T15:05:19.153397+00:00,2016,7.033088297742185,True
4109401,Guarapuava,2018,R$,6115717000.0,37,accounts-4109401,https://servicodados.ibge.gov.br/api/v3/agregados/5938/periodos/2002%7C2003%7C2004%7C2005%7C2006%7C2007%7C2008%7C2009%7C2010%7C2011%7C2012%7C2013%7C2014%7C2015%7C2016%7C2017%7C2018%7C2019%7C2020%7C2021%7C2022%7C2023/variaveis/37%7C543%7C498%7C513%7C516%7C517%7C520%7C6575%7C6574%7C525%7C528?localidades=N6%5B4109401%5D,2026-10-06T15:05:19.153397+00:00,2017,9.050408012901201,True
4109401,Guarapuava,2019,R$,6106298000.0,37,accounts-4109401,https://servicodados.ibge.gov.br/api/v3/agregados/5938/periodos/2002%7C2003%7C2004%7C2005%7C2006%7C2007%7C2008%7C2009%7C2010%7C2011%7C2012%7C2013%7C2014%7C2015%7C2016%7C2017%7C2018%7C2019%7C2020%7C2021%7C2022%7C2023/variaveis/37%7C543%7C498%7C513%7C516%7C517%7C520%7C6575%7C6574%7C525%7C528?localidades=N6%5B4109401%5D,2026-10-06T15:05:19.153397+00:00,2018,-0.1540130127015371,True
4109401,Guarapuava,2020,R$,7519722000.0,37,accounts-4109401,https://servicodados.ibge.gov.br/api/v3/agregados/5938/periodos/2002%7C2003%7C2004%7C2005%7C2006%7C2007%7C2008%7C2009%7C2010%7C2011%7C2012%7C2013%7C2014%7C2015%7C2016%7C2017%7C2018%7C2019%7C2020%7C2021%7C2022%7C2023/variaveis/37%7C543%7C498%7C513%7C516%7C517%7C520%7C6575%7C6574%7C525%7C528?localidades=N6%5B4109401%5D,2026-10-06T15:05:19.153397+00:00,2019,23.146986930542866,True
4109401,Guarapuava,2021,R$,8309024000.0,37,accounts-4109401,https://servicodados.ibge.gov.br/api/v3/agregados/5938/periodos/2002%7C2003%7C2004%7C2005%7C2006%7C2007%7C2008%7C2009%7C2010%7C2011%7C2012%7C2013%7C2014%7C2015%7C2016%7C2017%7C2018%7C2019%7C2020%7C2021%7C2022%7C2023/variaveis/37%7C543%7C498%7C513%7C516%7C517%7C520%7C6575%7C6574%7C525%7C528?localidades=N6%5B4109401%5D,2026-10-06T15:05:19.153397+00:00,2020,10.496425266785137,True
4109401,Guarapuava,2022,R$,9378785000.0,37,accounts-4109401,https://servicodados.ibge.gov.br/api/v3/agregados/5938/periodos/2002%7C2003%7C2004%7C2005%7C2006%7C2007%7C2008%7C2009%7C2010%7C2011%7C2012%7C2013%7C2014%7C2015%7C2016%7C2017%7C2018%7C2019%7C2020%7C2021%7C2022%7C2023/variaveis/37%7C543%7C498%7C513%7C516%7C517%7C520%7C6575%7C6574%7C525%7C528?localidades=N6%5B4109401%5D,2026-10-06T15:05:19.153397+00:00,2021,12.874689012813057,True
4109401,Guarapuava,2023,R$,9864113000.0,37,accounts-4109401,https://servicodados.ibge.gov.br/api/v3/agregados/5938/periodos/2002%7C2003%7C2004%7C2005%7C2006%7C2007%7C2008%7C2009%7C2010%7C2011%7C2012%7C2013%7C2014%7C2015%7C2016%7C2017%7C2018%7C2019%7C2020%7C2021%7C2022%7C2023/variaveis/37%7C543%7C498%7C513%7C516%7C517%7C520%7C6575%7C6574%7C525%7C528?localidades=N6%5B4109401%5D,2026-10-06T15:05:19.153397+00:00,2022,5.174742783846731,True
4119608,Pitanga,2002,R$,177270000.0,37,accounts-4119608,https://servicodados.ibge.gov.br/api/v3/agregados/5938/periodos/2002%7C2003%7C2004%7C2005%7C2006%7C2007%7C2008%7C2009%7C2010%7C2011%7C2012%7C2013%7C2014%7C2015%7C2016%7C2017%7C2018%7C2019%7C2020%7C2021%7C2022%7C2023/variaveis/37%7C543%7C498%7C513%7C516%7C517%7C520%7C6575%7C6574%7C525%7C528?localidades=N6%5B4119608%5D,2026-10-06T15:05:19.153397+00:00,,,False
4119608,Pitanga,2003,R$,235074000.0,37,accounts-4119608,https://servicodados.ibge.gov.br/api/v3/agregados/5938/periodos/2002%7C2003%7C2004%7C2005%7C2006%7C2007%7C2008%7C2009%7C2010%7C2011%7C2012%7C2013%7C2014%7C2015%7C2016%7C2017%7C2018%7C2019%7C2020%7C2021%7C2022%7C2023/variaveis/37%7C543%7C498%7C513%7C516%7C517%7C520%7C6575%7C6574%7C525%7C528?localidades=N6%5B4119608%5D,2026-10-06T15:05:19.153397+00:00,2002,32.607886275173456,True
4119608,Pitanga,2004,R$,232807000.0,37,accounts-4119608,https://servicodados.ibge.gov.br/api/v3/agregados/5938/periodos/2002%7C2003%7C2004%7C2005%7C2006%7C2007%7C2008%7C2009%7C2010%7C2011%7C2012%7C2013%7C2014%7C2015%7C2016%7C2017%7C2018%7C2019%7C2020%7C2021%7C2022%7C2023/variaveis/37%7C543%7C498%7C513%7C516%7C517%7C520%7C6575%7C6574%7C525%7C528?localidades=N6%5B4119608%5D,2026-10-06T15:05:19.153397+00:00,2003,-0.9643771748470642,True
4119608,Pitanga,2005,R$,222878000.0,37,accounts-4119608,https://servicodados.ibge.gov.br/api/v3/agregados/5938/periodos/2002%7C2003%7C2004%7C2005%7C2006%7C2007%7C2008%7C2009%7C2010%7C2011%7C2012%7C2013%7C2014%7C2015%7C2016%7C2017%7C2018%7C2019%7C2020%7C2021%7C2022%7C2023/variaveis/37%7C543%7C498%7C513%7C516%7C517%7C520%7C6575%7C6574%7C525%7C528?localidades=N6%5B4119608%5D,2026-10-06T15:05:19.153397+00:00,2004,-4.264906123956758,True
4119608,Pitanga,2006,R$,251838000.0,37,accounts-4119608,https://servicodados.ibge.gov.br/api/v3/agregados/5938/periodos/2002%7C2003%7C2004%7C2005%7C2006%7C2007%7C2008%7C2009%7C2010%7C2011%7C2012%7C2013%7C2014%7C2015%7C2016%7C2017%7C2018%7C2019%7C2020%7C2021%7C2022%7C2023/variaveis/37%7C543%7C498%7C513%7C516%7C517%7C520%7C6575%7C6574%7C525%7C528?localidades=N6%5B4119608%5D,2026-10-06T15:05:19.153397+00:00,2005,12.993655721964492,True
4119608,Pitanga,2007,R$,277487000.0,37,accounts-4119608,https://servicodados.ibge.gov.br/api/v3/agregados/5938/periodos/2002%7C2003%7C2004%7C2005%7C2006%7C2007%7C2008%7C2009%7C2010%7C2011%7C2012%7C2013%7C2014%7C2015%7C2016%7C2017%7C2018%7C2019%7C2020%7C2021%7C2022%7C2023/variaveis/37%7C543%7C498%7C513%7C516%7C517%7C520%7C6575%7C6574%7C525%7C528?localidades=N6%5B4119608%5D,2026-10-06T15:05:19.153397+00:00,2006,10.184721924411733,True
4119608,Pitanga,2008,R$,345181000.0,37,accounts-4119608,https://servicodados.ibge.gov.br/api/v3/agregados/5938/periodos/2002%7C2003%7C2004%7C2005%7C2006%7C2007%7C2008%7C2009%7C2010%7C2011%7C2012%7C2013%7C2014%7C2015%7C2016%7C2017%7C2018%7C2019%7C2020%7C2021%7C2022%7C2023/variaveis/37%7C543%7C498%7C513%7C516%7C517%7C520%7C6575%7C6574%7C525%7C528?localidades=N6%5B4119608%5D,2026-10-06T15:05:19.153397+00:00,2007,24.395377080728096,True
4119608,Pitanga,2009,R$,360374000.0,37,accounts-4119608,https://servicodados.ibge.gov.br/api/v3/agregados/5938/periodos/2002%7C2003%7C2004%7C2005%7C2006%7C2007%7C2008%7C2009%7C2010%7C2011%7C2012%7C2013%7C2014%7C2015%7C2016%7C2017%7C2018%7C2019%7C2020%7C2021%7C2022%7C2023/variaveis/37%7C543%7C498%7C513%7C516%7C517%7C520%7C6575%7C6574%7C525%7C528?localidades=N6%5B4119608%5D,2026-10-06T15:05:19.153397+00:00,2008,4.401458944727543,True
4119608,Pitanga,2010,R$,351704000.0,37,accounts-4119608,https://servicodados.ibge.gov.br/api/v3/agregados/5938/periodos/2002%7C2003%7C2004%7C2005%7C2006%7C2007%7C2008%7C2009%7C2010%7C2011%7C2012%7C2013%7C2014%7C2015%7C2016%7C2017%7C2018%7C2019%7C2020%7C2021%7C2022%7C2023/variaveis/37%7C543%7C498%7C513%7C516%7C517%7C520%7C6575%7C6574%7C525%7C528?localidades=N6%5B4119608%5D,2026-10-06T15:05:19.153397+00:00,2009,-2.405833939185398,True
4119608,Pitanga,2011,R$,421176000.0,37,accounts-4119608,https://servicodados.ibge.gov.br/api/v3/agregados/5938/periodos/2002%7C2003%7C2004%7C2005%7C2006%7C2007%7C2008%7C2009%7C2010%7C2011%7C2012%7C2013%7C2014%7C2015%7C2016%7C2017%7C2018%7C2019%7C2020%7C2021%7C2022%7C2023/variaveis/37%7C543%7C498%7C513%7C516%7C517%7C520%7C6575%7C6574%7C525%7C528?localidades=N6%5B4119608%5D,2026-10-06T15:05:19.153397+00:00,2010,19.75297409184997,True
4119608,Pitanga,2012,R$,501373000.0,37,accounts-4119608,https://servicodados.ibge.gov.br/api/v3/agregados/5938/periodos/2002%7C2003%7C2004%7C2005%7C2006%7C2007%7C2008%7C2009%7C2010%7C2011%7C2012%7C2013%7C2014%7C2015%7C2016%7C2017%7C2018%7C2019%7C2020%7C2021%7C2022%7C2023/variaveis/37%7C543%7C498%7C513%7C516%7C517%7C520%7C6575%7C6574%7C525%7C528?localidades=N6%5B4119608%5D,2026-10-06T15:05:19.153397+00:00,2011,19.0412084259312,True
4119608,Pitanga,2013,R$,618452000.0,37,accounts-4119608,https://servicodados.ibge.gov.br/api/v3/agregados/5938/periodos/2002%7C2003%7C2004%7C2005%7C2006%7C2007%7C2008%7C2009%7C2010%7C2011%7C2012%7C2013%7C2014%7C2015%7C2016%7C2017%7C2018%7C2019%7C2020%7C2021%7C2022%7C2023/variaveis/37%7C543%7C498%7C513%7C516%7C517%7C520%7C6575%7C6574%7C525%7C528?localidades=N6%5B4119608%5D,2026-10-06T15:05:19.153397+00:00,2012,23.351676296888748,True
4119608,Pitanga,2014,R$,693377000.0,37,accounts-4119608,https://servicodados.ibge.gov.br/api/v3/agregados/5938/periodos/2002%7C2003%7C2004%7C2005%7C2006%7C2007%7C2008%7C2009%7C2010%7C2011%7C2012%7C2013%7C2014%7C2015%7C2016%7C2017%7C2018%7C2019%7C2020%7C2021%7C2022%7C2023/variaveis/37%7C543%7C498%7C513%7C516%7C517%7C520%7C6575%7C6574%7C525%7C528?localidades=N6%5B4119608%5D,2026-10-06T15:05:19.153397+00:00,2013,12.11492565308221,True
4119608,Pitanga,2015,R$,700989000.0,37,accounts-4119608,https://servicodados.ibge.gov.br/api/v3/agregados/5938/periodos/2002%7C2003%7C2004%7C2005%7C2006%7C2007%7C2008%7C2009%7C2010%7C2011%7C2012%7C2013%7C2014%7C2015%7C2016%7C2017%7C2018%7C2019%7C2020%7C2021%7C2022%7C2023/variaveis/37%7C543%7C498%7C513%7C516%7C517%7C520%7C6575%7C6574%7C525%7C528?localidades=N6%5B4119608%5D,2026-10-06T15:05:19.153397+00:00,2014,1.0978154741215773,True
4119608,Pitanga,2016,R$,817084000.0,37,accounts-4119608,https://servicodados.ibge.gov.br/api/v3/agregados/5938/periodos/2002%7C2003%7C2004%7C2005%7C2006%7C2007%7C2008%7C2009%7C2010%7C2011%7C2012%7C2013%7C2014%7C2015%7C2016%7C2017%7C2018%7C2019%7C2020%7C2021%7C2022%7C2023/variaveis/37%7C543%7C498%7C513%7C516%7C517%7C520%7C6575%7C6574%7C525%7C528?localidades=N6%5B4119608%5D,2026-10-06T15:05:19.153397+00:00,2015,16.561600823978683,True
4119608,Pitanga,2017,R$,815559000.0,37,accounts-4119608,https://servicodados.ibge.gov.br/api/v3/agregados/5938/periodos/2002%7C2003%7C2004%7C2005%7C2006%7C2007%7C2008%7C2009%7C2010%7C2011%7C2012%7C2013%7C2014%7C2015%7C2016%7C2017%7C2018%7C2019%7C2020%7C2021%7C2022%7C2023/variaveis/37%7C543%7C498%7C513%7C516%7C517%7C520%7C6575%7C6574%7C525%7C528?localidades=N6%5B4119608%5D,2026-10-06T15:05:19.153397+00:00,2016,-0.1866393173774017,True
4119608,Pitanga,2018,R$,893397000.0,37,accounts-4119608,https://servicodados.ibge.gov.br/api/v3/agregados/5938/periodos/2002%7C2003%7C2004%7C2005%7C2006%7C2007%7C2008%7C2009%7C2010%7C2011%7C2012%7C2013%7C2014%7C2015%7C2016%7C2017%7C2018%7C2019%7C2020%7C2021%7C2022%7C2023/variaveis/37%7C543%7C498%7C513%7C516%7C517%7C520%7C6575%7C6574%7C525%7C528?localidades=N6%5B4119608%5D,2026-10-06T15:05:19.153397+00:00,2017,9.544128628339577,True
4119608,Pitanga,2019,R$,865767000.0,37,accounts-4119608,https://servicodados.ibge.gov.br/api/v3/agregados/5938/periodos/2002%7C2003%7C2004%7C2005%7C2006%7C2007%7C2008%7C2009%7C2010%7C2011%7C2012%7C2013%7C2014%7C2015%7C2016%7C2017%7C2018%7C2019%7C2020%7C2021%7C2022%7C2023/variaveis/37%7C543%7C498%7C513%7C516%7C517%7C520%7C6575%7C6574%7C525%7C528?localidades=N6%5B4119608%5D,2026-10-06T15:05:19.153397+00:00,2018,-3.0926900358966947,True
4119608,Pitanga,2020,R$,1094113000.0,37,accounts-4119608,https://servicodados.ibge.gov.br/api/v3/agregados/5938/periodos/2002%7C2003%7C2004%7C2005%7C2006%7C2007%7C2008%7C2009%7C2010%7C2011%7C2012%7C2013%7C2014%7C2015%7C2016%7C2017%7C2018%7C2019%7C2020%7C2021%7C2022%7C2023/variaveis/37%7C543%7C498%7C513%7C516%7C517%7C520%7C6575%7C6574%7C525%7C528?localidades=N6%5B4119608%5D,2026-10-06T15:05:19.153397+00:00,2019,26.37499465791604,True
4119608,Pitanga,2021,R$,1140790000.0,37,accounts-4119608,https://servicodados.ibge.gov.br/api/v3/agregados/5938/periodos/2002%7C2003%7C2004%7C2005%7C2006%7C2007%7C2008%7C2009%7C2010%7C2011%7C2012%7C2013%7C2014%7C2015%7C2016%7C2017%7C2018%7C2019%7C2020%7C2021%7C2022%7C2023/variaveis/37%7C543%7C498%7C513%7C516%7C517%7C520%7C6575%7C6574%7C525%7C528?localidades=N6%5B4119608%5D,2026-10-06T15:05:19.153397+00:00,2020,4.26619553921761,True
4119608,Pitanga,2022,R$,1371478000.0,37,accounts-4119608,https://servicodados.ibge.gov.br/api/v3/agregados/5938/periodos/2002%7C2003%7C2004%7C2005%7C2006%7C2007%7C2008%7C2009%7C2010%7C2011%7C2012%7C2013%7C2014%7C2015%7C2016%7C2017%7C2018%7C2019%7C2020%7C2021%7C2022%7C2023/variaveis/37%7C543%7C498%7C513%7C516%7C517%7C520%7C6575%7C6574%7C525%7C528?localidades=N6%5B4119608%5D,2026-10-06T15:05:19.153397+00:00,2021,20.221776137588865,True
4119608,Pitanga,2023,R$,1448744000.0,37,accounts-4119608,https://servicodados.ibge.gov.br/api/v3/agregados/5938/periodos/2002%7C2003%7C2004%7C2005%7C2006%7C2007%7C2008%7C2009%7C2010%7C2011%7C2012%7C2013%7C2014%7C2015%7C2016%7C2017%7C2018%7C2019%7C2020%7C2021%7C2022%7C2023/variaveis/37%7C543%7C498%7C513%7C516%7C517%7C520%7C6575%7C6574%7C525%7C528?localidades=N6%5B4119608%5D,2026-10-06T15:05:19.153397+00:00,2022,5.633776115985811,True
4113254,Laranjal,2002,R$,17297000.0,37,accounts-4113254,https://servicodados.ibge.gov.br/api/v3/agregados/5938/periodos/2002%7C2003%7C2004%7C2005%7C2006%7C2007%7C2008%7C2009%7C2010%7C2011%7C2012%7C2013%7C2014%7C2015%7C2016%7C2017%7C2018%7C2019%7C2020%7C2021%7C2022%7C2023/variaveis/37%7C543%7C498%7C513%7C516%7C517%7C520%7C6575%7C6574%7C525%7C528?localidades=N6%5B4113254%5D,2026-10-06T15:05:19.153397+00:00,,,False
4113254,Laranjal,2003,R$,20559000.0,37,accounts-4113254,https://servicodados.ibge.gov.br/api/v3/agregados/5938/periodos/2002%7C2003%7C2004%7C2005%7C2006%7C2007%7C2008%7C2009%7C2010%7C2011%7C2012%7C2013%7C2014%7C2015%7C2016%7C2017%7C2018%7C2019%7C2020%7C2021%7C2022%7C2023/variaveis/37%7C543%7C498%7C513%7C516%7C517%7C520%7C6575%7C6574%7C525%7C528?localidades=N6%5B4113254%5D,2026-10-06T15:05:19.153397+00:00,2002,18.858761634965603,True
4113254,Laranjal,2004,R$,22572000.0,37,accounts-4113254,https://servicodados.ibge.gov.br/api/v3/agregados/5938/periodos/2002%7C2003%7C2004%7C2005%7C2006%7C2007%7C2008%7C2009%7C2010%7C2011%7C2012%7C2013%7C2014%7C2015%7C2016%7C2017%7C2018%7C2019%7C2020%7C2021%7C2022%7C2023/variaveis/37%7C543%7C498%7C513%7C516%7C517%7C520%7C6575%7C6574%7C525%7C528?localidades=N6%5B4113254%5D,2026-10-06T15:05:19.153397+00:00,2003,9.791332263242381,True
4113254,Laranjal,2005,R$,24201000.0,37,accounts-4113254,https://servicodados.ibge.gov.br/api/v3/agregados/5938/periodos/2002%7C2003%7C2004%7C2005%7C2006%7C2007%7C2008%7C2009%7C2010%7C2011%7C2012%7C2013%7C2014%7C2015%7C2016%7C2017%7C2018%7C2019%7C2020%7C2021%7C2022%7C2023/variaveis/37%7C543%7C498%7C513%7C516%7C517%7C520%7C6575%7C6574%7C525%7C528?localidades=N6%5B4113254%5D,2026-10-06T15:05:19.153397+00:00,2004,7.216905901116433,True
4113254,Laranjal,2006,R$,26637000.0,37,accounts-4113254,https://servicodados.ibge.gov.br/api/v3/agregados/5938/periodos/2002%7C2003%7C2004%7C2005%7C2006%7C2007%7C2008%7C2009%7C2010%7C2011%7C2012%7C2013%7C2014%7C2015%7C2016%7C2017%7C2018%7C2019%7C2020%7C2021%7C2022%7C2023/variaveis/37%7C543%7C498%7C513%7C516%7C517%7C520%7C6575%7C6574%7C525%7C528?localidades=N6%5B4113254%5D,2026-10-06T15:05:19.153397+00:00,2005,10.065699764472535,True
4113254,Laranjal,2007,R$,28960000.0,37,accounts-4113254,https://servicodados.ibge.gov.br/api/v3/agregados/5938/periodos/2002%7C2003%7C2004%7C2005%7C2006%7C2007%7C2008%7C2009%7C2010%7C2011%7C2012%7C2013%7C2014%7C2015%7C2016%7C2017%7C2018%7C2019%7C2020%7C2021%7C2022%7C2023/variaveis/37%7C543%7C498%7C513%7C516%7C517%7C520%7C6575%7C6574%7C525%7C528?localidades=N6%5B4113254%5D,2026-10-06T15:05:19.153397+00:00,2006,8.720952059165832,True
4113254,Laranjal,2008,R$,36141000.0,37,accounts-4113254,https://servicodados.ibge.gov.br/api/v3/agregados/5938/periodos/2002%7C2003%7C2004%7C2005%7C2006%7C2007%7C2008%7C2009%7C2010%7C2011%7C2012%7C2013%7C2014%7C2015%7C2016%7C2017%7C2018%7C2019%7C2020%7C2021%7C2022%7C2023/variaveis/37%7C543%7C498%7C513%7C516%7C517%7C520%7C6575%7C6574%7C525%7C528?localidades=N6%5B4113254%5D,2026-10-06T15:05:19.153397+00:00,2007,24.79627071823205,True
4113254,Laranjal,2009,R$,38720000.0,37,accounts-4113254,https://servicodados.ibge.gov.br/api/v3/agregados/5938/periodos/2002%7C2003%7C2004%7C2005%7C2006%7C2007%7C2008%7C2009%7C2010%7C2011%7C2012%7C2013%7C2014%7C2015%7C2016%7C2017%7C2018%7C2019%7C2020%7C2021%7C2022%7C2023/variaveis/37%7C543%7C498%7C513%7C516%7C517%7C520%7C6575%7C6574%7C525%7C528?localidades=N6%5B4113254%5D,2026-10-06T15:05:19.153397+00:00,2008,7.135939791372681,True
4113254,Laranjal,2010,R$,40100000.0,37,accounts-4113254,https://servicodados.ibge.gov.br/api/v3/agregados/5938/periodos/2002%7C2003%7C2004%7C2005%7C2006%7C2007%7C2008%7C2009%7C2010%7C2011%7C2012%7C2013%7C2014%7C2015%7C2016%7C2017%7C2018%7C2019%7C2020%7C2021%7C2022%7C2023/variaveis/37%7C543%7C498%7C513%7C516%7C517%7C520%7C6575%7C6574%7C525%7C528?localidades=N6%5B4113254%5D,2026-10-06T15:05:19.153397+00:00,2009,3.564049586776852,True
4113254,Laranjal,2011,R$,48834000.0,37,accounts-4113254,https://servicodados.ibge.gov.br/api/v3/agregados/5938/periodos/2002%7C2003%7C2004%7C2005%7C2006%7C2007%7C2008%7C2009%7C2010%7C2011%7C2012%7C2013%7C2014%7C2015%7C2016%7C2017%7C2018%7C2019%7C2020%7C2021%7C2022%7C2023/variaveis/37%7C543%7C498%7C513%7C516%7C517%7C520%7C6575%7C6574%7C525%7C528?localidades=N6%5B4113254%5D,2026-10-06T15:05:19.153397+00:00,2010,21.78054862842893,True
4113254,Laranjal,2012,R$,54575000.0,37,accounts-4113254,https://servicodados.ibge.gov.br/api/v3/agregados/5938/periodos/2002%7C2003%7C2004%7C2005%7C2006%7C2007%7C2008%7C2009%7C2010%7C2011%7C2012%7C2013%7C2014%7C2015%7C2016%7C2017%7C2018%7C2019%7C2020%7C2021%7C2022%7C2023/variaveis/37%7C543%7C498%7C513%7C516%7C517%7C520%7C6575%7C6574%7C525%7C528?localidades=N6%5B4113254%5D,2026-10-06T15:05:19.153397+00:00,2011,11.756153499610921,True
4113254,Laranjal,2013,R$,62215000.0,37,accounts-4113254,https://servicodados.ibge.gov.br/api/v3/agregados/5938/periodos/2002%7C2003%7C2004%7C2005%7C2006%7C2007%7C2008%7C2009%7C2010%7C2011%7C2012%7C2013%7C2014%7C2015%7C2016%7C2017%7C2018%7C2019%7C2020%7C2021%7C2022%7C2023/variaveis/37%7C543%7C498%7C513%7C516%7C517%7C520%7C6575%7C6574%7C525%7C528?localidades=N6%5B4113254%5D,2026-10-06T15:05:19.153397+00:00,2012,13.999083829592296,True
4113254,Laranjal,2014,R$,68367000.0,37,accounts-4113254,https://servicodados.ibge.gov.br/api/v3/agregados/5938/periodos/2002%7C2003%7C2004%7C2005%7C2006%7C2007%7C2008%7C2009%7C2010%7C2011%7C2012%7C2013%7C2014%7C2015%7C2016%7C2017%7C2018%7C2019%7C2020%7C2021%7C2022%7C2023/variaveis/37%7C543%7C498%7C513%7C516%7C517%7C520%7C6575%7C6574%7C525%7C528?localidades=N6%5B4113254%5D,2026-10-06T15:05:19.153397+00:00,2013,9.888290605159522,True
4113254,Laranjal,2015,R$,76475000.0,37,accounts-4113254,https://servicodados.ibge.gov.br/api/v3/agregados/5938/periodos/2002%7C2003%7C2004%7C2005%7C2006%7C2007%7C2008%7C2009%7C2010%7C2011%7C2012%7C2013%7C2014%7C2015%7C2016%7C2017%7C2018%7C2019%7C2020%7C2021%7C2022%7C2023/variaveis/37%7C543%7C498%7C513%7C516%7C517%7C520%7C6575%7C6574%7C525%7C528?localidades=N6%5B4113254%5D,2026-10-06T15:05:19.153397+00:00,2014,11.859522869220541,True
4113254,Laranjal,2016,R$,82688000.0,37,accounts-4113254,https://servicodados.ibge.gov.br/api/v3/agregados/5938/periodos/2002%7C2003%7C2004%7C2005%7C2006%7C2007%7C2008%7C2009%7C2010%7C2011%7C2012%7C2013%7C2014%7C2015%7C2016%7C2017%7C2018%7C2019%7C2020%7C2021%7C2022%7C2023/variaveis/37%7C543%7C498%7C513%7C516%7C517%7C520%7C6575%7C6574%7C525%7C528?localidades=N6%5B4113254%5D,2026-10-06T15:05:19.153397+00:00,2015,8.12422360248448,True
4113254,Laranjal,2017,R$,84016000.0,37,accounts-4113254,https://servicodados.ibge.gov.br/api/v3/agregados/5938/periodos/2002%7C2003%7C2004%7C2005%7C2006%7C2007%7C2008%7C2009%7C2010%7C2011%7C2012%7C2013%7C2014%7C2015%7C2016%7C2017%7C2018%7C2019%7C2020%7C2021%7C2022%7C2023/variaveis/37%7C543%7C498%7C513%7C516%7C517%7C520%7C6575%7C6574%7C525%7C528?localidades=N6%5B4113254%5D,2026-10-06T15:05:19.153397+00:00,2016,1.6060371517027772,True
4113254,Laranjal,2018,R$,82465000.0,37,accounts-4113254,https://servicodados.ibge.gov.br/api/v3/agregados/5938/periodos/2002%7C2003%7C2004%7C2005%7C2006%7C2007%7C2008%7C2009%7C2010%7C2011%7C2012%7C2013%7C2014%7C2015%7C2016%7C2017%7C2018%7C2019%7C2020%7C2021%7C2022%7C2023/variaveis/37%7C543%7C498%7C513%7C516%7C517%7C520%7C6575%7C6574%7C525%7C528?localidades=N6%5B4113254%5D,2026-10-06T15:05:19.153397+00:00,2017,-1.8460769377261488,True
4113254,Laranjal,2019,R$,84472000.0,37,accounts-4113254,https://servicodados.ibge.gov.br/api/v3/agregados/5938/periodos/2002%7C2003%7C2004%7C2005%7C2006%7C2007%7C2008%7C2009%7C2010%7C2011%7C2012%7C2013%7C2014%7C2015%7C2016%7C2017%7C2018%7C2019%7C2020%7C2021%7C2022%7C2023/variaveis/37%7C543%7C498%7C513%7C516%7C517%7C520%7C6575%7C6574%7C525%7C528?localidades=N6%5B4113254%5D,2026-10-06T15:05:19.153397+00:00,2018,2.433759776875033,True
4113254,Laranjal,2020,R$,100926000.0,37,accounts-4113254,https://servicodados.ibge.gov.br/api/v3/agregados/5938/periodos/2002%7C2003%7C2004%7C2005%7C2006%7C2007%7C2008%7C2009%7C2010%7C2011%7C2012%7C2013%7C2014%7C2015%7C2016%7C2017%7C2018%7C2019%7C2020%7C2021%7C2022%7C2023/variaveis/37%7C543%7C498%7C513%7C516%7C517%7C520%7C6575%7C6574%7C525%7C528?localidades=N6%5B4113254%5D,2026-10-06T15:05:19.153397+00:00,2019,19.478643810966958,True
4113254,Laranjal,2021,R$,113016000.0,37,accounts-4113254,https://servicodados.ibge.gov.br/api/v3/agregados/5938/periodos/2002%7C2003%7C2004%7C2005%7C2006%7C2007%7C2008%7C2009%7C2010%7C2011%7C2012%7C2013%7C2014%7C2015%7C2016%7C2017%7C2018%7C2019%7C2020%7C2021%7C2022%7C2023/variaveis/37%7C543%7C498%7C513%7C516%7C517%7C520%7C6575%7C6574%7C525%7C528?localidades=N6%5B4113254%5D,2026-10-06T15:05:19.153397+00:00,2020,11.979073776826588,True
4113254,Laranjal,2022,R$,111089000.0,37,accounts-4113254,https://servicodados.ibge.gov.br/api/v3/agregados/5938/periodos/2002%7C2003%7C2004%7C2005%7C2006%7C2007%7C2008%7C2009%7C2010%7C2011%7C2012%7C2013%7C2014%7C2015%7C2016%7C2017%7C2018%7C2019%7C2020%7C2021%7C2022%7C2023/variaveis/37%7C543%7C498%7C513%7C516%7C517%7C520%7C6575%7C6574%7C525%7C528?localidades=N6%5B4113254%5D,2026-10-06T15:05:19.153397+00:00,2021,-1.7050683089120167,True
4113254,Laranjal,2023,R$,125483000.0,37,accounts-4113254,https://servicodados.ibge.gov.br/api/v3/agregados/5938/periodos/2002%7C2003%7C2004%7C2005%7C2006%7C2007%7C2008%7C2009%7C2010%7C2011%7C2012%7C2013%7C2014%7C2015%7C2016%7C2017%7C2018%7C2019%7C2020%7C2021%7C2022%7C2023/variaveis/37%7C543%7C498%7C513%7C516%7C517%7C520%7C6575%7C6574%7C525%7C528?localidades=N6%5B4113254%5D,2026-10-06T15:05:19.153397+00:00,2022,12.957178478517228,True
