period,value,methodology,sourceId,reference,sourceUrl
2001,14578.0,estimate,estimates,2001,https://servicodados.ibge.gov.br/api/v3/agregados/6579/periodos/2001%7C2002%7C2003%7C2004%7C2005%7C2006%7C2008%7C2009%7C2011%7C2012%7C2013%7C2014%7C2015%7C2016%7C2017%7C2018%7C2019%7C2020%7C2021%7C2024%7C2025%7C2026/variaveis/9324?localidades=N6%5B4127965%5D
2002,14611.0,estimate,estimates,2002,https://servicodados.ibge.gov.br/api/v3/agregados/6579/periodos/2001%7C2002%7C2003%7C2004%7C2005%7C2006%7C2008%7C2009%7C2011%7C2012%7C2013%7C2014%7C2015%7C2016%7C2017%7C2018%7C2019%7C2020%7C2021%7C2024%7C2025%7C2026/variaveis/9324?localidades=N6%5B4127965%5D
2003,14648.0,estimate,estimates,2003,https://servicodados.ibge.gov.br/api/v3/agregados/6579/periodos/2001%7C2002%7C2003%7C2004%7C2005%7C2006%7C2008%7C2009%7C2011%7C2012%7C2013%7C2014%7C2015%7C2016%7C2017%7C2018%7C2019%7C2020%7C2021%7C2024%7C2025%7C2026/variaveis/9324?localidades=N6%5B4127965%5D
2004,14727.0,estimate,estimates,2004,https://servicodados.ibge.gov.br/api/v3/agregados/6579/periodos/2001%7C2002%7C2003%7C2004%7C2005%7C2006%7C2008%7C2009%7C2011%7C2012%7C2013%7C2014%7C2015%7C2016%7C2017%7C2018%7C2019%7C2020%7C2021%7C2024%7C2025%7C2026/variaveis/9324?localidades=N6%5B4127965%5D
2005,14771.0,estimate,estimates,2005,https://servicodados.ibge.gov.br/api/v3/agregados/6579/periodos/2001%7C2002%7C2003%7C2004%7C2005%7C2006%7C2008%7C2009%7C2011%7C2012%7C2013%7C2014%7C2015%7C2016%7C2017%7C2018%7C2019%7C2020%7C2021%7C2024%7C2025%7C2026/variaveis/9324?localidades=N6%5B4127965%5D
2006,14814.0,estimate,estimates,2006,https://servicodados.ibge.gov.br/api/v3/agregados/6579/periodos/2001%7C2002%7C2003%7C2004%7C2005%7C2006%7C2008%7C2009%7C2011%7C2012%7C2013%7C2014%7C2015%7C2016%7C2017%7C2018%7C2019%7C2020%7C2021%7C2024%7C2025%7C2026/variaveis/9324?localidades=N6%5B4127965%5D
2008,14391.0,estimate,estimates,2008,https://servicodados.ibge.gov.br/api/v3/agregados/6579/periodos/2001%7C2002%7C2003%7C2004%7C2005%7C2006%7C2008%7C2009%7C2011%7C2012%7C2013%7C2014%7C2015%7C2016%7C2017%7C2018%7C2019%7C2020%7C2021%7C2024%7C2025%7C2026/variaveis/9324?localidades=N6%5B4127965%5D
2009,14363.0,estimate,estimates,2009,https://servicodados.ibge.gov.br/api/v3/agregados/6579/periodos/2001%7C2002%7C2003%7C2004%7C2005%7C2006%7C2008%7C2009%7C2011%7C2012%7C2013%7C2014%7C2015%7C2016%7C2017%7C2018%7C2019%7C2020%7C2021%7C2024%7C2025%7C2026/variaveis/9324?localidades=N6%5B4127965%5D
2011,13717.0,estimate,estimates,2011,https://servicodados.ibge.gov.br/api/v3/agregados/6579/periodos/2001%7C2002%7C2003%7C2004%7C2005%7C2006%7C2008%7C2009%7C2011%7C2012%7C2013%7C2014%7C2015%7C2016%7C2017%7C2018%7C2019%7C2020%7C2021%7C2024%7C2025%7C2026/variaveis/9324?localidades=N6%5B4127965%5D
2012,13628.0,estimate,estimates,2012,https://servicodados.ibge.gov.br/api/v3/agregados/6579/periodos/2001%7C2002%7C2003%7C2004%7C2005%7C2006%7C2008%7C2009%7C2011%7C2012%7C2013%7C2014%7C2015%7C2016%7C2017%7C2018%7C2019%7C2020%7C2021%7C2024%7C2025%7C2026/variaveis/9324?localidades=N6%5B4127965%5D
2013,13937.0,estimate,estimates,2013,https://servicodados.ibge.gov.br/api/v3/agregados/6579/periodos/2001%7C2002%7C2003%7C2004%7C2005%7C2006%7C2008%7C2009%7C2011%7C2012%7C2013%7C2014%7C2015%7C2016%7C2017%7C2018%7C2019%7C2020%7C2021%7C2024%7C2025%7C2026/variaveis/9324?localidades=N6%5B4127965%5D
2014,13860.0,estimate,estimates,2014,https://servicodados.ibge.gov.br/api/v3/agregados/6579/periodos/2001%7C2002%7C2003%7C2004%7C2005%7C2006%7C2008%7C2009%7C2011%7C2012%7C2013%7C2014%7C2015%7C2016%7C2017%7C2018%7C2019%7C2020%7C2021%7C2024%7C2025%7C2026/variaveis/9324?localidades=N6%5B4127965%5D
2015,13785.0,estimate,estimates,2015,https://servicodados.ibge.gov.br/api/v3/agregados/6579/periodos/2001%7C2002%7C2003%7C2004%7C2005%7C2006%7C2008%7C2009%7C2011%7C2012%7C2013%7C2014%7C2015%7C2016%7C2017%7C2018%7C2019%7C2020%7C2021%7C2024%7C2025%7C2026/variaveis/9324?localidades=N6%5B4127965%5D
2016,13712.0,estimate,estimates,2016,https://servicodados.ibge.gov.br/api/v3/agregados/6579/periodos/2001%7C2002%7C2003%7C2004%7C2005%7C2006%7C2008%7C2009%7C2011%7C2012%7C2013%7C2014%7C2015%7C2016%7C2017%7C2018%7C2019%7C2020%7C2021%7C2024%7C2025%7C2026/variaveis/9324?localidades=N6%5B4127965%5D
2017,13640.0,estimate,estimates,2017,https://servicodados.ibge.gov.br/api/v3/agregados/6579/periodos/2001%7C2002%7C2003%7C2004%7C2005%7C2006%7C2008%7C2009%7C2011%7C2012%7C2013%7C2014%7C2015%7C2016%7C2017%7C2018%7C2019%7C2020%7C2021%7C2024%7C2025%7C2026/variaveis/9324?localidades=N6%5B4127965%5D
2018,13340.0,estimate,estimates,2018,https://servicodados.ibge.gov.br/api/v3/agregados/6579/periodos/2001%7C2002%7C2003%7C2004%7C2005%7C2006%7C2008%7C2009%7C2011%7C2012%7C2013%7C2014%7C2015%7C2016%7C2017%7C2018%7C2019%7C2020%7C2021%7C2024%7C2025%7C2026/variaveis/9324?localidades=N6%5B4127965%5D
2019,13215.0,estimate,estimates,2019,https://servicodados.ibge.gov.br/api/v3/agregados/6579/periodos/2001%7C2002%7C2003%7C2004%7C2005%7C2006%7C2008%7C2009%7C2011%7C2012%7C2013%7C2014%7C2015%7C2016%7C2017%7C2018%7C2019%7C2020%7C2021%7C2024%7C2025%7C2026/variaveis/9324?localidades=N6%5B4127965%5D
2020,13095.0,estimate,estimates,2020,https://servicodados.ibge.gov.br/api/v3/agregados/6579/periodos/2001%7C2002%7C2003%7C2004%7C2005%7C2006%7C2008%7C2009%7C2011%7C2012%7C2013%7C2014%7C2015%7C2016%7C2017%7C2018%7C2019%7C2020%7C2021%7C2024%7C2025%7C2026/variaveis/9324?localidades=N6%5B4127965%5D
2021,12977.0,estimate,estimates,2021,https://servicodados.ibge.gov.br/api/v3/agregados/6579/periodos/2001%7C2002%7C2003%7C2004%7C2005%7C2006%7C2008%7C2009%7C2011%7C2012%7C2013%7C2014%7C2015%7C2016%7C2017%7C2018%7C2019%7C2020%7C2021%7C2024%7C2025%7C2026/variaveis/9324?localidades=N6%5B4127965%5D
2024,14443.0,estimate,estimates,2024,https://servicodados.ibge.gov.br/api/v3/agregados/6579/periodos/2001%7C2002%7C2003%7C2004%7C2005%7C2006%7C2008%7C2009%7C2011%7C2012%7C2013%7C2014%7C2015%7C2016%7C2017%7C2018%7C2019%7C2020%7C2021%7C2024%7C2025%7C2026/variaveis/9324?localidades=N6%5B4127965%5D
2025,14101.0,estimate,estimates,2025,https://servicodados.ibge.gov.br/api/v3/agregados/6579/periodos/2001%7C2002%7C2003%7C2004%7C2005%7C2006%7C2008%7C2009%7C2011%7C2012%7C2013%7C2014%7C2015%7C2016%7C2017%7C2018%7C2019%7C2020%7C2021%7C2024%7C2025%7C2026/variaveis/9324?localidades=N6%5B4127965%5D
2026,14110.0,estimate,estimates,2026,https://servicodados.ibge.gov.br/api/v3/agregados/6579/periodos/2001%7C2002%7C2003%7C2004%7C2005%7C2006%7C2008%7C2009%7C2011%7C2012%7C2013%7C2014%7C2015%7C2016%7C2017%7C2018%7C2019%7C2020%7C2021%7C2024%7C2025%7C2026/variaveis/9324?localidades=N6%5B4127965%5D
