ageGroup,male,female,total,percent,reference,sourceUrl
0–4,531.0,468.0,999.0,7.019886164008152,2022,https://servicodados.ibge.gov.br/api/v3/agregados/9606/periodos/2022/variaveis/93?localidades=N6%5B4127965%5D&classificacao=86%5B95251%5D%7C2%5B6794%2C4%2C5%5D%7C287%5B100362%2C93070%2C93084%2C93085%2C93086%2C93087%2C93088%2C93089%2C93090%2C93091%2C93092%2C93093%2C93094%2C93095%2C93096%2C93097%2C93098%2C49108%2C49109%2C60040%2C60041%2C6653%5D
5–9,534.0,497.0,1031.0,7.244747382474878,2022,https://servicodados.ibge.gov.br/api/v3/agregados/9606/periodos/2022/variaveis/93?localidades=N6%5B4127965%5D&classificacao=86%5B95251%5D%7C2%5B6794%2C4%2C5%5D%7C287%5B100362%2C93070%2C93084%2C93085%2C93086%2C93087%2C93088%2C93089%2C93090%2C93091%2C93092%2C93093%2C93094%2C93095%2C93096%2C93097%2C93098%2C49108%2C49109%2C60040%2C60041%2C6653%5D
10–14,515.0,525.0,1040.0,7.307989600168646,2022,https://servicodados.ibge.gov.br/api/v3/agregados/9606/periodos/2022/variaveis/93?localidades=N6%5B4127965%5D&classificacao=86%5B95251%5D%7C2%5B6794%2C4%2C5%5D%7C287%5B100362%2C93070%2C93084%2C93085%2C93086%2C93087%2C93088%2C93089%2C93090%2C93091%2C93092%2C93093%2C93094%2C93095%2C93096%2C93097%2C93098%2C49108%2C49109%2C60040%2C60041%2C6653%5D
15–19,536.0,509.0,1045.0,7.343124165554073,2022,https://servicodados.ibge.gov.br/api/v3/agregados/9606/periodos/2022/variaveis/93?localidades=N6%5B4127965%5D&classificacao=86%5B95251%5D%7C2%5B6794%2C4%2C5%5D%7C287%5B100362%2C93070%2C93084%2C93085%2C93086%2C93087%2C93088%2C93089%2C93090%2C93091%2C93092%2C93093%2C93094%2C93095%2C93096%2C93097%2C93098%2C49108%2C49109%2C60040%2C60041%2C6653%5D
20–29,1092.0,1105.0,2197.0,15.438128030356266,2022,https://servicodados.ibge.gov.br/api/v3/agregados/9606/periodos/2022/variaveis/93?localidades=N6%5B4127965%5D&classificacao=86%5B95251%5D%7C2%5B6794%2C4%2C5%5D%7C287%5B100362%2C93070%2C93084%2C93085%2C93086%2C93087%2C93088%2C93089%2C93090%2C93091%2C93092%2C93093%2C93094%2C93095%2C93096%2C93097%2C93098%2C49108%2C49109%2C60040%2C60041%2C6653%5D
30–39,1076.0,1051.0,2127.0,14.946244114960297,2022,https://servicodados.ibge.gov.br/api/v3/agregados/9606/periodos/2022/variaveis/93?localidades=N6%5B4127965%5D&classificacao=86%5B95251%5D%7C2%5B6794%2C4%2C5%5D%7C287%5B100362%2C93070%2C93084%2C93085%2C93086%2C93087%2C93088%2C93089%2C93090%2C93091%2C93092%2C93093%2C93094%2C93095%2C93096%2C93097%2C93098%2C49108%2C49109%2C60040%2C60041%2C6653%5D
40–49,958.0,944.0,1902.0,13.365188672616119,2022,https://servicodados.ibge.gov.br/api/v3/agregados/9606/periodos/2022/variaveis/93?localidades=N6%5B4127965%5D&classificacao=86%5B95251%5D%7C2%5B6794%2C4%2C5%5D%7C287%5B100362%2C93070%2C93084%2C93085%2C93086%2C93087%2C93088%2C93089%2C93090%2C93091%2C93092%2C93093%2C93094%2C93095%2C93096%2C93097%2C93098%2C49108%2C49109%2C60040%2C60041%2C6653%5D
50–59,866.0,819.0,1685.0,11.840348534888623,2022,https://servicodados.ibge.gov.br/api/v3/agregados/9606/periodos/2022/variaveis/93?localidades=N6%5B4127965%5D&classificacao=86%5B95251%5D%7C2%5B6794%2C4%2C5%5D%7C287%5B100362%2C93070%2C93084%2C93085%2C93086%2C93087%2C93088%2C93089%2C93090%2C93091%2C93092%2C93093%2C93094%2C93095%2C93096%2C93097%2C93098%2C49108%2C49109%2C60040%2C60041%2C6653%5D
60–69,631.0,645.0,1276.0,8.966341086360762,2022,https://servicodados.ibge.gov.br/api/v3/agregados/9606/periodos/2022/variaveis/93?localidades=N6%5B4127965%5D&classificacao=86%5B95251%5D%7C2%5B6794%2C4%2C5%5D%7C287%5B100362%2C93070%2C93084%2C93085%2C93086%2C93087%2C93088%2C93089%2C93090%2C93091%2C93092%2C93093%2C93094%2C93095%2C93096%2C93097%2C93098%2C49108%2C49109%2C60040%2C60041%2C6653%5D
70–79,342.0,339.0,681.0,4.785327805495046,2022,https://servicodados.ibge.gov.br/api/v3/agregados/9606/periodos/2022/variaveis/93?localidades=N6%5B4127965%5D&classificacao=86%5B95251%5D%7C2%5B6794%2C4%2C5%5D%7C287%5B100362%2C93070%2C93084%2C93085%2C93086%2C93087%2C93088%2C93089%2C93090%2C93091%2C93092%2C93093%2C93094%2C93095%2C93096%2C93097%2C93098%2C49108%2C49109%2C60040%2C60041%2C6653%5D
80+,124.0,124.0,248.0,1.7426744431171388,2022,https://servicodados.ibge.gov.br/api/v3/agregados/9606/periodos/2022/variaveis/93?localidades=N6%5B4127965%5D&classificacao=86%5B95251%5D%7C2%5B6794%2C4%2C5%5D%7C287%5B100362%2C93070%2C93084%2C93085%2C93086%2C93087%2C93088%2C93089%2C93090%2C93091%2C93092%2C93093%2C93094%2C93095%2C93096%2C93097%2C93098%2C49108%2C49109%2C60040%2C60041%2C6653%5D
