municipalityCode;municipality;state;source;collectedAt;period;code;label;admissions;dismissals;balance
4127965;Turvo;PR;Novo CAGED;2026-10-06T16:53:23.546027+00:00;2024-09;agriculture;Agropecuária;6;15;-9
4127965;Turvo;PR;Novo CAGED;2026-10-06T16:53:23.546027+00:00;2024-09;industry;Indústria;30;18;12
4127965;Turvo;PR;Novo CAGED;2026-10-06T16:53:23.546027+00:00;2024-09;construction;Construção;0;1;-1
4127965;Turvo;PR;Novo CAGED;2026-10-06T16:53:23.546027+00:00;2024-09;commerce;Comércio;22;16;6
4127965;Turvo;PR;Novo CAGED;2026-10-06T16:53:23.546027+00:00;2024-09;services;Serviços;35;23;12
4127965;Turvo;PR;Novo CAGED;2026-10-06T16:53:23.546027+00:00;2024-10;agriculture;Agropecuária;6;20;-14
4127965;Turvo;PR;Novo CAGED;2026-10-06T16:53:23.546027+00:00;2024-10;industry;Indústria;27;28;-1
4127965;Turvo;PR;Novo CAGED;2026-10-06T16:53:23.546027+00:00;2024-10;construction;Construção;4;3;1
4127965;Turvo;PR;Novo CAGED;2026-10-06T16:53:23.546027+00:00;2024-10;commerce;Comércio;16;15;1
4127965;Turvo;PR;Novo CAGED;2026-10-06T16:53:23.546027+00:00;2024-10;services;Serviços;26;18;8
4127965;Turvo;PR;Novo CAGED;2026-10-06T16:53:23.546027+00:00;2024-11;agriculture;Agropecuária;6;16;-10
4127965;Turvo;PR;Novo CAGED;2026-10-06T16:53:23.546027+00:00;2024-11;industry;Indústria;24;25;-1
4127965;Turvo;PR;Novo CAGED;2026-10-06T16:53:23.546027+00:00;2024-11;construction;Construção;0;3;-3
4127965;Turvo;PR;Novo CAGED;2026-10-06T16:53:23.546027+00:00;2024-11;commerce;Comércio;21;16;5
4127965;Turvo;PR;Novo CAGED;2026-10-06T16:53:23.546027+00:00;2024-11;services;Serviços;17;22;-5
4127965;Turvo;PR;Novo CAGED;2026-10-06T16:53:23.546027+00:00;2024-12;agriculture;Agropecuária;6;6;0
4127965;Turvo;PR;Novo CAGED;2026-10-06T16:53:23.546027+00:00;2024-12;industry;Indústria;23;17;6
4127965;Turvo;PR;Novo CAGED;2026-10-06T16:53:23.546027+00:00;2024-12;construction;Construção;4;6;-2
4127965;Turvo;PR;Novo CAGED;2026-10-06T16:53:23.546027+00:00;2024-12;commerce;Comércio;16;12;4
4127965;Turvo;PR;Novo CAGED;2026-10-06T16:53:23.546027+00:00;2024-12;services;Serviços;14;70;-56
4127965;Turvo;PR;Novo CAGED;2026-10-06T16:53:23.546027+00:00;2025-01;agriculture;Agropecuária;12;2;10
4127965;Turvo;PR;Novo CAGED;2026-10-06T16:53:23.546027+00:00;2025-01;industry;Indústria;28;32;-4
4127965;Turvo;PR;Novo CAGED;2026-10-06T16:53:23.546027+00:00;2025-01;construction;Construção;0;5;-5
4127965;Turvo;PR;Novo CAGED;2026-10-06T16:53:23.546027+00:00;2025-01;commerce;Comércio;16;28;-12
4127965;Turvo;PR;Novo CAGED;2026-10-06T16:53:23.546027+00:00;2025-01;services;Serviços;18;26;-8
4127965;Turvo;PR;Novo CAGED;2026-10-06T16:53:23.546027+00:00;2025-02;agriculture;Agropecuária;2;9;-7
4127965;Turvo;PR;Novo CAGED;2026-10-06T16:53:23.546027+00:00;2025-02;industry;Indústria;41;21;20
4127965;Turvo;PR;Novo CAGED;2026-10-06T16:53:23.546027+00:00;2025-02;construction;Construção;0;4;-4
4127965;Turvo;PR;Novo CAGED;2026-10-06T16:53:23.546027+00:00;2025-02;commerce;Comércio;39;28;11
4127965;Turvo;PR;Novo CAGED;2026-10-06T16:53:23.546027+00:00;2025-02;services;Serviços;23;22;1
4127965;Turvo;PR;Novo CAGED;2026-10-06T16:53:23.546027+00:00;2025-03;agriculture;Agropecuária;1;8;-7
4127965;Turvo;PR;Novo CAGED;2026-10-06T16:53:23.546027+00:00;2025-03;industry;Indústria;41;17;24
4127965;Turvo;PR;Novo CAGED;2026-10-06T16:53:23.546027+00:00;2025-03;construction;Construção;5;2;3
4127965;Turvo;PR;Novo CAGED;2026-10-06T16:53:23.546027+00:00;2025-03;commerce;Comércio;17;18;-1
4127965;Turvo;PR;Novo CAGED;2026-10-06T16:53:23.546027+00:00;2025-03;services;Serviços;36;27;9
4127965;Turvo;PR;Novo CAGED;2026-10-06T16:53:23.546027+00:00;2025-04;agriculture;Agropecuária;8;7;1
4127965;Turvo;PR;Novo CAGED;2026-10-06T16:53:23.546027+00:00;2025-04;industry;Indústria;24;25;-1
4127965;Turvo;PR;Novo CAGED;2026-10-06T16:53:23.546027+00:00;2025-04;construction;Construção;5;5;0
4127965;Turvo;PR;Novo CAGED;2026-10-06T16:53:23.546027+00:00;2025-04;commerce;Comércio;27;21;6
4127965;Turvo;PR;Novo CAGED;2026-10-06T16:53:23.546027+00:00;2025-04;services;Serviços;30;25;5
4127965;Turvo;PR;Novo CAGED;2026-10-06T16:53:23.546027+00:00;2025-05;agriculture;Agropecuária;4;5;-1
4127965;Turvo;PR;Novo CAGED;2026-10-06T16:53:23.546027+00:00;2025-05;industry;Indústria;24;29;-5
4127965;Turvo;PR;Novo CAGED;2026-10-06T16:53:23.546027+00:00;2025-05;construction;Construção;10;4;6
4127965;Turvo;PR;Novo CAGED;2026-10-06T16:53:23.546027+00:00;2025-05;commerce;Comércio;16;16;0
4127965;Turvo;PR;Novo CAGED;2026-10-06T16:53:23.546027+00:00;2025-05;services;Serviços;20;21;-1
4127965;Turvo;PR;Novo CAGED;2026-10-06T16:53:23.546027+00:00;2025-06;agriculture;Agropecuária;9;10;-1
4127965;Turvo;PR;Novo CAGED;2026-10-06T16:53:23.546027+00:00;2025-06;industry;Indústria;39;26;13
4127965;Turvo;PR;Novo CAGED;2026-10-06T16:53:23.546027+00:00;2025-06;construction;Construção;1;0;1
4127965;Turvo;PR;Novo CAGED;2026-10-06T16:53:23.546027+00:00;2025-06;commerce;Comércio;29;20;9
4127965;Turvo;PR;Novo CAGED;2026-10-06T16:53:23.546027+00:00;2025-06;services;Serviços;46;17;29
4127965;Turvo;PR;Novo CAGED;2026-10-06T16:53:23.546027+00:00;2025-07;agriculture;Agropecuária;9;3;6
4127965;Turvo;PR;Novo CAGED;2026-10-06T16:53:23.546027+00:00;2025-07;industry;Indústria;33;30;3
4127965;Turvo;PR;Novo CAGED;2026-10-06T16:53:23.546027+00:00;2025-07;construction;Construção;6;3;3
4127965;Turvo;PR;Novo CAGED;2026-10-06T16:53:23.546027+00:00;2025-07;commerce;Comércio;34;18;16
4127965;Turvo;PR;Novo CAGED;2026-10-06T16:53:23.546027+00:00;2025-07;services;Serviços;23;21;2
4127965;Turvo;PR;Novo CAGED;2026-10-06T16:53:23.546027+00:00;2025-08;agriculture;Agropecuária;2;7;-5
4127965;Turvo;PR;Novo CAGED;2026-10-06T16:53:23.546027+00:00;2025-08;industry;Indústria;29;30;-1
4127965;Turvo;PR;Novo CAGED;2026-10-06T16:53:23.546027+00:00;2025-08;construction;Construção;0;2;-2
4127965;Turvo;PR;Novo CAGED;2026-10-06T16:53:23.546027+00:00;2025-08;commerce;Comércio;18;19;-1
4127965;Turvo;PR;Novo CAGED;2026-10-06T16:53:23.546027+00:00;2025-08;services;Serviços;28;17;11
4127965;Turvo;PR;Novo CAGED;2026-10-06T16:53:23.546027+00:00;2025-09;agriculture;Agropecuária;8;5;3
4127965;Turvo;PR;Novo CAGED;2026-10-06T16:53:23.546027+00:00;2025-09;industry;Indústria;29;29;0
4127965;Turvo;PR;Novo CAGED;2026-10-06T16:53:23.546027+00:00;2025-09;construction;Construção;2;4;-2
4127965;Turvo;PR;Novo CAGED;2026-10-06T16:53:23.546027+00:00;2025-09;commerce;Comércio;13;17;-4
4127965;Turvo;PR;Novo CAGED;2026-10-06T16:53:23.546027+00:00;2025-09;services;Serviços;33;14;19
4127965;Turvo;PR;Novo CAGED;2026-10-06T16:53:23.546027+00:00;2025-10;agriculture;Agropecuária;22;7;15
4127965;Turvo;PR;Novo CAGED;2026-10-06T16:53:23.546027+00:00;2025-10;industry;Indústria;45;52;-7
4127965;Turvo;PR;Novo CAGED;2026-10-06T16:53:23.546027+00:00;2025-10;construction;Construção;3;0;3
4127965;Turvo;PR;Novo CAGED;2026-10-06T16:53:23.546027+00:00;2025-10;commerce;Comércio;17;24;-7
4127965;Turvo;PR;Novo CAGED;2026-10-06T16:53:23.546027+00:00;2025-10;services;Serviços;24;22;2
4127965;Turvo;PR;Novo CAGED;2026-10-06T16:53:23.546027+00:00;2025-11;agriculture;Agropecuária;16;5;11
4127965;Turvo;PR;Novo CAGED;2026-10-06T16:53:23.546027+00:00;2025-11;industry;Indústria;37;26;11
4127965;Turvo;PR;Novo CAGED;2026-10-06T16:53:23.546027+00:00;2025-11;construction;Construção;3;1;2
4127965;Turvo;PR;Novo CAGED;2026-10-06T16:53:23.546027+00:00;2025-11;commerce;Comércio;14;16;-2
4127965;Turvo;PR;Novo CAGED;2026-10-06T16:53:23.546027+00:00;2025-11;services;Serviços;29;27;2
4127965;Turvo;PR;Novo CAGED;2026-10-06T16:53:23.546027+00:00;2025-12;agriculture;Agropecuária;3;4;-1
4127965;Turvo;PR;Novo CAGED;2026-10-06T16:53:23.546027+00:00;2025-12;industry;Indústria;14;22;-8
4127965;Turvo;PR;Novo CAGED;2026-10-06T16:53:23.546027+00:00;2025-12;construction;Construção;1;3;-2
4127965;Turvo;PR;Novo CAGED;2026-10-06T16:53:23.546027+00:00;2025-12;commerce;Comércio;16;10;6
4127965;Turvo;PR;Novo CAGED;2026-10-06T16:53:23.546027+00:00;2025-12;services;Serviços;21;56;-35
4127965;Turvo;PR;Novo CAGED;2026-10-06T16:53:23.546027+00:00;2026-01;agriculture;Agropecuária;9;6;3
4127965;Turvo;PR;Novo CAGED;2026-10-06T16:53:23.546027+00:00;2026-01;industry;Indústria;31;49;-18
4127965;Turvo;PR;Novo CAGED;2026-10-06T16:53:23.546027+00:00;2026-01;construction;Construção;5;7;-2
4127965;Turvo;PR;Novo CAGED;2026-10-06T16:53:23.546027+00:00;2026-01;commerce;Comércio;12;18;-6
4127965;Turvo;PR;Novo CAGED;2026-10-06T16:53:23.546027+00:00;2026-01;services;Serviços;86;39;47
4127965;Turvo;PR;Novo CAGED;2026-10-06T16:53:23.546027+00:00;2026-02;agriculture;Agropecuária;9;9;0
4127965;Turvo;PR;Novo CAGED;2026-10-06T16:53:23.546027+00:00;2026-02;industry;Indústria;39;28;11
4127965;Turvo;PR;Novo CAGED;2026-10-06T16:53:23.546027+00:00;2026-02;construction;Construção;54;23;31
4127965;Turvo;PR;Novo CAGED;2026-10-06T16:53:23.546027+00:00;2026-02;commerce;Comércio;27;21;6
4127965;Turvo;PR;Novo CAGED;2026-10-06T16:53:23.546027+00:00;2026-02;services;Serviços;90;29;61
4127965;Turvo;PR;Novo CAGED;2026-10-06T16:53:23.546027+00:00;2026-03;agriculture;Agropecuária;14;8;6
4127965;Turvo;PR;Novo CAGED;2026-10-06T16:53:23.546027+00:00;2026-03;industry;Indústria;39;32;7
4127965;Turvo;PR;Novo CAGED;2026-10-06T16:53:23.546027+00:00;2026-03;construction;Construção;44;30;14
4127965;Turvo;PR;Novo CAGED;2026-10-06T16:53:23.546027+00:00;2026-03;commerce;Comércio;21;21;0
4127965;Turvo;PR;Novo CAGED;2026-10-06T16:53:23.546027+00:00;2026-03;services;Serviços;62;38;24
4127965;Turvo;PR;Novo CAGED;2026-10-06T16:53:23.546027+00:00;2026-04;agriculture;Agropecuária;7;14;-7
4127965;Turvo;PR;Novo CAGED;2026-10-06T16:53:23.546027+00:00;2026-04;industry;Indústria;27;29;-2
4127965;Turvo;PR;Novo CAGED;2026-10-06T16:53:23.546027+00:00;2026-04;construction;Construção;29;36;-7
4127965;Turvo;PR;Novo CAGED;2026-10-06T16:53:23.546027+00:00;2026-04;commerce;Comércio;18;21;-3
4127965;Turvo;PR;Novo CAGED;2026-10-06T16:53:23.546027+00:00;2026-04;services;Serviços;49;41;8
4127965;Turvo;PR;Novo CAGED;2026-10-06T16:53:23.546027+00:00;2026-05;agriculture;Agropecuária;7;11;-4
4127965;Turvo;PR;Novo CAGED;2026-10-06T16:53:23.546027+00:00;2026-05;industry;Indústria;28;22;6
4127965;Turvo;PR;Novo CAGED;2026-10-06T16:53:23.546027+00:00;2026-05;construction;Construção;28;14;14
4127965;Turvo;PR;Novo CAGED;2026-10-06T16:53:23.546027+00:00;2026-05;commerce;Comércio;24;17;7
4127965;Turvo;PR;Novo CAGED;2026-10-06T16:53:23.546027+00:00;2026-05;services;Serviços;27;31;-4
4127965;Turvo;PR;Novo CAGED;2026-10-06T16:53:23.546027+00:00;2026-06;agriculture;Agropecuária;16;12;4
4127965;Turvo;PR;Novo CAGED;2026-10-06T16:53:23.546027+00:00;2026-06;industry;Indústria;28;24;4
4127965;Turvo;PR;Novo CAGED;2026-10-06T16:53:23.546027+00:00;2026-06;construction;Construção;35;20;15
4127965;Turvo;PR;Novo CAGED;2026-10-06T16:53:23.546027+00:00;2026-06;commerce;Comércio;19;24;-5
4127965;Turvo;PR;Novo CAGED;2026-10-06T16:53:23.546027+00:00;2026-06;services;Serviços;49;33;16
4127965;Turvo;PR;Novo CAGED;2026-10-06T16:53:23.546027+00:00;2026-07;agriculture;Agropecuária;4;13;-9
4127965;Turvo;PR;Novo CAGED;2026-10-06T16:53:23.546027+00:00;2026-07;industry;Indústria;18;19;-1
4127965;Turvo;PR;Novo CAGED;2026-10-06T16:53:23.546027+00:00;2026-07;construction;Construção;37;33;4
4127965;Turvo;PR;Novo CAGED;2026-10-06T16:53:23.546027+00:00;2026-07;commerce;Comércio;21;23;-2
4127965;Turvo;PR;Novo CAGED;2026-10-06T16:53:23.546027+00:00;2026-07;services;Serviços;75;21;54
4127965;Turvo;PR;Novo CAGED;2026-10-06T16:53:23.546027+00:00;2026-08;agriculture;Agropecuária;8;13;-5
4127965;Turvo;PR;Novo CAGED;2026-10-06T16:53:23.546027+00:00;2026-08;industry;Indústria;28;12;16
4127965;Turvo;PR;Novo CAGED;2026-10-06T16:53:23.546027+00:00;2026-08;construction;Construção;30;20;10
4127965;Turvo;PR;Novo CAGED;2026-10-06T16:53:23.546027+00:00;2026-08;commerce;Comércio;22;20;2
4127965;Turvo;PR;Novo CAGED;2026-10-06T16:53:23.546027+00:00;2026-08;services;Serviços;28;28;0
4109401;Guarapuava;PR;Novo CAGED;2026-10-06T16:53:23.546027+00:00;2024-09;agriculture;Agropecuária;90;91;-1
4109401;Guarapuava;PR;Novo CAGED;2026-10-06T16:53:23.546027+00:00;2024-09;industry;Indústria;426;396;30
4109401;Guarapuava;PR;Novo CAGED;2026-10-06T16:53:23.546027+00:00;2024-09;construction;Construção;251;232;19
4109401;Guarapuava;PR;Novo CAGED;2026-10-06T16:53:23.546027+00:00;2024-09;commerce;Comércio;746;688;58
4109401;Guarapuava;PR;Novo CAGED;2026-10-06T16:53:23.546027+00:00;2024-09;services;Serviços;828;779;49
4109401;Guarapuava;PR;Novo CAGED;2026-10-06T16:53:23.546027+00:00;2024-10;agriculture;Agropecuária;177;112;65
4109401;Guarapuava;PR;Novo CAGED;2026-10-06T16:53:23.546027+00:00;2024-10;industry;Indústria;547;485;62
4109401;Guarapuava;PR;Novo CAGED;2026-10-06T16:53:23.546027+00:00;2024-10;construction;Construção;314;269;45
4109401;Guarapuava;PR;Novo CAGED;2026-10-06T16:53:23.546027+00:00;2024-10;commerce;Comércio;799;750;49
4109401;Guarapuava;PR;Novo CAGED;2026-10-06T16:53:23.546027+00:00;2024-10;services;Serviços;874;848;26
4109401;Guarapuava;PR;Novo CAGED;2026-10-06T16:53:23.546027+00:00;2024-11;agriculture;Agropecuária;368;138;230
4109401;Guarapuava;PR;Novo CAGED;2026-10-06T16:53:23.546027+00:00;2024-11;industry;Indústria;450;411;39
4109401;Guarapuava;PR;Novo CAGED;2026-10-06T16:53:23.546027+00:00;2024-11;construction;Construção;253;199;54
4109401;Guarapuava;PR;Novo CAGED;2026-10-06T16:53:23.546027+00:00;2024-11;commerce;Comércio;713;701;12
4109401;Guarapuava;PR;Novo CAGED;2026-10-06T16:53:23.546027+00:00;2024-11;services;Serviços;711;717;-6
4109401;Guarapuava;PR;Novo CAGED;2026-10-06T16:53:23.546027+00:00;2024-12;agriculture;Agropecuária;356;110;246
4109401;Guarapuava;PR;Novo CAGED;2026-10-06T16:53:23.546027+00:00;2024-12;industry;Indústria;186;324;-138
4109401;Guarapuava;PR;Novo CAGED;2026-10-06T16:53:23.546027+00:00;2024-12;construction;Construção;115;154;-39
4109401;Guarapuava;PR;Novo CAGED;2026-10-06T16:53:23.546027+00:00;2024-12;commerce;Comércio;730;689;41
4109401;Guarapuava;PR;Novo CAGED;2026-10-06T16:53:23.546027+00:00;2024-12;services;Serviços;479;746;-267
4109401;Guarapuava;PR;Novo CAGED;2026-10-06T16:53:23.546027+00:00;2025-01;agriculture;Agropecuária;215;206;9
4109401;Guarapuava;PR;Novo CAGED;2026-10-06T16:53:23.546027+00:00;2025-01;industry;Indústria;508;501;7
4109401;Guarapuava;PR;Novo CAGED;2026-10-06T16:53:23.546027+00:00;2025-01;construction;Construção;269;217;52
4109401;Guarapuava;PR;Novo CAGED;2026-10-06T16:53:23.546027+00:00;2025-01;commerce;Comércio;732;809;-77
4109401;Guarapuava;PR;Novo CAGED;2026-10-06T16:53:23.546027+00:00;2025-01;services;Serviços;849;864;-15
4109401;Guarapuava;PR;Novo CAGED;2026-10-06T16:53:23.546027+00:00;2025-02;agriculture;Agropecuária;136;180;-44
4109401;Guarapuava;PR;Novo CAGED;2026-10-06T16:53:23.546027+00:00;2025-02;industry;Indústria;501;491;10
4109401;Guarapuava;PR;Novo CAGED;2026-10-06T16:53:23.546027+00:00;2025-02;construction;Construção;219;250;-31
4109401;Guarapuava;PR;Novo CAGED;2026-10-06T16:53:23.546027+00:00;2025-02;commerce;Comércio;1044;845;199
4109401;Guarapuava;PR;Novo CAGED;2026-10-06T16:53:23.546027+00:00;2025-02;services;Serviços;1013;818;195
4109401;Guarapuava;PR;Novo CAGED;2026-10-06T16:53:23.546027+00:00;2025-03;agriculture;Agropecuária;121;171;-50
4109401;Guarapuava;PR;Novo CAGED;2026-10-06T16:53:23.546027+00:00;2025-03;industry;Indústria;563;401;162
4109401;Guarapuava;PR;Novo CAGED;2026-10-06T16:53:23.546027+00:00;2025-03;construction;Construção;273;258;15
4109401;Guarapuava;PR;Novo CAGED;2026-10-06T16:53:23.546027+00:00;2025-03;commerce;Comércio;766;889;-123
4109401;Guarapuava;PR;Novo CAGED;2026-10-06T16:53:23.546027+00:00;2025-03;services;Serviços;870;839;31
4109401;Guarapuava;PR;Novo CAGED;2026-10-06T16:53:23.546027+00:00;2025-04;agriculture;Agropecuária;92;124;-32
4109401;Guarapuava;PR;Novo CAGED;2026-10-06T16:53:23.546027+00:00;2025-04;industry;Indústria;480;428;52
4109401;Guarapuava;PR;Novo CAGED;2026-10-06T16:53:23.546027+00:00;2025-04;construction;Construção;199;184;15
4109401;Guarapuava;PR;Novo CAGED;2026-10-06T16:53:23.546027+00:00;2025-04;commerce;Comércio;799;738;61
4109401;Guarapuava;PR;Novo CAGED;2026-10-06T16:53:23.546027+00:00;2025-04;services;Serviços;814;769;45
4109401;Guarapuava;PR;Novo CAGED;2026-10-06T16:53:23.546027+00:00;2025-05;agriculture;Agropecuária;105;196;-91
4109401;Guarapuava;PR;Novo CAGED;2026-10-06T16:53:23.546027+00:00;2025-05;industry;Indústria;541;547;-6
4109401;Guarapuava;PR;Novo CAGED;2026-10-06T16:53:23.546027+00:00;2025-05;construction;Construção;157;187;-30
4109401;Guarapuava;PR;Novo CAGED;2026-10-06T16:53:23.546027+00:00;2025-05;commerce;Comércio;738;829;-91
4109401;Guarapuava;PR;Novo CAGED;2026-10-06T16:53:23.546027+00:00;2025-05;services;Serviços;828;748;80
4109401;Guarapuava;PR;Novo CAGED;2026-10-06T16:53:23.546027+00:00;2025-06;agriculture;Agropecuária;94;418;-324
4109401;Guarapuava;PR;Novo CAGED;2026-10-06T16:53:23.546027+00:00;2025-06;industry;Indústria;408;482;-74
4109401;Guarapuava;PR;Novo CAGED;2026-10-06T16:53:23.546027+00:00;2025-06;construction;Construção;203;223;-20
4109401;Guarapuava;PR;Novo CAGED;2026-10-06T16:53:23.546027+00:00;2025-06;commerce;Comércio;669;788;-119
4109401;Guarapuava;PR;Novo CAGED;2026-10-06T16:53:23.546027+00:00;2025-06;services;Serviços;798;740;58
4109401;Guarapuava;PR;Novo CAGED;2026-10-06T16:53:23.546027+00:00;2025-07;agriculture;Agropecuária;83;177;-94
4109401;Guarapuava;PR;Novo CAGED;2026-10-06T16:53:23.546027+00:00;2025-07;industry;Indústria;405;472;-67
4109401;Guarapuava;PR;Novo CAGED;2026-10-06T16:53:23.546027+00:00;2025-07;construction;Construção;340;199;141
4109401;Guarapuava;PR;Novo CAGED;2026-10-06T16:53:23.546027+00:00;2025-07;commerce;Comércio;661;808;-147
4109401;Guarapuava;PR;Novo CAGED;2026-10-06T16:53:23.546027+00:00;2025-07;services;Serviços;822;747;75
4109401;Guarapuava;PR;Novo CAGED;2026-10-06T16:53:23.546027+00:00;2025-08;agriculture;Agropecuária;151;91;60
4109401;Guarapuava;PR;Novo CAGED;2026-10-06T16:53:23.546027+00:00;2025-08;industry;Indústria;408;695;-287
4109401;Guarapuava;PR;Novo CAGED;2026-10-06T16:53:23.546027+00:00;2025-08;construction;Construção;269;228;41
4109401;Guarapuava;PR;Novo CAGED;2026-10-06T16:53:23.546027+00:00;2025-08;commerce;Comércio;770;743;27
4109401;Guarapuava;PR;Novo CAGED;2026-10-06T16:53:23.546027+00:00;2025-08;services;Serviços;800;729;71
4109401;Guarapuava;PR;Novo CAGED;2026-10-06T16:53:23.546027+00:00;2025-09;agriculture;Agropecuária;129;104;25
4109401;Guarapuava;PR;Novo CAGED;2026-10-06T16:53:23.546027+00:00;2025-09;industry;Indústria;321;430;-109
4109401;Guarapuava;PR;Novo CAGED;2026-10-06T16:53:23.546027+00:00;2025-09;construction;Construção;246;285;-39
4109401;Guarapuava;PR;Novo CAGED;2026-10-06T16:53:23.546027+00:00;2025-09;commerce;Comércio;723;720;3
4109401;Guarapuava;PR;Novo CAGED;2026-10-06T16:53:23.546027+00:00;2025-09;services;Serviços;836;734;102
4109401;Guarapuava;PR;Novo CAGED;2026-10-06T16:53:23.546027+00:00;2025-10;agriculture;Agropecuária;86;103;-17
4109401;Guarapuava;PR;Novo CAGED;2026-10-06T16:53:23.546027+00:00;2025-10;industry;Indústria;305;450;-145
4109401;Guarapuava;PR;Novo CAGED;2026-10-06T16:53:23.546027+00:00;2025-10;construction;Construção;191;209;-18
4109401;Guarapuava;PR;Novo CAGED;2026-10-06T16:53:23.546027+00:00;2025-10;commerce;Comércio;829;785;44
4109401;Guarapuava;PR;Novo CAGED;2026-10-06T16:53:23.546027+00:00;2025-10;services;Serviços;809;733;76
4109401;Guarapuava;PR;Novo CAGED;2026-10-06T16:53:23.546027+00:00;2025-11;agriculture;Agropecuária;206;86;120
4109401;Guarapuava;PR;Novo CAGED;2026-10-06T16:53:23.546027+00:00;2025-11;industry;Indústria;294;311;-17
4109401;Guarapuava;PR;Novo CAGED;2026-10-06T16:53:23.546027+00:00;2025-11;construction;Construção;187;180;7
4109401;Guarapuava;PR;Novo CAGED;2026-10-06T16:53:23.546027+00:00;2025-11;commerce;Comércio;741;615;126
4109401;Guarapuava;PR;Novo CAGED;2026-10-06T16:53:23.546027+00:00;2025-11;services;Serviços;693;606;87
4109401;Guarapuava;PR;Novo CAGED;2026-10-06T16:53:23.546027+00:00;2025-12;agriculture;Agropecuária;359;101;258
4109401;Guarapuava;PR;Novo CAGED;2026-10-06T16:53:23.546027+00:00;2025-12;industry;Indústria;144;280;-136
4109401;Guarapuava;PR;Novo CAGED;2026-10-06T16:53:23.546027+00:00;2025-12;construction;Construção;86;207;-121
4109401;Guarapuava;PR;Novo CAGED;2026-10-06T16:53:23.546027+00:00;2025-12;commerce;Comércio;662;691;-29
4109401;Guarapuava;PR;Novo CAGED;2026-10-06T16:53:23.546027+00:00;2025-12;services;Serviços;470;748;-278
4109401;Guarapuava;PR;Novo CAGED;2026-10-06T16:53:23.546027+00:00;2026-01;agriculture;Agropecuária;275;149;126
4109401;Guarapuava;PR;Novo CAGED;2026-10-06T16:53:23.546027+00:00;2026-01;industry;Indústria;425;373;52
4109401;Guarapuava;PR;Novo CAGED;2026-10-06T16:53:23.546027+00:00;2026-01;construction;Construção;246;174;72
4109401;Guarapuava;PR;Novo CAGED;2026-10-06T16:53:23.546027+00:00;2026-01;commerce;Comércio;716;832;-116
4109401;Guarapuava;PR;Novo CAGED;2026-10-06T16:53:23.546027+00:00;2026-01;services;Serviços;934;769;165
4109401;Guarapuava;PR;Novo CAGED;2026-10-06T16:53:23.546027+00:00;2026-02;agriculture;Agropecuária;127;175;-48
4109401;Guarapuava;PR;Novo CAGED;2026-10-06T16:53:23.546027+00:00;2026-02;industry;Indústria;448;464;-16
4109401;Guarapuava;PR;Novo CAGED;2026-10-06T16:53:23.546027+00:00;2026-02;construction;Construção;210;232;-22
4109401;Guarapuava;PR;Novo CAGED;2026-10-06T16:53:23.546027+00:00;2026-02;commerce;Comércio;821;882;-61
4109401;Guarapuava;PR;Novo CAGED;2026-10-06T16:53:23.546027+00:00;2026-02;services;Serviços;1011;853;158
4109401;Guarapuava;PR;Novo CAGED;2026-10-06T16:53:23.546027+00:00;2026-03;agriculture;Agropecuária;155;186;-31
4109401;Guarapuava;PR;Novo CAGED;2026-10-06T16:53:23.546027+00:00;2026-03;industry;Indústria;477;423;54
4109401;Guarapuava;PR;Novo CAGED;2026-10-06T16:53:23.546027+00:00;2026-03;construction;Construção;297;230;67
4109401;Guarapuava;PR;Novo CAGED;2026-10-06T16:53:23.546027+00:00;2026-03;commerce;Comércio;841;766;75
4109401;Guarapuava;PR;Novo CAGED;2026-10-06T16:53:23.546027+00:00;2026-03;services;Serviços;1201;863;338
4109401;Guarapuava;PR;Novo CAGED;2026-10-06T16:53:23.546027+00:00;2026-04;agriculture;Agropecuária;120;134;-14
4109401;Guarapuava;PR;Novo CAGED;2026-10-06T16:53:23.546027+00:00;2026-04;industry;Indústria;402;360;42
4109401;Guarapuava;PR;Novo CAGED;2026-10-06T16:53:23.546027+00:00;2026-04;construction;Construção;254;214;40
4109401;Guarapuava;PR;Novo CAGED;2026-10-06T16:53:23.546027+00:00;2026-04;commerce;Comércio;753;718;35
4109401;Guarapuava;PR;Novo CAGED;2026-10-06T16:53:23.546027+00:00;2026-04;services;Serviços;890;841;49
4109401;Guarapuava;PR;Novo CAGED;2026-10-06T16:53:23.546027+00:00;2026-05;agriculture;Agropecuária;81;197;-116
4109401;Guarapuava;PR;Novo CAGED;2026-10-06T16:53:23.546027+00:00;2026-05;industry;Indústria;322;377;-55
4109401;Guarapuava;PR;Novo CAGED;2026-10-06T16:53:23.546027+00:00;2026-05;construction;Construção;210;253;-43
4109401;Guarapuava;PR;Novo CAGED;2026-10-06T16:53:23.546027+00:00;2026-05;commerce;Comércio;678;755;-77
4109401;Guarapuava;PR;Novo CAGED;2026-10-06T16:53:23.546027+00:00;2026-05;services;Serviços;706;764;-58
4109401;Guarapuava;PR;Novo CAGED;2026-10-06T16:53:23.546027+00:00;2026-06;agriculture;Agropecuária;75;412;-337
4109401;Guarapuava;PR;Novo CAGED;2026-10-06T16:53:23.546027+00:00;2026-06;industry;Indústria;346;371;-25
4109401;Guarapuava;PR;Novo CAGED;2026-10-06T16:53:23.546027+00:00;2026-06;construction;Construção;258;219;39
4109401;Guarapuava;PR;Novo CAGED;2026-10-06T16:53:23.546027+00:00;2026-06;commerce;Comércio;718;875;-157
4109401;Guarapuava;PR;Novo CAGED;2026-10-06T16:53:23.546027+00:00;2026-06;services;Serviços;789;703;86
4109401;Guarapuava;PR;Novo CAGED;2026-10-06T16:53:23.546027+00:00;2026-07;agriculture;Agropecuária;93;106;-13
4109401;Guarapuava;PR;Novo CAGED;2026-10-06T16:53:23.546027+00:00;2026-07;industry;Indústria;333;399;-66
4109401;Guarapuava;PR;Novo CAGED;2026-10-06T16:53:23.546027+00:00;2026-07;construction;Construção;228;241;-13
4109401;Guarapuava;PR;Novo CAGED;2026-10-06T16:53:23.546027+00:00;2026-07;commerce;Comércio;793;773;20
4109401;Guarapuava;PR;Novo CAGED;2026-10-06T16:53:23.546027+00:00;2026-07;services;Serviços;849;856;-7
4109401;Guarapuava;PR;Novo CAGED;2026-10-06T16:53:23.546027+00:00;2026-08;agriculture;Agropecuária;96;76;20
4109401;Guarapuava;PR;Novo CAGED;2026-10-06T16:53:23.546027+00:00;2026-08;industry;Indústria;329;372;-43
4109401;Guarapuava;PR;Novo CAGED;2026-10-06T16:53:23.546027+00:00;2026-08;construction;Construção;171;197;-26
4109401;Guarapuava;PR;Novo CAGED;2026-10-06T16:53:23.546027+00:00;2026-08;commerce;Comércio;1259;1161;98
4109401;Guarapuava;PR;Novo CAGED;2026-10-06T16:53:23.546027+00:00;2026-08;services;Serviços;911;783;128
4119608;Pitanga;PR;Novo CAGED;2026-10-06T16:53:23.546027+00:00;2024-09;agriculture;Agropecuária;6;8;-2
4119608;Pitanga;PR;Novo CAGED;2026-10-06T16:53:23.546027+00:00;2024-09;industry;Indústria;50;62;-12
4119608;Pitanga;PR;Novo CAGED;2026-10-06T16:53:23.546027+00:00;2024-09;construction;Construção;59;24;35
4119608;Pitanga;PR;Novo CAGED;2026-10-06T16:53:23.546027+00:00;2024-09;commerce;Comércio;101;66;35
4119608;Pitanga;PR;Novo CAGED;2026-10-06T16:53:23.546027+00:00;2024-09;services;Serviços;62;90;-28
4119608;Pitanga;PR;Novo CAGED;2026-10-06T16:53:23.546027+00:00;2024-10;agriculture;Agropecuária;11;11;0
4119608;Pitanga;PR;Novo CAGED;2026-10-06T16:53:23.546027+00:00;2024-10;industry;Indústria;51;45;6
4119608;Pitanga;PR;Novo CAGED;2026-10-06T16:53:23.546027+00:00;2024-10;construction;Construção;34;27;7
4119608;Pitanga;PR;Novo CAGED;2026-10-06T16:53:23.546027+00:00;2024-10;commerce;Comércio;102;74;28
4119608;Pitanga;PR;Novo CAGED;2026-10-06T16:53:23.546027+00:00;2024-10;services;Serviços;61;62;-1
4119608;Pitanga;PR;Novo CAGED;2026-10-06T16:53:23.546027+00:00;2024-11;agriculture;Agropecuária;7;10;-3
4119608;Pitanga;PR;Novo CAGED;2026-10-06T16:53:23.546027+00:00;2024-11;industry;Indústria;33;40;-7
4119608;Pitanga;PR;Novo CAGED;2026-10-06T16:53:23.546027+00:00;2024-11;construction;Construção;51;31;20
4119608;Pitanga;PR;Novo CAGED;2026-10-06T16:53:23.546027+00:00;2024-11;commerce;Comércio;73;69;4
4119608;Pitanga;PR;Novo CAGED;2026-10-06T16:53:23.546027+00:00;2024-11;services;Serviços;76;65;11
4119608;Pitanga;PR;Novo CAGED;2026-10-06T16:53:23.546027+00:00;2024-12;agriculture;Agropecuária;15;6;9
4119608;Pitanga;PR;Novo CAGED;2026-10-06T16:53:23.546027+00:00;2024-12;industry;Indústria;31;78;-47
4119608;Pitanga;PR;Novo CAGED;2026-10-06T16:53:23.546027+00:00;2024-12;construction;Construção;6;40;-34
4119608;Pitanga;PR;Novo CAGED;2026-10-06T16:53:23.546027+00:00;2024-12;commerce;Comércio;83;74;9
4119608;Pitanga;PR;Novo CAGED;2026-10-06T16:53:23.546027+00:00;2024-12;services;Serviços;43;76;-33
4119608;Pitanga;PR;Novo CAGED;2026-10-06T16:53:23.546027+00:00;2025-01;agriculture;Agropecuária;17;21;-4
4119608;Pitanga;PR;Novo CAGED;2026-10-06T16:53:23.546027+00:00;2025-01;industry;Indústria;36;43;-7
4119608;Pitanga;PR;Novo CAGED;2026-10-06T16:53:23.546027+00:00;2025-01;construction;Construção;50;33;17
4119608;Pitanga;PR;Novo CAGED;2026-10-06T16:53:23.546027+00:00;2025-01;commerce;Comércio;62;98;-36
4119608;Pitanga;PR;Novo CAGED;2026-10-06T16:53:23.546027+00:00;2025-01;services;Serviços;57;65;-8
4119608;Pitanga;PR;Novo CAGED;2026-10-06T16:53:23.546027+00:00;2025-02;agriculture;Agropecuária;8;7;1
4119608;Pitanga;PR;Novo CAGED;2026-10-06T16:53:23.546027+00:00;2025-02;industry;Indústria;110;49;61
4119608;Pitanga;PR;Novo CAGED;2026-10-06T16:53:23.546027+00:00;2025-02;construction;Construção;61;27;34
4119608;Pitanga;PR;Novo CAGED;2026-10-06T16:53:23.546027+00:00;2025-02;commerce;Comércio;128;100;28
4119608;Pitanga;PR;Novo CAGED;2026-10-06T16:53:23.546027+00:00;2025-02;services;Serviços;94;64;30
4119608;Pitanga;PR;Novo CAGED;2026-10-06T16:53:23.546027+00:00;2025-03;agriculture;Agropecuária;6;22;-16
4119608;Pitanga;PR;Novo CAGED;2026-10-06T16:53:23.546027+00:00;2025-03;industry;Indústria;55;47;8
4119608;Pitanga;PR;Novo CAGED;2026-10-06T16:53:23.546027+00:00;2025-03;construction;Construção;53;23;30
4119608;Pitanga;PR;Novo CAGED;2026-10-06T16:53:23.546027+00:00;2025-03;commerce;Comércio;111;84;27
4119608;Pitanga;PR;Novo CAGED;2026-10-06T16:53:23.546027+00:00;2025-03;services;Serviços;46;65;-19
4119608;Pitanga;PR;Novo CAGED;2026-10-06T16:53:23.546027+00:00;2025-04;agriculture;Agropecuária;10;13;-3
4119608;Pitanga;PR;Novo CAGED;2026-10-06T16:53:23.546027+00:00;2025-04;industry;Indústria;69;43;26
4119608;Pitanga;PR;Novo CAGED;2026-10-06T16:53:23.546027+00:00;2025-04;construction;Construção;25;42;-17
4119608;Pitanga;PR;Novo CAGED;2026-10-06T16:53:23.546027+00:00;2025-04;commerce;Comércio;90;91;-1
4119608;Pitanga;PR;Novo CAGED;2026-10-06T16:53:23.546027+00:00;2025-04;services;Serviços;59;39;20
4119608;Pitanga;PR;Novo CAGED;2026-10-06T16:53:23.546027+00:00;2025-05;agriculture;Agropecuária;16;15;1
4119608;Pitanga;PR;Novo CAGED;2026-10-06T16:53:23.546027+00:00;2025-05;industry;Indústria;46;49;-3
4119608;Pitanga;PR;Novo CAGED;2026-10-06T16:53:23.546027+00:00;2025-05;construction;Construção;34;33;1
4119608;Pitanga;PR;Novo CAGED;2026-10-06T16:53:23.546027+00:00;2025-05;commerce;Comércio;93;97;-4
4119608;Pitanga;PR;Novo CAGED;2026-10-06T16:53:23.546027+00:00;2025-05;services;Serviços;73;62;11
4119608;Pitanga;PR;Novo CAGED;2026-10-06T16:53:23.546027+00:00;2025-06;agriculture;Agropecuária;34;15;19
4119608;Pitanga;PR;Novo CAGED;2026-10-06T16:53:23.546027+00:00;2025-06;industry;Indústria;41;63;-22
4119608;Pitanga;PR;Novo CAGED;2026-10-06T16:53:23.546027+00:00;2025-06;construction;Construção;9;14;-5
4119608;Pitanga;PR;Novo CAGED;2026-10-06T16:53:23.546027+00:00;2025-06;commerce;Comércio;74;80;-6
4119608;Pitanga;PR;Novo CAGED;2026-10-06T16:53:23.546027+00:00;2025-06;services;Serviços;67;43;24
4119608;Pitanga;PR;Novo CAGED;2026-10-06T16:53:23.546027+00:00;2025-07;agriculture;Agropecuária;15;17;-2
4119608;Pitanga;PR;Novo CAGED;2026-10-06T16:53:23.546027+00:00;2025-07;industry;Indústria;86;34;52
4119608;Pitanga;PR;Novo CAGED;2026-10-06T16:53:23.546027+00:00;2025-07;construction;Construção;22;24;-2
4119608;Pitanga;PR;Novo CAGED;2026-10-06T16:53:23.546027+00:00;2025-07;commerce;Comércio;92;74;18
4119608;Pitanga;PR;Novo CAGED;2026-10-06T16:53:23.546027+00:00;2025-07;services;Serviços;64;66;-2
4119608;Pitanga;PR;Novo CAGED;2026-10-06T16:53:23.546027+00:00;2025-08;agriculture;Agropecuária;12;22;-10
4119608;Pitanga;PR;Novo CAGED;2026-10-06T16:53:23.546027+00:00;2025-08;industry;Indústria;20;46;-26
4119608;Pitanga;PR;Novo CAGED;2026-10-06T16:53:23.546027+00:00;2025-08;construction;Construção;31;21;10
4119608;Pitanga;PR;Novo CAGED;2026-10-06T16:53:23.546027+00:00;2025-08;commerce;Comércio;79;92;-13
4119608;Pitanga;PR;Novo CAGED;2026-10-06T16:53:23.546027+00:00;2025-08;services;Serviços;65;50;15
4119608;Pitanga;PR;Novo CAGED;2026-10-06T16:53:23.546027+00:00;2025-09;agriculture;Agropecuária;29;13;16
4119608;Pitanga;PR;Novo CAGED;2026-10-06T16:53:23.546027+00:00;2025-09;industry;Indústria;40;59;-19
4119608;Pitanga;PR;Novo CAGED;2026-10-06T16:53:23.546027+00:00;2025-09;construction;Construção;26;15;11
4119608;Pitanga;PR;Novo CAGED;2026-10-06T16:53:23.546027+00:00;2025-09;commerce;Comércio;91;77;14
4119608;Pitanga;PR;Novo CAGED;2026-10-06T16:53:23.546027+00:00;2025-09;services;Serviços;79;59;20
4119608;Pitanga;PR;Novo CAGED;2026-10-06T16:53:23.546027+00:00;2025-10;agriculture;Agropecuária;17;18;-1
4119608;Pitanga;PR;Novo CAGED;2026-10-06T16:53:23.546027+00:00;2025-10;industry;Indústria;33;50;-17
4119608;Pitanga;PR;Novo CAGED;2026-10-06T16:53:23.546027+00:00;2025-10;construction;Construção;41;16;25
4119608;Pitanga;PR;Novo CAGED;2026-10-06T16:53:23.546027+00:00;2025-10;commerce;Comércio;79;92;-13
4119608;Pitanga;PR;Novo CAGED;2026-10-06T16:53:23.546027+00:00;2025-10;services;Serviços;77;54;23
4119608;Pitanga;PR;Novo CAGED;2026-10-06T16:53:23.546027+00:00;2025-11;agriculture;Agropecuária;14;15;-1
4119608;Pitanga;PR;Novo CAGED;2026-10-06T16:53:23.546027+00:00;2025-11;industry;Indústria;36;37;-1
4119608;Pitanga;PR;Novo CAGED;2026-10-06T16:53:23.546027+00:00;2025-11;construction;Construção;18;20;-2
4119608;Pitanga;PR;Novo CAGED;2026-10-06T16:53:23.546027+00:00;2025-11;commerce;Comércio;67;74;-7
4119608;Pitanga;PR;Novo CAGED;2026-10-06T16:53:23.546027+00:00;2025-11;services;Serviços;68;62;6
4119608;Pitanga;PR;Novo CAGED;2026-10-06T16:53:23.546027+00:00;2025-12;agriculture;Agropecuária;15;10;5
4119608;Pitanga;PR;Novo CAGED;2026-10-06T16:53:23.546027+00:00;2025-12;industry;Indústria;37;55;-18
4119608;Pitanga;PR;Novo CAGED;2026-10-06T16:53:23.546027+00:00;2025-12;construction;Construção;8;53;-45
4119608;Pitanga;PR;Novo CAGED;2026-10-06T16:53:23.546027+00:00;2025-12;commerce;Comércio;68;77;-9
4119608;Pitanga;PR;Novo CAGED;2026-10-06T16:53:23.546027+00:00;2025-12;services;Serviços;35;70;-35
4119608;Pitanga;PR;Novo CAGED;2026-10-06T16:53:23.546027+00:00;2026-01;agriculture;Agropecuária;5;11;-6
4119608;Pitanga;PR;Novo CAGED;2026-10-06T16:53:23.546027+00:00;2026-01;industry;Indústria;39;33;6
4119608;Pitanga;PR;Novo CAGED;2026-10-06T16:53:23.546027+00:00;2026-01;construction;Construção;12;24;-12
4119608;Pitanga;PR;Novo CAGED;2026-10-06T16:53:23.546027+00:00;2026-01;commerce;Comércio;71;85;-14
4119608;Pitanga;PR;Novo CAGED;2026-10-06T16:53:23.546027+00:00;2026-01;services;Serviços;84;74;10
4119608;Pitanga;PR;Novo CAGED;2026-10-06T16:53:23.546027+00:00;2026-02;agriculture;Agropecuária;17;17;0
4119608;Pitanga;PR;Novo CAGED;2026-10-06T16:53:23.546027+00:00;2026-02;industry;Indústria;57;43;14
4119608;Pitanga;PR;Novo CAGED;2026-10-06T16:53:23.546027+00:00;2026-02;construction;Construção;23;16;7
4119608;Pitanga;PR;Novo CAGED;2026-10-06T16:53:23.546027+00:00;2026-02;commerce;Comércio;76;101;-25
4119608;Pitanga;PR;Novo CAGED;2026-10-06T16:53:23.546027+00:00;2026-02;services;Serviços;123;81;42
4119608;Pitanga;PR;Novo CAGED;2026-10-06T16:53:23.546027+00:00;2026-03;agriculture;Agropecuária;19;16;3
4119608;Pitanga;PR;Novo CAGED;2026-10-06T16:53:23.546027+00:00;2026-03;industry;Indústria;65;57;8
4119608;Pitanga;PR;Novo CAGED;2026-10-06T16:53:23.546027+00:00;2026-03;construction;Construção;21;11;10
4119608;Pitanga;PR;Novo CAGED;2026-10-06T16:53:23.546027+00:00;2026-03;commerce;Comércio;103;94;9
4119608;Pitanga;PR;Novo CAGED;2026-10-06T16:53:23.546027+00:00;2026-03;services;Serviços;112;78;34
4119608;Pitanga;PR;Novo CAGED;2026-10-06T16:53:23.546027+00:00;2026-04;agriculture;Agropecuária;22;17;5
4119608;Pitanga;PR;Novo CAGED;2026-10-06T16:53:23.546027+00:00;2026-04;industry;Indústria;56;59;-3
4119608;Pitanga;PR;Novo CAGED;2026-10-06T16:53:23.546027+00:00;2026-04;construction;Construção;11;20;-9
4119608;Pitanga;PR;Novo CAGED;2026-10-06T16:53:23.546027+00:00;2026-04;commerce;Comércio;76;85;-9
4119608;Pitanga;PR;Novo CAGED;2026-10-06T16:53:23.546027+00:00;2026-04;services;Serviços;84;98;-14
4119608;Pitanga;PR;Novo CAGED;2026-10-06T16:53:23.546027+00:00;2026-05;agriculture;Agropecuária;9;15;-6
4119608;Pitanga;PR;Novo CAGED;2026-10-06T16:53:23.546027+00:00;2026-05;industry;Indústria;43;37;6
4119608;Pitanga;PR;Novo CAGED;2026-10-06T16:53:23.546027+00:00;2026-05;construction;Construção;17;17;0
4119608;Pitanga;PR;Novo CAGED;2026-10-06T16:53:23.546027+00:00;2026-05;commerce;Comércio;93;93;0
4119608;Pitanga;PR;Novo CAGED;2026-10-06T16:53:23.546027+00:00;2026-05;services;Serviços;92;71;21
4119608;Pitanga;PR;Novo CAGED;2026-10-06T16:53:23.546027+00:00;2026-06;agriculture;Agropecuária;9;11;-2
4119608;Pitanga;PR;Novo CAGED;2026-10-06T16:53:23.546027+00:00;2026-06;industry;Indústria;32;55;-23
4119608;Pitanga;PR;Novo CAGED;2026-10-06T16:53:23.546027+00:00;2026-06;construction;Construção;16;23;-7
4119608;Pitanga;PR;Novo CAGED;2026-10-06T16:53:23.546027+00:00;2026-06;commerce;Comércio;77;75;2
4119608;Pitanga;PR;Novo CAGED;2026-10-06T16:53:23.546027+00:00;2026-06;services;Serviços;67;61;6
4119608;Pitanga;PR;Novo CAGED;2026-10-06T16:53:23.546027+00:00;2026-07;agriculture;Agropecuária;11;11;0
4119608;Pitanga;PR;Novo CAGED;2026-10-06T16:53:23.546027+00:00;2026-07;industry;Indústria;44;37;7
4119608;Pitanga;PR;Novo CAGED;2026-10-06T16:53:23.546027+00:00;2026-07;construction;Construção;30;17;13
4119608;Pitanga;PR;Novo CAGED;2026-10-06T16:53:23.546027+00:00;2026-07;commerce;Comércio;85;64;21
4119608;Pitanga;PR;Novo CAGED;2026-10-06T16:53:23.546027+00:00;2026-07;services;Serviços;102;79;23
4119608;Pitanga;PR;Novo CAGED;2026-10-06T16:53:23.546027+00:00;2026-08;agriculture;Agropecuária;13;17;-4
4119608;Pitanga;PR;Novo CAGED;2026-10-06T16:53:23.546027+00:00;2026-08;industry;Indústria;65;40;25
4119608;Pitanga;PR;Novo CAGED;2026-10-06T16:53:23.546027+00:00;2026-08;construction;Construção;18;11;7
4119608;Pitanga;PR;Novo CAGED;2026-10-06T16:53:23.546027+00:00;2026-08;commerce;Comércio;86;79;7
4119608;Pitanga;PR;Novo CAGED;2026-10-06T16:53:23.546027+00:00;2026-08;services;Serviços;106;81;25
4113254;Laranjal;PR;Novo CAGED;2026-10-06T16:53:23.546027+00:00;2024-09;agriculture;Agropecuária;4;1;3
4113254;Laranjal;PR;Novo CAGED;2026-10-06T16:53:23.546027+00:00;2024-09;industry;Indústria;0;1;-1
4113254;Laranjal;PR;Novo CAGED;2026-10-06T16:53:23.546027+00:00;2024-09;construction;Construção;0;0;0
4113254;Laranjal;PR;Novo CAGED;2026-10-06T16:53:23.546027+00:00;2024-09;commerce;Comércio;3;0;3
4113254;Laranjal;PR;Novo CAGED;2026-10-06T16:53:23.546027+00:00;2024-09;services;Serviços;1;0;1
4113254;Laranjal;PR;Novo CAGED;2026-10-06T16:53:23.546027+00:00;2024-10;agriculture;Agropecuária;1;2;-1
4113254;Laranjal;PR;Novo CAGED;2026-10-06T16:53:23.546027+00:00;2024-10;industry;Indústria;0;0;0
4113254;Laranjal;PR;Novo CAGED;2026-10-06T16:53:23.546027+00:00;2024-10;construction;Construção;0;1;-1
4113254;Laranjal;PR;Novo CAGED;2026-10-06T16:53:23.546027+00:00;2024-10;commerce;Comércio;2;2;0
4113254;Laranjal;PR;Novo CAGED;2026-10-06T16:53:23.546027+00:00;2024-10;services;Serviços;1;1;0
4113254;Laranjal;PR;Novo CAGED;2026-10-06T16:53:23.546027+00:00;2024-11;agriculture;Agropecuária;3;2;1
4113254;Laranjal;PR;Novo CAGED;2026-10-06T16:53:23.546027+00:00;2024-11;industry;Indústria;0;0;0
4113254;Laranjal;PR;Novo CAGED;2026-10-06T16:53:23.546027+00:00;2024-11;construction;Construção;0;0;0
4113254;Laranjal;PR;Novo CAGED;2026-10-06T16:53:23.546027+00:00;2024-11;commerce;Comércio;0;1;-1
4113254;Laranjal;PR;Novo CAGED;2026-10-06T16:53:23.546027+00:00;2024-11;services;Serviços;0;2;-2
4113254;Laranjal;PR;Novo CAGED;2026-10-06T16:53:23.546027+00:00;2024-12;agriculture;Agropecuária;0;1;-1
4113254;Laranjal;PR;Novo CAGED;2026-10-06T16:53:23.546027+00:00;2024-12;industry;Indústria;0;0;0
4113254;Laranjal;PR;Novo CAGED;2026-10-06T16:53:23.546027+00:00;2024-12;construction;Construção;0;0;0
4113254;Laranjal;PR;Novo CAGED;2026-10-06T16:53:23.546027+00:00;2024-12;commerce;Comércio;4;2;2
4113254;Laranjal;PR;Novo CAGED;2026-10-06T16:53:23.546027+00:00;2024-12;services;Serviços;1;0;1
4113254;Laranjal;PR;Novo CAGED;2026-10-06T16:53:23.546027+00:00;2025-01;agriculture;Agropecuária;4;6;-2
4113254;Laranjal;PR;Novo CAGED;2026-10-06T16:53:23.546027+00:00;2025-01;industry;Indústria;0;0;0
4113254;Laranjal;PR;Novo CAGED;2026-10-06T16:53:23.546027+00:00;2025-01;construction;Construção;1;0;1
4113254;Laranjal;PR;Novo CAGED;2026-10-06T16:53:23.546027+00:00;2025-01;commerce;Comércio;1;2;-1
4113254;Laranjal;PR;Novo CAGED;2026-10-06T16:53:23.546027+00:00;2025-01;services;Serviços;0;1;-1
4113254;Laranjal;PR;Novo CAGED;2026-10-06T16:53:23.546027+00:00;2025-02;agriculture;Agropecuária;1;1;0
4113254;Laranjal;PR;Novo CAGED;2026-10-06T16:53:23.546027+00:00;2025-02;industry;Indústria;0;0;0
4113254;Laranjal;PR;Novo CAGED;2026-10-06T16:53:23.546027+00:00;2025-02;construction;Construção;0;1;-1
4113254;Laranjal;PR;Novo CAGED;2026-10-06T16:53:23.546027+00:00;2025-02;commerce;Comércio;11;2;9
4113254;Laranjal;PR;Novo CAGED;2026-10-06T16:53:23.546027+00:00;2025-02;services;Serviços;0;1;-1
4113254;Laranjal;PR;Novo CAGED;2026-10-06T16:53:23.546027+00:00;2025-03;agriculture;Agropecuária;15;1;14
4113254;Laranjal;PR;Novo CAGED;2026-10-06T16:53:23.546027+00:00;2025-03;industry;Indústria;0;0;0
4113254;Laranjal;PR;Novo CAGED;2026-10-06T16:53:23.546027+00:00;2025-03;construction;Construção;1;0;1
4113254;Laranjal;PR;Novo CAGED;2026-10-06T16:53:23.546027+00:00;2025-03;commerce;Comércio;3;2;1
4113254;Laranjal;PR;Novo CAGED;2026-10-06T16:53:23.546027+00:00;2025-03;services;Serviços;1;2;-1
4113254;Laranjal;PR;Novo CAGED;2026-10-06T16:53:23.546027+00:00;2025-04;agriculture;Agropecuária;1;2;-1
4113254;Laranjal;PR;Novo CAGED;2026-10-06T16:53:23.546027+00:00;2025-04;industry;Indústria;1;1;0
4113254;Laranjal;PR;Novo CAGED;2026-10-06T16:53:23.546027+00:00;2025-04;construction;Construção;0;0;0
4113254;Laranjal;PR;Novo CAGED;2026-10-06T16:53:23.546027+00:00;2025-04;commerce;Comércio;1;3;-2
4113254;Laranjal;PR;Novo CAGED;2026-10-06T16:53:23.546027+00:00;2025-04;services;Serviços;3;3;0
4113254;Laranjal;PR;Novo CAGED;2026-10-06T16:53:23.546027+00:00;2025-05;agriculture;Agropecuária;10;9;1
4113254;Laranjal;PR;Novo CAGED;2026-10-06T16:53:23.546027+00:00;2025-05;industry;Indústria;1;1;0
4113254;Laranjal;PR;Novo CAGED;2026-10-06T16:53:23.546027+00:00;2025-05;construction;Construção;0;0;0
4113254;Laranjal;PR;Novo CAGED;2026-10-06T16:53:23.546027+00:00;2025-05;commerce;Comércio;3;4;-1
4113254;Laranjal;PR;Novo CAGED;2026-10-06T16:53:23.546027+00:00;2025-05;services;Serviços;3;2;1
4113254;Laranjal;PR;Novo CAGED;2026-10-06T16:53:23.546027+00:00;2025-06;agriculture;Agropecuária;6;6;0
4113254;Laranjal;PR;Novo CAGED;2026-10-06T16:53:23.546027+00:00;2025-06;industry;Indústria;0;0;0
4113254;Laranjal;PR;Novo CAGED;2026-10-06T16:53:23.546027+00:00;2025-06;construction;Construção;2;0;2
4113254;Laranjal;PR;Novo CAGED;2026-10-06T16:53:23.546027+00:00;2025-06;commerce;Comércio;4;0;4
4113254;Laranjal;PR;Novo CAGED;2026-10-06T16:53:23.546027+00:00;2025-06;services;Serviços;3;2;1
4113254;Laranjal;PR;Novo CAGED;2026-10-06T16:53:23.546027+00:00;2025-07;agriculture;Agropecuária;4;3;1
4113254;Laranjal;PR;Novo CAGED;2026-10-06T16:53:23.546027+00:00;2025-07;industry;Indústria;0;0;0
4113254;Laranjal;PR;Novo CAGED;2026-10-06T16:53:23.546027+00:00;2025-07;construction;Construção;1;0;1
4113254;Laranjal;PR;Novo CAGED;2026-10-06T16:53:23.546027+00:00;2025-07;commerce;Comércio;4;3;1
4113254;Laranjal;PR;Novo CAGED;2026-10-06T16:53:23.546027+00:00;2025-07;services;Serviços;0;3;-3
4113254;Laranjal;PR;Novo CAGED;2026-10-06T16:53:23.546027+00:00;2025-08;agriculture;Agropecuária;6;3;3
4113254;Laranjal;PR;Novo CAGED;2026-10-06T16:53:23.546027+00:00;2025-08;industry;Indústria;0;0;0
4113254;Laranjal;PR;Novo CAGED;2026-10-06T16:53:23.546027+00:00;2025-08;construction;Construção;2;0;2
4113254;Laranjal;PR;Novo CAGED;2026-10-06T16:53:23.546027+00:00;2025-08;commerce;Comércio;5;1;4
4113254;Laranjal;PR;Novo CAGED;2026-10-06T16:53:23.546027+00:00;2025-08;services;Serviços;0;0;0
4113254;Laranjal;PR;Novo CAGED;2026-10-06T16:53:23.546027+00:00;2025-09;agriculture;Agropecuária;3;3;0
4113254;Laranjal;PR;Novo CAGED;2026-10-06T16:53:23.546027+00:00;2025-09;industry;Indústria;2;0;2
4113254;Laranjal;PR;Novo CAGED;2026-10-06T16:53:23.546027+00:00;2025-09;construction;Construção;0;3;-3
4113254;Laranjal;PR;Novo CAGED;2026-10-06T16:53:23.546027+00:00;2025-09;commerce;Comércio;3;3;0
4113254;Laranjal;PR;Novo CAGED;2026-10-06T16:53:23.546027+00:00;2025-09;services;Serviços;1;0;1
4113254;Laranjal;PR;Novo CAGED;2026-10-06T16:53:23.546027+00:00;2025-10;agriculture;Agropecuária;0;4;-4
4113254;Laranjal;PR;Novo CAGED;2026-10-06T16:53:23.546027+00:00;2025-10;industry;Indústria;0;0;0
4113254;Laranjal;PR;Novo CAGED;2026-10-06T16:53:23.546027+00:00;2025-10;construction;Construção;0;0;0
4113254;Laranjal;PR;Novo CAGED;2026-10-06T16:53:23.546027+00:00;2025-10;commerce;Comércio;3;1;2
4113254;Laranjal;PR;Novo CAGED;2026-10-06T16:53:23.546027+00:00;2025-10;services;Serviços;2;0;2
4113254;Laranjal;PR;Novo CAGED;2026-10-06T16:53:23.546027+00:00;2025-11;agriculture;Agropecuária;5;3;2
4113254;Laranjal;PR;Novo CAGED;2026-10-06T16:53:23.546027+00:00;2025-11;industry;Indústria;1;0;1
4113254;Laranjal;PR;Novo CAGED;2026-10-06T16:53:23.546027+00:00;2025-11;construction;Construção;2;0;2
4113254;Laranjal;PR;Novo CAGED;2026-10-06T16:53:23.546027+00:00;2025-11;commerce;Comércio;3;3;0
4113254;Laranjal;PR;Novo CAGED;2026-10-06T16:53:23.546027+00:00;2025-11;services;Serviços;0;0;0
4113254;Laranjal;PR;Novo CAGED;2026-10-06T16:53:23.546027+00:00;2025-12;agriculture;Agropecuária;0;0;0
4113254;Laranjal;PR;Novo CAGED;2026-10-06T16:53:23.546027+00:00;2025-12;industry;Indústria;0;0;0
4113254;Laranjal;PR;Novo CAGED;2026-10-06T16:53:23.546027+00:00;2025-12;construction;Construção;1;0;1
4113254;Laranjal;PR;Novo CAGED;2026-10-06T16:53:23.546027+00:00;2025-12;commerce;Comércio;1;3;-2
4113254;Laranjal;PR;Novo CAGED;2026-10-06T16:53:23.546027+00:00;2025-12;services;Serviços;2;2;0
4113254;Laranjal;PR;Novo CAGED;2026-10-06T16:53:23.546027+00:00;2026-01;agriculture;Agropecuária;2;7;-5
4113254;Laranjal;PR;Novo CAGED;2026-10-06T16:53:23.546027+00:00;2026-01;industry;Indústria;1;1;0
4113254;Laranjal;PR;Novo CAGED;2026-10-06T16:53:23.546027+00:00;2026-01;construction;Construção;0;0;0
4113254;Laranjal;PR;Novo CAGED;2026-10-06T16:53:23.546027+00:00;2026-01;commerce;Comércio;2;4;-2
4113254;Laranjal;PR;Novo CAGED;2026-10-06T16:53:23.546027+00:00;2026-01;services;Serviços;0;1;-1
4113254;Laranjal;PR;Novo CAGED;2026-10-06T16:53:23.546027+00:00;2026-02;agriculture;Agropecuária;11;10;1
4113254;Laranjal;PR;Novo CAGED;2026-10-06T16:53:23.546027+00:00;2026-02;industry;Indústria;0;1;-1
4113254;Laranjal;PR;Novo CAGED;2026-10-06T16:53:23.546027+00:00;2026-02;construction;Construção;0;2;-2
4113254;Laranjal;PR;Novo CAGED;2026-10-06T16:53:23.546027+00:00;2026-02;commerce;Comércio;5;0;5
4113254;Laranjal;PR;Novo CAGED;2026-10-06T16:53:23.546027+00:00;2026-02;services;Serviços;0;1;-1
4113254;Laranjal;PR;Novo CAGED;2026-10-06T16:53:23.546027+00:00;2026-03;agriculture;Agropecuária;4;9;-5
4113254;Laranjal;PR;Novo CAGED;2026-10-06T16:53:23.546027+00:00;2026-03;industry;Indústria;0;0;0
4113254;Laranjal;PR;Novo CAGED;2026-10-06T16:53:23.546027+00:00;2026-03;construction;Construção;3;1;2
4113254;Laranjal;PR;Novo CAGED;2026-10-06T16:53:23.546027+00:00;2026-03;commerce;Comércio;1;2;-1
4113254;Laranjal;PR;Novo CAGED;2026-10-06T16:53:23.546027+00:00;2026-03;services;Serviços;5;3;2
4113254;Laranjal;PR;Novo CAGED;2026-10-06T16:53:23.546027+00:00;2026-04;agriculture;Agropecuária;6;6;0
4113254;Laranjal;PR;Novo CAGED;2026-10-06T16:53:23.546027+00:00;2026-04;industry;Indústria;0;0;0
4113254;Laranjal;PR;Novo CAGED;2026-10-06T16:53:23.546027+00:00;2026-04;construction;Construção;1;0;1
4113254;Laranjal;PR;Novo CAGED;2026-10-06T16:53:23.546027+00:00;2026-04;commerce;Comércio;4;1;3
4113254;Laranjal;PR;Novo CAGED;2026-10-06T16:53:23.546027+00:00;2026-04;services;Serviços;2;2;0
4113254;Laranjal;PR;Novo CAGED;2026-10-06T16:53:23.546027+00:00;2026-05;agriculture;Agropecuária;9;3;6
4113254;Laranjal;PR;Novo CAGED;2026-10-06T16:53:23.546027+00:00;2026-05;industry;Indústria;1;0;1
4113254;Laranjal;PR;Novo CAGED;2026-10-06T16:53:23.546027+00:00;2026-05;construction;Construção;1;0;1
4113254;Laranjal;PR;Novo CAGED;2026-10-06T16:53:23.546027+00:00;2026-05;commerce;Comércio;2;2;0
4113254;Laranjal;PR;Novo CAGED;2026-10-06T16:53:23.546027+00:00;2026-05;services;Serviços;2;1;1
4113254;Laranjal;PR;Novo CAGED;2026-10-06T16:53:23.546027+00:00;2026-06;agriculture;Agropecuária;1;7;-6
4113254;Laranjal;PR;Novo CAGED;2026-10-06T16:53:23.546027+00:00;2026-06;industry;Indústria;0;0;0
4113254;Laranjal;PR;Novo CAGED;2026-10-06T16:53:23.546027+00:00;2026-06;construction;Construção;0;1;-1
4113254;Laranjal;PR;Novo CAGED;2026-10-06T16:53:23.546027+00:00;2026-06;commerce;Comércio;3;2;1
4113254;Laranjal;PR;Novo CAGED;2026-10-06T16:53:23.546027+00:00;2026-06;services;Serviços;1;1;0
4113254;Laranjal;PR;Novo CAGED;2026-10-06T16:53:23.546027+00:00;2026-07;agriculture;Agropecuária;3;4;-1
4113254;Laranjal;PR;Novo CAGED;2026-10-06T16:53:23.546027+00:00;2026-07;industry;Indústria;2;0;2
4113254;Laranjal;PR;Novo CAGED;2026-10-06T16:53:23.546027+00:00;2026-07;construction;Construção;0;0;0
4113254;Laranjal;PR;Novo CAGED;2026-10-06T16:53:23.546027+00:00;2026-07;commerce;Comércio;2;3;-1
4113254;Laranjal;PR;Novo CAGED;2026-10-06T16:53:23.546027+00:00;2026-07;services;Serviços;1;2;-1
4113254;Laranjal;PR;Novo CAGED;2026-10-06T16:53:23.546027+00:00;2026-08;agriculture;Agropecuária;4;2;2
4113254;Laranjal;PR;Novo CAGED;2026-10-06T16:53:23.546027+00:00;2026-08;industry;Indústria;1;0;1
4113254;Laranjal;PR;Novo CAGED;2026-10-06T16:53:23.546027+00:00;2026-08;construction;Construção;0;0;0
4113254;Laranjal;PR;Novo CAGED;2026-10-06T16:53:23.546027+00:00;2026-08;commerce;Comércio;8;5;3
4113254;Laranjal;PR;Novo CAGED;2026-10-06T16:53:23.546027+00:00;2026-08;services;Serviços;6;1;5
