municipalityCode;municipality;state;source;collectedAt;period;admissions;dismissals;balance;admissionSalary;salarySample
4127965;Turvo;PR;Novo CAGED;2026-10-06T16:53:23.546027+00:00;2024-09;93;73;20;2267.62;83
4127965;Turvo;PR;Novo CAGED;2026-10-06T16:53:23.546027+00:00;2024-10;79;84;-5;2133.36;79
4127965;Turvo;PR;Novo CAGED;2026-10-06T16:53:23.546027+00:00;2024-11;68;82;-14;1818.96;68
4127965;Turvo;PR;Novo CAGED;2026-10-06T16:53:23.546027+00:00;2024-12;63;111;-48;2079.86;63
4127965;Turvo;PR;Novo CAGED;2026-10-06T16:53:23.546027+00:00;2025-01;74;93;-19;1967.55;73
4127965;Turvo;PR;Novo CAGED;2026-10-06T16:53:23.546027+00:00;2025-02;105;84;21;2156.22;100
4127965;Turvo;PR;Novo CAGED;2026-10-06T16:53:23.546027+00:00;2025-03;100;72;28;2142.22;100
4127965;Turvo;PR;Novo CAGED;2026-10-06T16:53:23.546027+00:00;2025-04;94;83;11;2143.25;94
4127965;Turvo;PR;Novo CAGED;2026-10-06T16:53:23.546027+00:00;2025-05;74;75;-1;1996.63;74
4127965;Turvo;PR;Novo CAGED;2026-10-06T16:53:23.546027+00:00;2025-06;124;73;51;2482.08;123
4127965;Turvo;PR;Novo CAGED;2026-10-06T16:53:23.546027+00:00;2025-07;105;75;30;2179.15;105
4127965;Turvo;PR;Novo CAGED;2026-10-06T16:53:23.546027+00:00;2025-08;77;75;2;2160.04;75
4127965;Turvo;PR;Novo CAGED;2026-10-06T16:53:23.546027+00:00;2025-09;85;69;16;2192.15;85
4127965;Turvo;PR;Novo CAGED;2026-10-06T16:53:23.546027+00:00;2025-10;111;105;6;2156.51;111
4127965;Turvo;PR;Novo CAGED;2026-10-06T16:53:23.546027+00:00;2025-11;99;75;24;2183.64;97
4127965;Turvo;PR;Novo CAGED;2026-10-06T16:53:23.546027+00:00;2025-12;55;95;-40;2198.64;54
4127965;Turvo;PR;Novo CAGED;2026-10-06T16:53:23.546027+00:00;2026-01;143;119;24;2070.56;143
4127965;Turvo;PR;Novo CAGED;2026-10-06T16:53:23.546027+00:00;2026-02;219;110;109;2461.67;212
4127965;Turvo;PR;Novo CAGED;2026-10-06T16:53:23.546027+00:00;2026-03;180;129;51;2325.65;180
4127965;Turvo;PR;Novo CAGED;2026-10-06T16:53:23.546027+00:00;2026-04;130;141;-11;2430.94;128
4127965;Turvo;PR;Novo CAGED;2026-10-06T16:53:23.546027+00:00;2026-05;114;95;19;2401.0;113
4127965;Turvo;PR;Novo CAGED;2026-10-06T16:53:23.546027+00:00;2026-06;147;113;34;2264.2;147
4127965;Turvo;PR;Novo CAGED;2026-10-06T16:53:23.546027+00:00;2026-07;155;109;46;2258.97;142
4127965;Turvo;PR;Novo CAGED;2026-10-06T16:53:23.546027+00:00;2026-08;116;93;23;2262.67;115
4109401;Guarapuava;PR;Novo CAGED;2026-10-06T16:53:23.546027+00:00;2024-09;2341;2186;155;2088.38;2300
4109401;Guarapuava;PR;Novo CAGED;2026-10-06T16:53:23.546027+00:00;2024-10;2711;2464;247;2056.17;2645
4109401;Guarapuava;PR;Novo CAGED;2026-10-06T16:53:23.546027+00:00;2024-11;2495;2166;329;2085.51;2416
4109401;Guarapuava;PR;Novo CAGED;2026-10-06T16:53:23.546027+00:00;2024-12;1866;2023;-157;2126.99;1751
4109401;Guarapuava;PR;Novo CAGED;2026-10-06T16:53:23.546027+00:00;2025-01;2573;2597;-24;2127.17;2497
4109401;Guarapuava;PR;Novo CAGED;2026-10-06T16:53:23.546027+00:00;2025-02;2913;2584;329;2035.25;2840
4109401;Guarapuava;PR;Novo CAGED;2026-10-06T16:53:23.546027+00:00;2025-03;2593;2558;35;2036.01;2538
4109401;Guarapuava;PR;Novo CAGED;2026-10-06T16:53:23.546027+00:00;2025-04;2384;2243;141;2110.28;2335
4109401;Guarapuava;PR;Novo CAGED;2026-10-06T16:53:23.546027+00:00;2025-05;2369;2507;-138;2091.56;2318
4109401;Guarapuava;PR;Novo CAGED;2026-10-06T16:53:23.546027+00:00;2025-06;2172;2651;-479;2141.76;2138
4109401;Guarapuava;PR;Novo CAGED;2026-10-06T16:53:23.546027+00:00;2025-07;2311;2403;-92;2182.54;2270
4109401;Guarapuava;PR;Novo CAGED;2026-10-06T16:53:23.546027+00:00;2025-08;2398;2486;-88;2141.28;2367
4109401;Guarapuava;PR;Novo CAGED;2026-10-06T16:53:23.546027+00:00;2025-09;2255;2273;-18;2173.4;2222
4109401;Guarapuava;PR;Novo CAGED;2026-10-06T16:53:23.546027+00:00;2025-10;2220;2280;-60;2210.21;2184
4109401;Guarapuava;PR;Novo CAGED;2026-10-06T16:53:23.546027+00:00;2025-11;2121;1798;323;2246.36;2080
4109401;Guarapuava;PR;Novo CAGED;2026-10-06T16:53:23.546027+00:00;2025-12;1721;2027;-306;2272.69;1618
4109401;Guarapuava;PR;Novo CAGED;2026-10-06T16:53:23.546027+00:00;2026-01;2596;2297;299;2324.82;2529
4109401;Guarapuava;PR;Novo CAGED;2026-10-06T16:53:23.546027+00:00;2026-02;2617;2606;11;2150.38;2550
4109401;Guarapuava;PR;Novo CAGED;2026-10-06T16:53:23.546027+00:00;2026-03;2971;2468;503;2227.65;2920
4109401;Guarapuava;PR;Novo CAGED;2026-10-06T16:53:23.546027+00:00;2026-04;2419;2267;152;2257.17;2374
4109401;Guarapuava;PR;Novo CAGED;2026-10-06T16:53:23.546027+00:00;2026-05;1997;2346;-349;2236.34;1953
4109401;Guarapuava;PR;Novo CAGED;2026-10-06T16:53:23.546027+00:00;2026-06;2186;2580;-394;2301.09;2153
4109401;Guarapuava;PR;Novo CAGED;2026-10-06T16:53:23.546027+00:00;2026-07;2296;2375;-79;2280.82;2241
4109401;Guarapuava;PR;Novo CAGED;2026-10-06T16:53:23.546027+00:00;2026-08;2766;2589;177;2273.79;2705
4119608;Pitanga;PR;Novo CAGED;2026-10-06T16:53:23.546027+00:00;2024-09;278;250;28;1945.06;274
4119608;Pitanga;PR;Novo CAGED;2026-10-06T16:53:23.546027+00:00;2024-10;259;219;40;2017.66;256
4119608;Pitanga;PR;Novo CAGED;2026-10-06T16:53:23.546027+00:00;2024-11;240;215;25;1925.12;238
4119608;Pitanga;PR;Novo CAGED;2026-10-06T16:53:23.546027+00:00;2024-12;178;274;-96;1977.95;176
4119608;Pitanga;PR;Novo CAGED;2026-10-06T16:53:23.546027+00:00;2025-01;222;260;-38;2026.1;220
4119608;Pitanga;PR;Novo CAGED;2026-10-06T16:53:23.546027+00:00;2025-02;401;247;154;1866.11;398
4119608;Pitanga;PR;Novo CAGED;2026-10-06T16:53:23.546027+00:00;2025-03;271;241;30;2032.29;268
4119608;Pitanga;PR;Novo CAGED;2026-10-06T16:53:23.546027+00:00;2025-04;253;228;25;1971.58;245
4119608;Pitanga;PR;Novo CAGED;2026-10-06T16:53:23.546027+00:00;2025-05;262;256;6;2069.42;256
4119608;Pitanga;PR;Novo CAGED;2026-10-06T16:53:23.546027+00:00;2025-06;225;215;10;1997.03;224
4119608;Pitanga;PR;Novo CAGED;2026-10-06T16:53:23.546027+00:00;2025-07;279;215;64;1920.4;276
4119608;Pitanga;PR;Novo CAGED;2026-10-06T16:53:23.546027+00:00;2025-08;207;231;-24;2049.06;201
4119608;Pitanga;PR;Novo CAGED;2026-10-06T16:53:23.546027+00:00;2025-09;265;223;42;2143.37;260
4119608;Pitanga;PR;Novo CAGED;2026-10-06T16:53:23.546027+00:00;2025-10;247;230;17;2026.29;247
4119608;Pitanga;PR;Novo CAGED;2026-10-06T16:53:23.546027+00:00;2025-11;203;208;-5;2182.75;202
4119608;Pitanga;PR;Novo CAGED;2026-10-06T16:53:23.546027+00:00;2025-12;163;265;-102;2055.5;159
4119608;Pitanga;PR;Novo CAGED;2026-10-06T16:53:23.546027+00:00;2026-01;211;227;-16;2052.28;205
4119608;Pitanga;PR;Novo CAGED;2026-10-06T16:53:23.546027+00:00;2026-02;296;258;38;2091.85;290
4119608;Pitanga;PR;Novo CAGED;2026-10-06T16:53:23.546027+00:00;2026-03;320;256;64;2259.69;313
4119608;Pitanga;PR;Novo CAGED;2026-10-06T16:53:23.546027+00:00;2026-04;249;279;-30;2283.57;245
4119608;Pitanga;PR;Novo CAGED;2026-10-06T16:53:23.546027+00:00;2026-05;254;233;21;2227.03;254
4119608;Pitanga;PR;Novo CAGED;2026-10-06T16:53:23.546027+00:00;2026-06;201;225;-24;2071.87;199
4119608;Pitanga;PR;Novo CAGED;2026-10-06T16:53:23.546027+00:00;2026-07;272;208;64;2220.71;269
4119608;Pitanga;PR;Novo CAGED;2026-10-06T16:53:23.546027+00:00;2026-08;288;228;60;2181.57;268
4113254;Laranjal;PR;Novo CAGED;2026-10-06T16:53:23.546027+00:00;2024-09;8;2;6;1714.1;8
4113254;Laranjal;PR;Novo CAGED;2026-10-06T16:53:23.546027+00:00;2024-10;4;6;-2;;
4113254;Laranjal;PR;Novo CAGED;2026-10-06T16:53:23.546027+00:00;2024-11;3;5;-2;;
4113254;Laranjal;PR;Novo CAGED;2026-10-06T16:53:23.546027+00:00;2024-12;5;3;2;1436.44;5
4113254;Laranjal;PR;Novo CAGED;2026-10-06T16:53:23.546027+00:00;2025-01;6;9;-3;1808.0;6
4113254;Laranjal;PR;Novo CAGED;2026-10-06T16:53:23.546027+00:00;2025-02;12;5;7;1781.04;12
4113254;Laranjal;PR;Novo CAGED;2026-10-06T16:53:23.546027+00:00;2025-03;20;5;15;1773.25;20
4113254;Laranjal;PR;Novo CAGED;2026-10-06T16:53:23.546027+00:00;2025-04;6;9;-3;1802.24;6
4113254;Laranjal;PR;Novo CAGED;2026-10-06T16:53:23.546027+00:00;2025-05;17;16;1;1916.0;16
4113254;Laranjal;PR;Novo CAGED;2026-10-06T16:53:23.546027+00:00;2025-06;15;8;7;1984.98;15
4113254;Laranjal;PR;Novo CAGED;2026-10-06T16:53:23.546027+00:00;2025-07;9;9;0;1893.18;9
4113254;Laranjal;PR;Novo CAGED;2026-10-06T16:53:23.546027+00:00;2025-08;13;4;9;1788.07;13
4113254;Laranjal;PR;Novo CAGED;2026-10-06T16:53:23.546027+00:00;2025-09;9;9;0;1764.23;9
4113254;Laranjal;PR;Novo CAGED;2026-10-06T16:53:23.546027+00:00;2025-10;5;5;0;1928.11;5
4113254;Laranjal;PR;Novo CAGED;2026-10-06T16:53:23.546027+00:00;2025-11;11;6;5;2109.01;11
4113254;Laranjal;PR;Novo CAGED;2026-10-06T16:53:23.546027+00:00;2025-12;4;5;-1;;
4113254;Laranjal;PR;Novo CAGED;2026-10-06T16:53:23.546027+00:00;2026-01;5;13;-8;2135.28;5
4113254;Laranjal;PR;Novo CAGED;2026-10-06T16:53:23.546027+00:00;2026-02;16;14;2;1894.65;16
4113254;Laranjal;PR;Novo CAGED;2026-10-06T16:53:23.546027+00:00;2026-03;13;15;-2;2104.8;13
4113254;Laranjal;PR;Novo CAGED;2026-10-06T16:53:23.546027+00:00;2026-04;13;9;4;2281.45;13
4113254;Laranjal;PR;Novo CAGED;2026-10-06T16:53:23.546027+00:00;2026-05;15;6;9;1946.95;15
4113254;Laranjal;PR;Novo CAGED;2026-10-06T16:53:23.546027+00:00;2026-06;5;11;-6;2245.4;5
4113254;Laranjal;PR;Novo CAGED;2026-10-06T16:53:23.546027+00:00;2026-07;8;9;-1;2032.78;8
4113254;Laranjal;PR;Novo CAGED;2026-10-06T16:53:23.546027+00:00;2026-08;19;8;11;2058.54;19
