code,municipalityCode,name,network,location,situation,active,inBasicEducationUniverse,reference,stages,agency,collectedAt,officialUrl,sourceUrl
41106628,4127965,EDITE C MARQUES C E CMEF M,Estadual,Urbana,Em atividade,True,True,2025,fundamental | final | secondary,INEP,2026-10-06T18:10:05.685489+00:00,https://www.gov.br/inep/pt-br/acesso-a-informacao/dados-abertos/microdados/censo-escolar,https://download.inep.gov.br/dados_abertos/microdados_censo_escolar_2025_.zip
41106644,4127965,FAXINAL DA BOA VISTA C E DO CEF M,Estadual,Rural,Em atividade,True,True,2025,fundamental | final | secondary,INEP,2026-10-06T18:10:05.685489+00:00,https://www.gov.br/inep/pt-br/acesso-a-informacao/dados-abertos/microdados/censo-escolar,https://download.inep.gov.br/dados_abertos/microdados_censo_escolar_2025_.zip
41106652,4127965,FRIDA RICKLI NAIVERTH E MEF,Municipal,Urbana,Em atividade,True,True,2025,fundamental | initial,INEP,2026-10-06T18:10:05.685489+00:00,https://www.gov.br/inep/pt-br/acesso-a-informacao/dados-abertos/microdados/censo-escolar,https://download.inep.gov.br/dados_abertos/microdados_censo_escolar_2025_.zip
41106695,4127965,INFANCIA FELIZ E M CEI EF,Municipal,Rural,Em atividade,True,True,2025,infant | preschool | fundamental | initial,INEP,2026-10-06T18:10:05.685489+00:00,https://www.gov.br/inep/pt-br/acesso-a-informacao/dados-abertos/microdados/censo-escolar,https://download.inep.gov.br/dados_abertos/microdados_censo_escolar_2025_.zip
41106725,4127965,JOAO ADOLFO BARENDSE C M E I PE,Municipal,Urbana,Em atividade,True,True,2025,infant | preschool,INEP,2026-10-06T18:10:05.685489+00:00,https://www.gov.br/inep/pt-br/acesso-a-informacao/dados-abertos/microdados/censo-escolar,https://download.inep.gov.br/dados_abertos/microdados_censo_escolar_2025_.zip
41106741,4127965,JOAO MIGUEL MAIA E MEF,Municipal,Rural,Em atividade,True,True,2025,fundamental | initial,INEP,2026-10-06T18:10:05.685489+00:00,https://www.gov.br/inep/pt-br/acesso-a-informacao/dados-abertos/microdados/censo-escolar,https://download.inep.gov.br/dados_abertos/microdados_censo_escolar_2025_.zip
41106792,4127965,OTAVIO DOS SANTOS C E IND CACEI EF M,Estadual,Rural,Em atividade,True,True,2025,infant | preschool | fundamental | initial | final | secondary,INEP,2026-10-06T18:10:05.685489+00:00,https://www.gov.br/inep/pt-br/acesso-a-informacao/dados-abertos/microdados/censo-escolar,https://download.inep.gov.br/dados_abertos/microdados_censo_escolar_2025_.zip
41106962,4127965,SANTA ANITA E M CEI EF,Municipal,Rural,Em atividade,True,True,2025,infant | preschool | fundamental | initial,INEP,2026-10-06T18:10:05.685489+00:00,https://www.gov.br/inep/pt-br/acesso-a-informacao/dados-abertos/microdados/censo-escolar,https://download.inep.gov.br/dados_abertos/microdados_censo_escolar_2025_.zip
41150945,4127965,ANCILA C M E I IR,Municipal,Urbana,Em atividade,True,True,2025,infant | preschool,INEP,2026-10-06T18:10:05.685489+00:00,https://www.gov.br/inep/pt-br/acesso-a-informacao/dados-abertos/microdados/censo-escolar,https://download.inep.gov.br/dados_abertos/microdados_censo_escolar_2025_.zip
41150970,4127965,SEMENTE DO AMANHA C M E I,Municipal,Rural,Em atividade,True,True,2025,infant | nursery | preschool,INEP,2026-10-06T18:10:05.685489+00:00,https://www.gov.br/inep/pt-br/acesso-a-informacao/dados-abertos/microdados/censo-escolar,https://download.inep.gov.br/dados_abertos/microdados_censo_escolar_2025_.zip
41152719,4127965,EDVALDO E MARIA J CARN C E PROFEF M P,Estadual,Urbana,Em atividade,True,True,2025,fundamental | final | secondary,INEP,2026-10-06T18:10:05.685489+00:00,https://www.gov.br/inep/pt-br/acesso-a-informacao/dados-abertos/microdados/censo-escolar,https://download.inep.gov.br/dados_abertos/microdados_censo_escolar_2025_.zip
41153715,4127965,VO LUIZA C M E I,Municipal,Urbana,Em atividade,True,True,2025,infant | nursery,INEP,2026-10-06T18:10:05.685489+00:00,https://www.gov.br/inep/pt-br/acesso-a-informacao/dados-abertos/microdados/censo-escolar,https://download.inep.gov.br/dados_abertos/microdados_censo_escolar_2025_.zip
41367545,4127965,JOANNA LECHIW THOME E E CEF,Estadual,Rural,Em atividade,True,True,2025,fundamental | final,INEP,2026-10-06T18:10:05.685489+00:00,https://www.gov.br/inep/pt-br/acesso-a-informacao/dados-abertos/microdados/censo-escolar,https://download.inep.gov.br/dados_abertos/microdados_censo_escolar_2025_.zip
41378539,4127965,EMILIO MUDREY EEI EF MOD ED ESP,Privada,Urbana,Em atividade,True,True,2025,infant | nursery | preschool | fundamental | initial | eja,INEP,2026-10-06T18:10:05.685489+00:00,https://www.gov.br/inep/pt-br/acesso-a-informacao/dados-abertos/microdados/censo-escolar,https://download.inep.gov.br/dados_abertos/microdados_censo_escolar_2025_.zip
41384725,4127965,ELIAS ABRAHAO E M PROFEF,Municipal,Urbana,Em atividade,True,True,2025,fundamental | initial,INEP,2026-10-06T18:10:05.685489+00:00,https://www.gov.br/inep/pt-br/acesso-a-informacao/dados-abertos/microdados/censo-escolar,https://download.inep.gov.br/dados_abertos/microdados_censo_escolar_2025_.zip
41388763,4127965,LUIZ ANDRADE C E C PROFEF M,Estadual,Rural,Em atividade,True,True,2025,fundamental | final | secondary,INEP,2026-10-06T18:10:05.685489+00:00,https://www.gov.br/inep/pt-br/acesso-a-informacao/dados-abertos/microdados/censo-escolar,https://download.inep.gov.br/dados_abertos/microdados_censo_escolar_2025_.zip
41532139,4127965,ARANDU PYAHU E E IEI EF,Estadual,Rural,Em atividade,True,True,2025,infant | preschool | fundamental | initial,INEP,2026-10-06T18:10:05.685489+00:00,https://www.gov.br/inep/pt-br/acesso-a-informacao/dados-abertos/microdados/censo-escolar,https://download.inep.gov.br/dados_abertos/microdados_censo_escolar_2025_.zip
41099400,4109401,ABILIO F DE OLIVEIRA E MEI EF,Municipal,Urbana,Em atividade,True,True,2025,infant | preschool | fundamental | initial,INEP,2026-10-06T18:10:05.685489+00:00,https://www.gov.br/inep/pt-br/acesso-a-informacao/dados-abertos/microdados/censo-escolar,https://download.inep.gov.br/dados_abertos/microdados_censo_escolar_2025_.zip
41099419,4109401,COLEGIO ADVENTISTA GUARAPUAVA - EIEFEM,Privada,Urbana,Em atividade,True,True,2025,infant | nursery | preschool | fundamental | initial | final | secondary | professional,INEP,2026-10-06T18:10:05.685489+00:00,https://www.gov.br/inep/pt-br/acesso-a-informacao/dados-abertos/microdados/censo-escolar,https://download.inep.gov.br/dados_abertos/microdados_censo_escolar_2025_.zip
41099508,4109401,AMARILIO C E PROFEF M,Estadual,Urbana,Em atividade,True,True,2025,fundamental | final | secondary,INEP,2026-10-06T18:10:05.685489+00:00,https://www.gov.br/inep/pt-br/acesso-a-informacao/dados-abertos/microdados/censo-escolar,https://download.inep.gov.br/dados_abertos/microdados_censo_escolar_2025_.zip
41099532,4109401,ANA VANDA BASSARA C EEF M PROF,Estadual,Urbana,Em atividade,True,True,2025,fundamental | final | secondary | professional,INEP,2026-10-06T18:10:05.685489+00:00,https://www.gov.br/inep/pt-br/acesso-a-informacao/dados-abertos/microdados/censo-escolar,https://download.inep.gov.br/dados_abertos/microdados_censo_escolar_2025_.zip
41099540,4109401,ANNE SULLIVAN CENTRO EEI EF MOD ED ESP,Privada,Urbana,Em atividade,True,True,2025,infant | nursery | preschool | fundamental | initial | eja,INEP,2026-10-06T18:10:05.685489+00:00,https://www.gov.br/inep/pt-br/acesso-a-informacao/dados-abertos/microdados/censo-escolar,https://download.inep.gov.br/dados_abertos/microdados_censo_escolar_2025_.zip
41099559,4109401,INTEGRACAO EEI EF,Privada,Urbana,Paralisada,False,False,2025,,INEP,2026-10-06T18:10:05.685489+00:00,https://www.gov.br/inep/pt-br/acesso-a-informacao/dados-abertos/microdados/censo-escolar,https://download.inep.gov.br/dados_abertos/microdados_censo_escolar_2025_.zip
41099591,4109401,ANTONIO TUPY PINHEIRO C EEF M PROFIS,Estadual,Urbana,Em atividade,True,True,2025,fundamental | final | secondary,INEP,2026-10-06T18:10:05.685489+00:00,https://www.gov.br/inep/pt-br/acesso-a-informacao/dados-abertos/microdados/censo-escolar,https://download.inep.gov.br/dados_abertos/microdados_censo_escolar_2025_.zip
41099605,4109401,ALIANCA CEI EF M,Privada,Urbana,Em atividade,True,True,2025,infant | nursery | preschool | fundamental | initial | final | secondary,INEP,2026-10-06T18:10:05.685489+00:00,https://www.gov.br/inep/pt-br/acesso-a-informacao/dados-abertos/microdados/censo-escolar,https://download.inep.gov.br/dados_abertos/microdados_censo_escolar_2025_.zip
41099613,4109401,ARCOIRIS EEI EF,Privada,Urbana,Em atividade,True,True,2025,infant | nursery | preschool | fundamental | initial,INEP,2026-10-06T18:10:05.685489+00:00,https://www.gov.br/inep/pt-br/acesso-a-informacao/dados-abertos/microdados/censo-escolar,https://download.inep.gov.br/dados_abertos/microdados_censo_escolar_2025_.zip
41099680,4109401,ASSUNCAO DE NOSSA SENHORA EDUCACAO INFANTIL ENSINO FUNDAMENTAL,Privada,Urbana,Em atividade,True,True,2025,infant | nursery | preschool | fundamental | initial | final,INEP,2026-10-06T18:10:05.685489+00:00,https://www.gov.br/inep/pt-br/acesso-a-informacao/dados-abertos/microdados/censo-escolar,https://download.inep.gov.br/dados_abertos/microdados_censo_escolar_2025_.zip
41099770,4109401,BOSCO E M DEI EF,Municipal,Urbana,Em atividade,True,True,2025,infant | preschool | fundamental | initial,INEP,2026-10-06T18:10:05.685489+00:00,https://www.gov.br/inep/pt-br/acesso-a-informacao/dados-abertos/microdados/censo-escolar,https://download.inep.gov.br/dados_abertos/microdados_censo_escolar_2025_.zip
41099877,4109401,CARLITA G PUPO E M PROFEI EF,Municipal,Urbana,Em atividade,True,True,2025,infant | preschool | fundamental | initial,INEP,2026-10-06T18:10:05.685489+00:00,https://www.gov.br/inep/pt-br/acesso-a-informacao/dados-abertos/microdados/censo-escolar,https://download.inep.gov.br/dados_abertos/microdados_censo_escolar_2025_.zip
41099893,4109401,CARMEM T CORDEIRO E M PROFAEI EF,Municipal,Urbana,Em atividade,True,True,2025,infant | preschool | fundamental | initial | eja,INEP,2026-10-06T18:10:05.685489+00:00,https://www.gov.br/inep/pt-br/acesso-a-informacao/dados-abertos/microdados/censo-escolar,https://download.inep.gov.br/dados_abertos/microdados_censo_escolar_2025_.zip
41099907,4109401,CAROLINA G FRANCO E MEI EF,Municipal,Urbana,Em atividade,True,True,2025,infant | preschool | fundamental | initial,INEP,2026-10-06T18:10:05.685489+00:00,https://www.gov.br/inep/pt-br/acesso-a-informacao/dados-abertos/microdados/censo-escolar,https://download.inep.gov.br/dados_abertos/microdados_censo_escolar_2025_.zip
41099940,4109401,CESAR STANGE C EEF M,Estadual,Urbana,Em atividade,True,True,2025,fundamental | final | secondary | professional,INEP,2026-10-06T18:10:05.685489+00:00,https://www.gov.br/inep/pt-br/acesso-a-informacao/dados-abertos/microdados/censo-escolar,https://download.inep.gov.br/dados_abertos/microdados_censo_escolar_2025_.zip
41099958,4109401,CHAGAS C E PEEF M,Estadual,Urbana,Em atividade,True,True,2025,fundamental | final | secondary | professional,INEP,2026-10-06T18:10:05.685489+00:00,https://www.gov.br/inep/pt-br/acesso-a-informacao/dados-abertos/microdados/censo-escolar,https://download.inep.gov.br/dados_abertos/microdados_censo_escolar_2025_.zip
41100042,4109401,CRISTO REI C EEF M PROFIS,Estadual,Urbana,Em atividade,True,True,2025,fundamental | final | secondary | professional,INEP,2026-10-06T18:10:05.685489+00:00,https://www.gov.br/inep/pt-br/acesso-a-informacao/dados-abertos/microdados/censo-escolar,https://download.inep.gov.br/dados_abertos/microdados_censo_escolar_2025_.zip
41100085,4109401,DALILA H TEIXEIRA E MEI EF,Municipal,Urbana,Em atividade,True,True,2025,infant | preschool | fundamental | initial,INEP,2026-10-06T18:10:05.685489+00:00,https://www.gov.br/inep/pt-br/acesso-a-informacao/dados-abertos/microdados/censo-escolar,https://download.inep.gov.br/dados_abertos/microdados_censo_escolar_2025_.zip
41100115,4109401,DIONISIO K SAMPAIO E M PROFEI EF,Municipal,Urbana,Em atividade,True,True,2025,infant | preschool | fundamental | initial,INEP,2026-10-06T18:10:05.685489+00:00,https://www.gov.br/inep/pt-br/acesso-a-informacao/dados-abertos/microdados/censo-escolar,https://download.inep.gov.br/dados_abertos/microdados_censo_escolar_2025_.zip
41100123,4109401,DOMINGOS DE MORAES E R MEI EF,Municipal,Rural,Em atividade,True,True,2025,infant | preschool | fundamental | initial,INEP,2026-10-06T18:10:05.685489+00:00,https://www.gov.br/inep/pt-br/acesso-a-informacao/dados-abertos/microdados/censo-escolar,https://download.inep.gov.br/dados_abertos/microdados_censo_escolar_2025_.zip
41100131,4109401,DOMINGOS SAVIO E MEI EF,Municipal,Urbana,Em atividade,True,True,2025,infant | preschool | fundamental | initial,INEP,2026-10-06T18:10:05.685489+00:00,https://www.gov.br/inep/pt-br/acesso-a-informacao/dados-abertos/microdados/censo-escolar,https://download.inep.gov.br/dados_abertos/microdados_censo_escolar_2025_.zip
41100166,4109401,DULCE MASCHIO C E PROFAEF M PROFIS,Estadual,Urbana,Em atividade,True,True,2025,fundamental | final | secondary | professional,INEP,2026-10-06T18:10:05.685489+00:00,https://www.gov.br/inep/pt-br/acesso-a-informacao/dados-abertos/microdados/censo-escolar,https://download.inep.gov.br/dados_abertos/microdados_censo_escolar_2025_.zip
41100174,4109401,ELCIDIA DE S M PEREIRA E M PFEF,Municipal,Urbana,Em atividade,True,True,2025,fundamental | initial,INEP,2026-10-06T18:10:05.685489+00:00,https://www.gov.br/inep/pt-br/acesso-a-informacao/dados-abertos/microdados/censo-escolar,https://download.inep.gov.br/dados_abertos/microdados_censo_escolar_2025_.zip
41100190,4109401,ENOCH TAVARES E M C E I E F,Municipal,Urbana,Em atividade,True,True,2025,infant | preschool | fundamental | initial,INEP,2026-10-06T18:10:05.685489+00:00,https://www.gov.br/inep/pt-br/acesso-a-informacao/dados-abertos/microdados/censo-escolar,https://download.inep.gov.br/dados_abertos/microdados_censo_escolar_2025_.zip
41100204,4109401,E M EI EF PROF RUY V MARQUES,Municipal,Urbana,Em atividade,True,True,2025,infant | preschool | fundamental | initial,INEP,2026-10-06T18:10:05.685489+00:00,https://www.gov.br/inep/pt-br/acesso-a-informacao/dados-abertos/microdados/censo-escolar,https://download.inep.gov.br/dados_abertos/microdados_censo_escolar_2025_.zip
41100220,4109401,ESTANISLAU CEBULA E M PEEI EF,Municipal,Urbana,Em atividade,True,True,2025,infant | preschool | fundamental | initial,INEP,2026-10-06T18:10:05.685489+00:00,https://www.gov.br/inep/pt-br/acesso-a-informacao/dados-abertos/microdados/censo-escolar,https://download.inep.gov.br/dados_abertos/microdados_censo_escolar_2025_.zip
41100247,4109401,EURICO DUTRA E M C GAL EI EF,Municipal,Urbana,Em atividade,True,True,2025,infant | preschool | fundamental | initial,INEP,2026-10-06T18:10:05.685489+00:00,https://www.gov.br/inep/pt-br/acesso-a-informacao/dados-abertos/microdados/censo-escolar,https://download.inep.gov.br/dados_abertos/microdados_censo_escolar_2025_.zip
41100379,4109401,FRANCISCO C MARTINS C EM P,Estadual,Urbana,Em atividade,True,True,2025,secondary | professional,INEP,2026-10-06T18:10:05.685489+00:00,https://www.gov.br/inep/pt-br/acesso-a-informacao/dados-abertos/microdados/censo-escolar,https://download.inep.gov.br/dados_abertos/microdados_censo_escolar_2025_.zip
41100409,4109401,FRANCISCO P L WERNECK E M C EI EF,Municipal,Urbana,Em atividade,True,True,2025,infant | preschool | fundamental | initial,INEP,2026-10-06T18:10:05.685489+00:00,https://www.gov.br/inep/pt-br/acesso-a-informacao/dados-abertos/microdados/censo-escolar,https://download.inep.gov.br/dados_abertos/microdados_censo_escolar_2025_.zip
41100417,4109401,GABRIEL HUGO RIOS E MEI EF,Municipal,Urbana,Em atividade,True,True,2025,infant | preschool | fundamental | initial,INEP,2026-10-06T18:10:05.685489+00:00,https://www.gov.br/inep/pt-br/acesso-a-informacao/dados-abertos/microdados/censo-escolar,https://download.inep.gov.br/dados_abertos/microdados_censo_escolar_2025_.zip
41100476,4109401,GUARAPUAVA C E VISC DEEF M N PROFIS,Estadual,Urbana,Em atividade,True,True,2025,fundamental | final | secondary | professional,INEP,2026-10-06T18:10:05.685489+00:00,https://www.gov.br/inep/pt-br/acesso-a-informacao/dados-abertos/microdados/censo-escolar,https://download.inep.gov.br/dados_abertos/microdados_censo_escolar_2025_.zip
41100484,4109401,HEITOR ROCHA KRAMER C E CM VEREF M,Estadual,Urbana,Em atividade,True,True,2025,fundamental | final | secondary,INEP,2026-10-06T18:10:05.685489+00:00,https://www.gov.br/inep/pt-br/acesso-a-informacao/dados-abertos/microdados/censo-escolar,https://download.inep.gov.br/dados_abertos/microdados_censo_escolar_2025_.zip
41100506,4109401,HILDEGARD BURJAN E MEI EF,Municipal,Urbana,Em atividade,True,True,2025,infant | preschool | fundamental | initial,INEP,2026-10-06T18:10:05.685489+00:00,https://www.gov.br/inep/pt-br/acesso-a-informacao/dados-abertos/microdados/censo-escolar,https://download.inep.gov.br/dados_abertos/microdados_censo_escolar_2025_.zip
41100514,4109401,HIPOLYTA N DE OLIVEIRA E MEI EF,Municipal,Urbana,Em atividade,True,True,2025,fundamental | initial,INEP,2026-10-06T18:10:05.685489+00:00,https://www.gov.br/inep/pt-br/acesso-a-informacao/dados-abertos/microdados/censo-escolar,https://download.inep.gov.br/dados_abertos/microdados_censo_escolar_2025_.zip
41100530,4109401,IRENE GUIMARAES PUPO E MEI EF,Municipal,Urbana,Em atividade,True,True,2025,infant | preschool | fundamental | initial,INEP,2026-10-06T18:10:05.685489+00:00,https://www.gov.br/inep/pt-br/acesso-a-informacao/dados-abertos/microdados/censo-escolar,https://download.inep.gov.br/dados_abertos/microdados_censo_escolar_2025_.zip
41100662,4109401,JULIETA ANCIUTTI E M PROFAEI EF,Municipal,Urbana,Em atividade,True,True,2025,infant | preschool | fundamental | initial,INEP,2026-10-06T18:10:05.685489+00:00,https://www.gov.br/inep/pt-br/acesso-a-informacao/dados-abertos/microdados/censo-escolar,https://download.inep.gov.br/dados_abertos/microdados_censo_escolar_2025_.zip
41100689,4109401,LENI MARLENE JACOB C E CM PROFAEF M P,Estadual,Urbana,Em atividade,True,True,2025,fundamental | final | secondary | professional,INEP,2026-10-06T18:10:05.685489+00:00,https://www.gov.br/inep/pt-br/acesso-a-informacao/dados-abertos/microdados/censo-escolar,https://download.inep.gov.br/dados_abertos/microdados_censo_escolar_2025_.zip
41100719,4109401,LIANE MARTA DA COSTA C EEF M PROFIS,Estadual,Urbana,Em atividade,True,True,2025,fundamental | final | secondary,INEP,2026-10-06T18:10:05.685489+00:00,https://www.gov.br/inep/pt-br/acesso-a-informacao/dados-abertos/microdados/censo-escolar,https://download.inep.gov.br/dados_abertos/microdados_censo_escolar_2025_.zip
41100735,4109401,LIDIA SCHEIDT CURI E M C E I E F,Municipal,Rural,Em atividade,True,True,2025,infant | preschool | fundamental | initial,INEP,2026-10-06T18:10:05.685489+00:00,https://www.gov.br/inep/pt-br/acesso-a-informacao/dados-abertos/microdados/censo-escolar,https://download.inep.gov.br/dados_abertos/microdados_censo_escolar_2025_.zip
41100778,4109401,MAHATMA GANDHI C E CMEF M PROFIS,Estadual,Urbana,Em atividade,True,True,2025,fundamental | final | secondary | professional,INEP,2026-10-06T18:10:05.685489+00:00,https://www.gov.br/inep/pt-br/acesso-a-informacao/dados-abertos/microdados/censo-escolar,https://download.inep.gov.br/dados_abertos/microdados_censo_escolar_2025_.zip
41100794,4109401,MANOEL M DE CAMPOS E M CEI EF,Municipal,Urbana,Em atividade,True,True,2025,fundamental | initial,INEP,2026-10-06T18:10:05.685489+00:00,https://www.gov.br/inep/pt-br/acesso-a-informacao/dados-abertos/microdados/censo-escolar,https://download.inep.gov.br/dados_abertos/microdados_censo_escolar_2025_.zip
41100816,4109401,MANOEL RIBAS C E CMEF M,Estadual,Urbana,Em atividade,True,True,2025,fundamental | final | secondary,INEP,2026-10-06T18:10:05.685489+00:00,https://www.gov.br/inep/pt-br/acesso-a-informacao/dados-abertos/microdados/censo-escolar,https://download.inep.gov.br/dados_abertos/microdados_censo_escolar_2025_.zip
41100840,4109401,MARIA DE J TAQUES E MEI EF,Municipal,Urbana,Em atividade,True,True,2025,infant | preschool | fundamental | initial,INEP,2026-10-06T18:10:05.685489+00:00,https://www.gov.br/inep/pt-br/acesso-a-informacao/dados-abertos/microdados/censo-escolar,https://download.inep.gov.br/dados_abertos/microdados_censo_escolar_2025_.zip
41100905,4109401,NEWTON FELIPE ALBACH C EEF M,Estadual,Urbana,Em atividade,True,True,2025,fundamental | final | secondary | professional,INEP,2026-10-06T18:10:05.685489+00:00,https://www.gov.br/inep/pt-br/acesso-a-informacao/dados-abertos/microdados/censo-escolar,https://download.inep.gov.br/dados_abertos/microdados_censo_escolar_2025_.zip
41100921,4109401,ESICOLEGIO NOSSA SRA DE BELEMEI EF M,Privada,Urbana,Em atividade,True,True,2025,infant | nursery | preschool | fundamental | initial | final | secondary,INEP,2026-10-06T18:10:05.685489+00:00,https://www.gov.br/inep/pt-br/acesso-a-informacao/dados-abertos/microdados/censo-escolar,https://download.inep.gov.br/dados_abertos/microdados_censo_escolar_2025_.zip
41101057,4109401,PEDRO I C E C DEF M PROFIS,Estadual,Urbana,Em atividade,True,True,2025,fundamental | final | secondary | professional,INEP,2026-10-06T18:10:05.685489+00:00,https://www.gov.br/inep/pt-br/acesso-a-informacao/dados-abertos/microdados/censo-escolar,https://download.inep.gov.br/dados_abertos/microdados_censo_escolar_2025_.zip
41101065,4109401,PEDRO ITARARE E M PROFEI EF,Municipal,Urbana,Em atividade,True,True,2025,fundamental | initial,INEP,2026-10-06T18:10:05.685489+00:00,https://www.gov.br/inep/pt-br/acesso-a-informacao/dados-abertos/microdados/censo-escolar,https://download.inep.gov.br/dados_abertos/microdados_censo_escolar_2025_.zip
41101103,4109401,PRINCESINHA C M E I,Municipal,Urbana,Em atividade,True,True,2025,infant | nursery | preschool,INEP,2026-10-06T18:10:05.685489+00:00,https://www.gov.br/inep/pt-br/acesso-a-informacao/dados-abertos/microdados/censo-escolar,https://download.inep.gov.br/dados_abertos/microdados_censo_escolar_2025_.zip
41101138,4109401,RAUL H LUPATTELLI E MEI EF,Municipal,Urbana,Em atividade,True,True,2025,infant | preschool | fundamental | initial,INEP,2026-10-06T18:10:05.685489+00:00,https://www.gov.br/inep/pt-br/acesso-a-informacao/dados-abertos/microdados/censo-escolar,https://download.inep.gov.br/dados_abertos/microdados_censo_escolar_2025_.zip
41101170,4109401,ROBERTO CUNHA E SILVA E M DREI EF,Municipal,Urbana,Em atividade,True,True,2025,infant | preschool | fundamental | initial,INEP,2026-10-06T18:10:05.685489+00:00,https://www.gov.br/inep/pt-br/acesso-a-informacao/dados-abertos/microdados/censo-escolar,https://download.inep.gov.br/dados_abertos/microdados_censo_escolar_2025_.zip
41101197,4109401,RUBEM F DA ROCHA E E DREF,Estadual,Urbana,Em atividade,True,True,2025,fundamental | final,INEP,2026-10-06T18:10:05.685489+00:00,https://www.gov.br/inep/pt-br/acesso-a-informacao/dados-abertos/microdados/censo-escolar,https://download.inep.gov.br/dados_abertos/microdados_censo_escolar_2025_.zip
41101200,4109401,RUI BARBOSA C EEF M,Estadual,Urbana,Em atividade,True,True,2025,fundamental | final | secondary,INEP,2026-10-06T18:10:05.685489+00:00,https://www.gov.br/inep/pt-br/acesso-a-informacao/dados-abertos/microdados/censo-escolar,https://download.inep.gov.br/dados_abertos/microdados_censo_escolar_2025_.zip
41101219,4109401,SEBASTIAO CLARO DE QUADROS E MEI EF,Municipal,Urbana,Em atividade,True,True,2025,infant | preschool | fundamental | initial,INEP,2026-10-06T18:10:05.685489+00:00,https://www.gov.br/inep/pt-br/acesso-a-informacao/dados-abertos/microdados/censo-escolar,https://download.inep.gov.br/dados_abertos/microdados_censo_escolar_2025_.zip
41101260,4109401,SAO JOSE E MEI EF,Municipal,Urbana,Em atividade,True,True,2025,infant | preschool | fundamental | initial,INEP,2026-10-06T18:10:05.685489+00:00,https://www.gov.br/inep/pt-br/acesso-a-informacao/dados-abertos/microdados/censo-escolar,https://download.inep.gov.br/dados_abertos/microdados_censo_escolar_2025_.zip
41101286,4109401,SAO PEDRO E MEF,Municipal,Urbana,Em atividade,True,True,2025,fundamental | initial,INEP,2026-10-06T18:10:05.685489+00:00,https://www.gov.br/inep/pt-br/acesso-a-informacao/dados-abertos/microdados/censo-escolar,https://download.inep.gov.br/dados_abertos/microdados_censo_escolar_2025_.zip
41101324,4109401,COLEGIO SESI GUARAPUAVA ENSINO MEDIO,Privada,Urbana,Em atividade,True,True,2025,secondary | professional | eja,INEP,2026-10-06T18:10:05.685489+00:00,https://www.gov.br/inep/pt-br/acesso-a-informacao/dados-abertos/microdados/censo-escolar,https://download.inep.gov.br/dados_abertos/microdados_censo_escolar_2025_.zip
41101340,4109401,SOFIA HORST E M C EI EF,Municipal,Urbana,Em atividade,True,True,2025,infant | preschool | fundamental | initial,INEP,2026-10-06T18:10:05.685489+00:00,https://www.gov.br/inep/pt-br/acesso-a-informacao/dados-abertos/microdados/censo-escolar,https://download.inep.gov.br/dados_abertos/microdados_censo_escolar_2025_.zip
41101472,4109401,WAGNER E M CAPEI EF,Municipal,Urbana,Em atividade,True,True,2025,infant | preschool | fundamental | initial,INEP,2026-10-06T18:10:05.685489+00:00,https://www.gov.br/inep/pt-br/acesso-a-informacao/dados-abertos/microdados/censo-escolar,https://download.inep.gov.br/dados_abertos/microdados_censo_escolar_2025_.zip
41144180,4109401,CEEBJA GUARAPUAVAEF M,Estadual,Urbana,Em atividade,True,True,2025,eja,INEP,2026-10-06T18:10:05.685489+00:00,https://www.gov.br/inep/pt-br/acesso-a-informacao/dados-abertos/microdados/censo-escolar,https://download.inep.gov.br/dados_abertos/microdados_censo_escolar_2025_.zip
41144210,4109401,CHESTER KOCHANSKI E M PROFEI EF,Municipal,Urbana,Em atividade,True,True,2025,infant | preschool | fundamental | initial,INEP,2026-10-06T18:10:05.685489+00:00,https://www.gov.br/inep/pt-br/acesso-a-informacao/dados-abertos/microdados/censo-escolar,https://download.inep.gov.br/dados_abertos/microdados_censo_escolar_2025_.zip
41144228,4109401,PEDRO CARLI C E PROFEF M,Estadual,Urbana,Em atividade,True,True,2025,fundamental | final | secondary,INEP,2026-10-06T18:10:05.685489+00:00,https://www.gov.br/inep/pt-br/acesso-a-informacao/dados-abertos/microdados/censo-escolar,https://download.inep.gov.br/dados_abertos/microdados_censo_escolar_2025_.zip
41144236,4109401,CONRADO G DE OLIVEIRA E M PREI EF,Municipal,Urbana,Em atividade,True,True,2025,infant | preschool | fundamental | initial,INEP,2026-10-06T18:10:05.685489+00:00,https://www.gov.br/inep/pt-br/acesso-a-informacao/dados-abertos/microdados/censo-escolar,https://download.inep.gov.br/dados_abertos/microdados_censo_escolar_2025_.zip
41144244,4109401,BIBIANA BITENCOURT C EEF M,Estadual,Urbana,Em atividade,True,True,2025,fundamental | final | secondary,INEP,2026-10-06T18:10:05.685489+00:00,https://www.gov.br/inep/pt-br/acesso-a-informacao/dados-abertos/microdados/censo-escolar,https://download.inep.gov.br/dados_abertos/microdados_censo_escolar_2025_.zip
41147570,4109401,BAMBINI C E I,Privada,Urbana,Em atividade,True,True,2025,infant | nursery,INEP,2026-10-06T18:10:05.685489+00:00,https://www.gov.br/inep/pt-br/acesso-a-informacao/dados-abertos/microdados/censo-escolar,https://download.inep.gov.br/dados_abertos/microdados_censo_escolar_2025_.zip
41148339,4109401,CENTRO DE EDUCACAO PROFISSIONAL FUTURA,Privada,Urbana,Em atividade,True,True,2025,professional,INEP,2026-10-06T18:10:05.685489+00:00,https://www.gov.br/inep/pt-br/acesso-a-informacao/dados-abertos/microdados/censo-escolar,https://download.inep.gov.br/dados_abertos/microdados_censo_escolar_2025_.zip
41148576,4109401,ANNE SULLIVAN V KARIN E REF MOD E E,Privada,Rural,Em atividade,True,True,2025,fundamental | initial | eja,INEP,2026-10-06T18:10:05.685489+00:00,https://www.gov.br/inep/pt-br/acesso-a-informacao/dados-abertos/microdados/censo-escolar,https://download.inep.gov.br/dados_abertos/microdados_censo_escolar_2025_.zip
41151461,4109401,PINGO DE GENTE C E I,Privada,Urbana,Em atividade,True,True,2025,infant | nursery | preschool,INEP,2026-10-06T18:10:05.685489+00:00,https://www.gov.br/inep/pt-br/acesso-a-informacao/dados-abertos/microdados/censo-escolar,https://download.inep.gov.br/dados_abertos/microdados_censo_escolar_2025_.zip
41152107,4109401,UEP 7 - UNIDADE DE EDUCACAO PRO E TECNOLOGICA DE GUARAPUAVA- SENAC,Privada,Urbana,Em atividade,True,True,2025,professional,INEP,2026-10-06T18:10:05.685489+00:00,https://www.gov.br/inep/pt-br/acesso-a-informacao/dados-abertos/microdados/censo-escolar,https://download.inep.gov.br/dados_abertos/microdados_censo_escolar_2025_.zip
41152476,4109401,LOBO KIDS E - EF,Privada,Urbana,Paralisada,False,False,2025,,INEP,2026-10-06T18:10:05.685489+00:00,https://www.gov.br/inep/pt-br/acesso-a-informacao/dados-abertos/microdados/censo-escolar,https://download.inep.gov.br/dados_abertos/microdados_censo_escolar_2025_.zip
41152760,4109401,HONORINO JOAO MURARO C E PEEF M,Estadual,Urbana,Em atividade,True,True,2025,fundamental | final,INEP,2026-10-06T18:10:05.685489+00:00,https://www.gov.br/inep/pt-br/acesso-a-informacao/dados-abertos/microdados/censo-escolar,https://download.inep.gov.br/dados_abertos/microdados_censo_escolar_2025_.zip
41152980,4109401,COLEGIO LOBO AVENIDA,Privada,Urbana,Em atividade,True,True,2025,infant | nursery | preschool | fundamental | initial | final | secondary,INEP,2026-10-06T18:10:05.685489+00:00,https://www.gov.br/inep/pt-br/acesso-a-informacao/dados-abertos/microdados/censo-escolar,https://download.inep.gov.br/dados_abertos/microdados_censo_escolar_2025_.zip
41153790,4109401,REPINHO C M E I,Municipal,Urbana,Em atividade,True,True,2025,infant | preschool,INEP,2026-10-06T18:10:05.685489+00:00,https://www.gov.br/inep/pt-br/acesso-a-informacao/dados-abertos/microdados/censo-escolar,https://download.inep.gov.br/dados_abertos/microdados_censo_escolar_2025_.zip
41153812,4109401,ANJO GABRIEL C E I,Privada,Urbana,Paralisada,False,False,2025,,INEP,2026-10-06T18:10:05.685489+00:00,https://www.gov.br/inep/pt-br/acesso-a-informacao/dados-abertos/microdados/censo-escolar,https://download.inep.gov.br/dados_abertos/microdados_censo_escolar_2025_.zip
41155181,4109401,DOCE MEL C E I,Privada,Urbana,Em atividade,True,True,2025,infant | nursery | preschool,INEP,2026-10-06T18:10:05.685489+00:00,https://www.gov.br/inep/pt-br/acesso-a-informacao/dados-abertos/microdados/censo-escolar,https://download.inep.gov.br/dados_abertos/microdados_censo_escolar_2025_.zip
41156625,4109401,NOEMIA HAUAGGE TIA MEME C M E I PROFA,Municipal,Urbana,Em atividade,True,True,2025,infant | nursery | preschool,INEP,2026-10-06T18:10:05.685489+00:00,https://www.gov.br/inep/pt-br/acesso-a-informacao/dados-abertos/microdados/censo-escolar,https://download.inep.gov.br/dados_abertos/microdados_censo_escolar_2025_.zip
41156633,4109401,MAMAE MARGARIDA C M E I,Municipal,Urbana,Em atividade,True,True,2025,infant | nursery,INEP,2026-10-06T18:10:05.685489+00:00,https://www.gov.br/inep/pt-br/acesso-a-informacao/dados-abertos/microdados/censo-escolar,https://download.inep.gov.br/dados_abertos/microdados_censo_escolar_2025_.zip
41156641,4109401,MARIA AP PACHECO LIPPMANN C M E IPROFA,Municipal,Urbana,Em atividade,True,True,2025,infant | nursery,INEP,2026-10-06T18:10:05.685489+00:00,https://www.gov.br/inep/pt-br/acesso-a-informacao/dados-abertos/microdados/censo-escolar,https://download.inep.gov.br/dados_abertos/microdados_censo_escolar_2025_.zip
41156650,4109401,XARQUINHO PAULO FREIRE C M E I,Municipal,Urbana,Em atividade,True,True,2025,infant | nursery,INEP,2026-10-06T18:10:05.685489+00:00,https://www.gov.br/inep/pt-br/acesso-a-informacao/dados-abertos/microdados/censo-escolar,https://download.inep.gov.br/dados_abertos/microdados_censo_escolar_2025_.zip
41158709,4109401,LOBO MED C - EM,Privada,Urbana,Em atividade,True,True,2025,secondary,INEP,2026-10-06T18:10:05.685489+00:00,https://www.gov.br/inep/pt-br/acesso-a-informacao/dados-abertos/microdados/censo-escolar,https://download.inep.gov.br/dados_abertos/microdados_censo_escolar_2025_.zip
41158865,4109401,ANASTACIA IVANSKI C M E I,Municipal,Urbana,Em atividade,True,True,2025,infant | nursery,INEP,2026-10-06T18:10:05.685489+00:00,https://www.gov.br/inep/pt-br/acesso-a-informacao/dados-abertos/microdados/censo-escolar,https://download.inep.gov.br/dados_abertos/microdados_censo_escolar_2025_.zip
41158873,4109401,JOCEMARA TEIXEIRA ARAUJO C M E I PROFA,Municipal,Urbana,Em atividade,True,True,2025,infant | nursery,INEP,2026-10-06T18:10:05.685489+00:00,https://www.gov.br/inep/pt-br/acesso-a-informacao/dados-abertos/microdados/censo-escolar,https://download.inep.gov.br/dados_abertos/microdados_censo_escolar_2025_.zip
41159748,4109401,OTACILIA RODRIGUES C M E I,Municipal,Urbana,Em atividade,True,True,2025,infant | nursery,INEP,2026-10-06T18:10:05.685489+00:00,https://www.gov.br/inep/pt-br/acesso-a-informacao/dados-abertos/microdados/censo-escolar,https://download.inep.gov.br/dados_abertos/microdados_censo_escolar_2025_.zip
41159802,4109401,GOLDBAR C E I,Privada,Urbana,Em atividade,True,True,2025,infant | nursery,INEP,2026-10-06T18:10:05.685489+00:00,https://www.gov.br/inep/pt-br/acesso-a-informacao/dados-abertos/microdados/censo-escolar,https://download.inep.gov.br/dados_abertos/microdados_censo_escolar_2025_.zip
41159900,4109401,ELZA ROSA CAROLLO SILVESTRI C M E I,Municipal,Urbana,Em atividade,True,True,2025,infant | nursery | preschool,INEP,2026-10-06T18:10:05.685489+00:00,https://www.gov.br/inep/pt-br/acesso-a-informacao/dados-abertos/microdados/censo-escolar,https://download.inep.gov.br/dados_abertos/microdados_censo_escolar_2025_.zip
41159934,4109401,HELENA V H PFUETZENREUTER C M E I PROFA,Municipal,Urbana,Em atividade,True,True,2025,infant | nursery,INEP,2026-10-06T18:10:05.685489+00:00,https://www.gov.br/inep/pt-br/acesso-a-informacao/dados-abertos/microdados/censo-escolar,https://download.inep.gov.br/dados_abertos/microdados_censo_escolar_2025_.zip
41160061,4109401,JOAO MARIA DE AGOSTINHO C M E I,Municipal,Urbana,Em atividade,True,True,2025,infant | nursery | preschool,INEP,2026-10-06T18:10:05.685489+00:00,https://www.gov.br/inep/pt-br/acesso-a-informacao/dados-abertos/microdados/censo-escolar,https://download.inep.gov.br/dados_abertos/microdados_censo_escolar_2025_.zip
41162420,4109401,ALFA REDE DE ENSINO,Privada,Urbana,Em atividade,True,True,2025,fundamental | initial | final | secondary,INEP,2026-10-06T18:10:05.685489+00:00,https://www.gov.br/inep/pt-br/acesso-a-informacao/dados-abertos/microdados/censo-escolar,https://download.inep.gov.br/dados_abertos/microdados_censo_escolar_2025_.zip
41162471,4109401,IZABEL DE O PACHECO C M E I,Municipal,Urbana,Em atividade,True,True,2025,infant | nursery | preschool,INEP,2026-10-06T18:10:05.685489+00:00,https://www.gov.br/inep/pt-br/acesso-a-informacao/dados-abertos/microdados/censo-escolar,https://download.inep.gov.br/dados_abertos/microdados_censo_escolar_2025_.zip
41163435,4109401,EMILIA DOMINICO C M E I,Municipal,Urbana,Em atividade,True,True,2025,infant | nursery,INEP,2026-10-06T18:10:05.685489+00:00,https://www.gov.br/inep/pt-br/acesso-a-informacao/dados-abertos/microdados/censo-escolar,https://download.inep.gov.br/dados_abertos/microdados_censo_escolar_2025_.zip
41163478,4109401,GUARAPUAVA DE C A E E,Privada,Urbana,Em atividade,True,False,2025,,INEP,2026-10-06T18:10:05.685489+00:00,https://www.gov.br/inep/pt-br/acesso-a-informacao/dados-abertos/microdados/censo-escolar,https://download.inep.gov.br/dados_abertos/microdados_censo_escolar_2025_.zip
41165330,4109401,ENSINA GRACA EEI EF,Privada,Urbana,Em atividade,True,True,2025,infant | nursery | preschool | fundamental | initial,INEP,2026-10-06T18:10:05.685489+00:00,https://www.gov.br/inep/pt-br/acesso-a-informacao/dados-abertos/microdados/censo-escolar,https://download.inep.gov.br/dados_abertos/microdados_censo_escolar_2025_.zip
41165420,4109401,ARTE E LETRA CEI,Privada,Urbana,Paralisada,False,False,2025,,INEP,2026-10-06T18:10:05.685489+00:00,https://www.gov.br/inep/pt-br/acesso-a-informacao/dados-abertos/microdados/censo-escolar,https://download.inep.gov.br/dados_abertos/microdados_censo_escolar_2025_.zip
41165438,4109401,DOCE INFANCIA CEI,Privada,Urbana,Em atividade,True,True,2025,infant | nursery | preschool,INEP,2026-10-06T18:10:05.685489+00:00,https://www.gov.br/inep/pt-br/acesso-a-informacao/dados-abertos/microdados/censo-escolar,https://download.inep.gov.br/dados_abertos/microdados_censo_escolar_2025_.zip
41165861,4109401,MARIA F S CALDAS TIA CHICA CMEI PROFA,Municipal,Urbana,Em atividade,True,True,2025,infant | nursery | preschool,INEP,2026-10-06T18:10:05.685489+00:00,https://www.gov.br/inep/pt-br/acesso-a-informacao/dados-abertos/microdados/censo-escolar,https://download.inep.gov.br/dados_abertos/microdados_censo_escolar_2025_.zip
41166450,4109401,JAQUELINE F S E M BIL INST LIBRASEI EF,Municipal,Urbana,Em atividade,True,True,2025,infant | preschool | fundamental | initial,INEP,2026-10-06T18:10:05.685489+00:00,https://www.gov.br/inep/pt-br/acesso-a-informacao/dados-abertos/microdados/censo-escolar,https://download.inep.gov.br/dados_abertos/microdados_censo_escolar_2025_.zip
41167937,4109401,SONHO DE CRIANCA CEI,Privada,Urbana,Em atividade,True,True,2025,infant | nursery | preschool,INEP,2026-10-06T18:10:05.685489+00:00,https://www.gov.br/inep/pt-br/acesso-a-informacao/dados-abertos/microdados/censo-escolar,https://download.inep.gov.br/dados_abertos/microdados_censo_escolar_2025_.zip
41354060,4109401,BENEDITA DOS SANTOS E M PROFAEI EF,Municipal,Urbana,Em atividade,True,True,2025,infant | preschool | fundamental | initial,INEP,2026-10-06T18:10:05.685489+00:00,https://www.gov.br/inep/pt-br/acesso-a-informacao/dados-abertos/microdados/censo-escolar,https://download.inep.gov.br/dados_abertos/microdados_censo_escolar_2025_.zip
41354079,4109401,SILVANIRA A L PENHA E M PROFAEI EF,Municipal,Urbana,Em atividade,True,True,2025,infant | preschool | fundamental | initial,INEP,2026-10-06T18:10:05.685489+00:00,https://www.gov.br/inep/pt-br/acesso-a-informacao/dados-abertos/microdados/censo-escolar,https://download.inep.gov.br/dados_abertos/microdados_censo_escolar_2025_.zip
41354087,4109401,ISABEL E M C PRINCEI EF,Municipal,Urbana,Em atividade,True,True,2025,infant | preschool | fundamental | initial,INEP,2026-10-06T18:10:05.685489+00:00,https://www.gov.br/inep/pt-br/acesso-a-informacao/dados-abertos/microdados/censo-escolar,https://download.inep.gov.br/dados_abertos/microdados_censo_escolar_2025_.zip
41354095,4109401,ANTONIO LUSTOSA DE OLIVEIRA E MEI EF,Municipal,Urbana,Em atividade,True,True,2025,infant | preschool | fundamental | initial,INEP,2026-10-06T18:10:05.685489+00:00,https://www.gov.br/inep/pt-br/acesso-a-informacao/dados-abertos/microdados/censo-escolar,https://download.inep.gov.br/dados_abertos/microdados_censo_escolar_2025_.zip
41354109,4109401,DIRCE T JAEGER E M PROFAEI EF,Municipal,Urbana,Em atividade,True,True,2025,infant | preschool | fundamental | initial,INEP,2026-10-06T18:10:05.685489+00:00,https://www.gov.br/inep/pt-br/acesso-a-informacao/dados-abertos/microdados/censo-escolar,https://download.inep.gov.br/dados_abertos/microdados_censo_escolar_2025_.zip
41354117,4109401,ALCINDO DE FRANCA PACHECO E MEI EF,Municipal,Urbana,Em atividade,True,True,2025,infant | preschool | fundamental | initial,INEP,2026-10-06T18:10:05.685489+00:00,https://www.gov.br/inep/pt-br/acesso-a-informacao/dados-abertos/microdados/censo-escolar,https://download.inep.gov.br/dados_abertos/microdados_censo_escolar_2025_.zip
41355423,4109401,JULITA E PROFA EF MOD ED ESP,Privada,Urbana,Paralisada,False,False,2025,,INEP,2026-10-06T18:10:05.685489+00:00,https://www.gov.br/inep/pt-br/acesso-a-informacao/dados-abertos/microdados/censo-escolar,https://download.inep.gov.br/dados_abertos/microdados_censo_escolar_2025_.zip
41360915,4109401,ONDINA DO B S TEIXEIRA C M E I,Municipal,Urbana,Em atividade,True,True,2025,infant | nursery,INEP,2026-10-06T18:10:05.685489+00:00,https://www.gov.br/inep/pt-br/acesso-a-informacao/dados-abertos/microdados/censo-escolar,https://download.inep.gov.br/dados_abertos/microdados_censo_escolar_2025_.zip
41360923,4109401,PRIMAVERA C M E I,Municipal,Urbana,Em atividade,True,True,2025,infant | nursery,INEP,2026-10-06T18:10:05.685489+00:00,https://www.gov.br/inep/pt-br/acesso-a-informacao/dados-abertos/microdados/censo-escolar,https://download.inep.gov.br/dados_abertos/microdados_censo_escolar_2025_.zip
41360931,4109401,BONSUCESSO C M E I,Municipal,Urbana,Em atividade,True,True,2025,infant | nursery,INEP,2026-10-06T18:10:05.685489+00:00,https://www.gov.br/inep/pt-br/acesso-a-informacao/dados-abertos/microdados/censo-escolar,https://download.inep.gov.br/dados_abertos/microdados_censo_escolar_2025_.zip
41360940,4109401,MARIA CAMILO BORGES C M E I,Municipal,Urbana,Em atividade,True,True,2025,infant | nursery,INEP,2026-10-06T18:10:05.685489+00:00,https://www.gov.br/inep/pt-br/acesso-a-informacao/dados-abertos/microdados/censo-escolar,https://download.inep.gov.br/dados_abertos/microdados_censo_escolar_2025_.zip
41360958,4109401,ACYR LOURES PACHECO C M E I PROF,Municipal,Urbana,Em atividade,True,True,2025,infant | nursery,INEP,2026-10-06T18:10:05.685489+00:00,https://www.gov.br/inep/pt-br/acesso-a-informacao/dados-abertos/microdados/censo-escolar,https://download.inep.gov.br/dados_abertos/microdados_censo_escolar_2025_.zip
41360966,4109401,DOROTIL T C MELHEM C M E I PROFA,Municipal,Urbana,Em atividade,True,True,2025,infant | nursery,INEP,2026-10-06T18:10:05.685489+00:00,https://www.gov.br/inep/pt-br/acesso-a-informacao/dados-abertos/microdados/censo-escolar,https://download.inep.gov.br/dados_abertos/microdados_censo_escolar_2025_.zip
41360974,4109401,LAURA P BASTOS C M E I PROFA,Municipal,Urbana,Em atividade,True,True,2025,infant | nursery,INEP,2026-10-06T18:10:05.685489+00:00,https://www.gov.br/inep/pt-br/acesso-a-informacao/dados-abertos/microdados/censo-escolar,https://download.inep.gov.br/dados_abertos/microdados_censo_escolar_2025_.zip
41361008,4109401,CENTRO DE EDUCACAO INFANTIL MAMAE NATUREZA,Privada,Urbana,Em atividade,True,True,2025,infant | nursery | preschool,INEP,2026-10-06T18:10:05.685489+00:00,https://www.gov.br/inep/pt-br/acesso-a-informacao/dados-abertos/microdados/censo-escolar,https://download.inep.gov.br/dados_abertos/microdados_censo_escolar_2025_.zip
41361016,4109401,JULITAJULIA S M PEREIRA C M E I PROFA,Municipal,Urbana,Em atividade,True,True,2025,infant | nursery,INEP,2026-10-06T18:10:05.685489+00:00,https://www.gov.br/inep/pt-br/acesso-a-informacao/dados-abertos/microdados/censo-escolar,https://download.inep.gov.br/dados_abertos/microdados_censo_escolar_2025_.zip
41366255,4109401,ARTEMOCAO EEI EF,Privada,Urbana,Em atividade,True,True,2025,infant | nursery | preschool | fundamental | initial,INEP,2026-10-06T18:10:05.685489+00:00,https://www.gov.br/inep/pt-br/acesso-a-informacao/dados-abertos/microdados/censo-escolar,https://download.inep.gov.br/dados_abertos/microdados_censo_escolar_2025_.zip
41366263,4109401,SANTA TERESINHA DO M JESUS C EI EFM,Privada,Urbana,Em atividade,True,True,2025,infant | nursery | preschool | fundamental | initial | final | secondary,INEP,2026-10-06T18:10:05.685489+00:00,https://www.gov.br/inep/pt-br/acesso-a-informacao/dados-abertos/microdados/censo-escolar,https://download.inep.gov.br/dados_abertos/microdados_censo_escolar_2025_.zip
41372743,4109401,ARIEL JOSE PIRES E M C PROFEI EF,Municipal,Urbana,Em atividade,True,True,2025,infant | preschool | fundamental | initial,INEP,2026-10-06T18:10:05.685489+00:00,https://www.gov.br/inep/pt-br/acesso-a-informacao/dados-abertos/microdados/censo-escolar,https://download.inep.gov.br/dados_abertos/microdados_censo_escolar_2025_.zip
41372751,4109401,MOACYR JULIO SILVESTRI E EEF,Estadual,Urbana,Em atividade,True,True,2025,fundamental | final,INEP,2026-10-06T18:10:05.685489+00:00,https://www.gov.br/inep/pt-br/acesso-a-informacao/dados-abertos/microdados/censo-escolar,https://download.inep.gov.br/dados_abertos/microdados_censo_escolar_2025_.zip
41372760,4109401,ELISABETH MAYER LEH C M E I,Municipal,Urbana,Em atividade,True,True,2025,infant | nursery,INEP,2026-10-06T18:10:05.685489+00:00,https://www.gov.br/inep/pt-br/acesso-a-informacao/dados-abertos/microdados/censo-escolar,https://download.inep.gov.br/dados_abertos/microdados_censo_escolar_2025_.zip
41374061,4109401,CENTRO EST EDUC PROFIS ARLINDO RIBEIRO,Estadual,Urbana,Em atividade,True,True,2025,secondary | professional,INEP,2026-10-06T18:10:05.685489+00:00,https://www.gov.br/inep/pt-br/acesso-a-informacao/dados-abertos/microdados/censo-escolar,https://download.inep.gov.br/dados_abertos/microdados_censo_escolar_2025_.zip
41375491,4109401,FRANCISCO CONTINI E M PROFEI EF,Municipal,Urbana,Em atividade,True,True,2025,infant | preschool | fundamental | initial,INEP,2026-10-06T18:10:05.685489+00:00,https://www.gov.br/inep/pt-br/acesso-a-informacao/dados-abertos/microdados/censo-escolar,https://download.inep.gov.br/dados_abertos/microdados_censo_escolar_2025_.zip
41375505,4109401,JOAO PAULO II C M E I,Municipal,Urbana,Em atividade,True,True,2025,infant | nursery,INEP,2026-10-06T18:10:05.685489+00:00,https://www.gov.br/inep/pt-br/acesso-a-informacao/dados-abertos/microdados/censo-escolar,https://download.inep.gov.br/dados_abertos/microdados_censo_escolar_2025_.zip
41380169,4109401,LUIZA P DO AMARAL E M PROFAEI EF,Municipal,Urbana,Em atividade,True,True,2025,infant | preschool | fundamental | initial,INEP,2026-10-06T18:10:05.685489+00:00,https://www.gov.br/inep/pt-br/acesso-a-informacao/dados-abertos/microdados/censo-escolar,https://download.inep.gov.br/dados_abertos/microdados_censo_escolar_2025_.zip
41380177,4109401,O MUNDO DA CRIANCA C M E I,Municipal,Urbana,Em atividade,True,True,2025,infant | nursery | preschool,INEP,2026-10-06T18:10:05.685489+00:00,https://www.gov.br/inep/pt-br/acesso-a-informacao/dados-abertos/microdados/censo-escolar,https://download.inep.gov.br/dados_abertos/microdados_censo_escolar_2025_.zip
41380185,4109401,AQUARELA DO SABER E EI EF,Privada,Urbana,Paralisada,False,False,2025,,INEP,2026-10-06T18:10:05.685489+00:00,https://www.gov.br/inep/pt-br/acesso-a-informacao/dados-abertos/microdados/censo-escolar,https://download.inep.gov.br/dados_abertos/microdados_censo_escolar_2025_.zip
41382366,4109401,COLEGIO LOBO DO PARANA - ENSINO FUNDAMENTAL E MEDIO,Privada,Urbana,Em atividade,True,True,2025,infant | nursery | preschool | fundamental | initial | final | secondary,INEP,2026-10-06T18:10:05.685489+00:00,https://www.gov.br/inep/pt-br/acesso-a-informacao/dados-abertos/microdados/censo-escolar,https://download.inep.gov.br/dados_abertos/microdados_censo_escolar_2025_.zip
41382773,4109401,MAACK E M C PROFEI EF,Municipal,Rural,Em atividade,True,True,2025,infant | preschool | fundamental | initial | final,INEP,2026-10-06T18:10:05.685489+00:00,https://www.gov.br/inep/pt-br/acesso-a-informacao/dados-abertos/microdados/censo-escolar,https://download.inep.gov.br/dados_abertos/microdados_censo_escolar_2025_.zip
41386329,4109401,ALDEIA DO SOL CEI EF M,Privada,Urbana,Em atividade,True,True,2025,infant | preschool | fundamental | initial | final | secondary,INEP,2026-10-06T18:10:05.685489+00:00,https://www.gov.br/inep/pt-br/acesso-a-informacao/dados-abertos/microdados/censo-escolar,https://download.inep.gov.br/dados_abertos/microdados_censo_escolar_2025_.zip
41386337,4109401,SENAI GUARAPUAVA,Privada,Urbana,Em atividade,True,True,2025,professional,INEP,2026-10-06T18:10:05.685489+00:00,https://www.gov.br/inep/pt-br/acesso-a-informacao/dados-abertos/microdados/censo-escolar,https://download.inep.gov.br/dados_abertos/microdados_censo_escolar_2025_.zip
41386809,4109401,SESC GUARAPUAVA C E I,Privada,Urbana,Em atividade,True,True,2025,infant | nursery | preschool,INEP,2026-10-06T18:10:05.685489+00:00,https://www.gov.br/inep/pt-br/acesso-a-informacao/dados-abertos/microdados/censo-escolar,https://download.inep.gov.br/dados_abertos/microdados_censo_escolar_2025_.zip
41386817,4109401,EXITOPRIMEIROS PASSOS CEI EF M,Privada,Urbana,Em atividade,True,True,2025,infant | nursery | preschool | fundamental | initial | final | secondary,INEP,2026-10-06T18:10:05.685489+00:00,https://www.gov.br/inep/pt-br/acesso-a-informacao/dados-abertos/microdados/censo-escolar,https://download.inep.gov.br/dados_abertos/microdados_censo_escolar_2025_.zip
41387040,4109401,BENEDITO DE PAULA LOURO C E CEF M,Estadual,Rural,Em atividade,True,True,2025,fundamental | final | secondary,INEP,2026-10-06T18:10:05.685489+00:00,https://www.gov.br/inep/pt-br/acesso-a-informacao/dados-abertos/microdados/censo-escolar,https://download.inep.gov.br/dados_abertos/microdados_censo_escolar_2025_.zip
41393619,4109401,COLEGIO FERA -GRUPO MATTOS LEAO EDUCACIONAL EI EF M,Privada,Urbana,Em atividade,True,True,2025,infant | nursery | preschool | fundamental | initial | final | secondary,INEP,2026-10-06T18:10:05.685489+00:00,https://www.gov.br/inep/pt-br/acesso-a-informacao/dados-abertos/microdados/censo-escolar,https://download.inep.gov.br/dados_abertos/microdados_censo_escolar_2025_.zip
41407822,4109401,SANTA TEREZINHA C M E I,Municipal,Urbana,Em atividade,True,True,2025,infant | nursery,INEP,2026-10-06T18:10:05.685489+00:00,https://www.gov.br/inep/pt-br/acesso-a-informacao/dados-abertos/microdados/censo-escolar,https://download.inep.gov.br/dados_abertos/microdados_censo_escolar_2025_.zip
41410246,4109401,RETIRO FELIZ C M E I,Municipal,Urbana,Em atividade,True,True,2025,infant | nursery | preschool,INEP,2026-10-06T18:10:05.685489+00:00,https://www.gov.br/inep/pt-br/acesso-a-informacao/dados-abertos/microdados/censo-escolar,https://download.inep.gov.br/dados_abertos/microdados_censo_escolar_2025_.zip
41436822,4109401,BETEL EEI EF,Privada,Urbana,Em atividade,True,True,2025,infant | nursery | preschool | fundamental | initial,INEP,2026-10-06T18:10:05.685489+00:00,https://www.gov.br/inep/pt-br/acesso-a-informacao/dados-abertos/microdados/censo-escolar,https://download.inep.gov.br/dados_abertos/microdados_censo_escolar_2025_.zip
41534913,4109401,GUAIRACA CEF M,Privada,Urbana,Em atividade,True,True,2025,fundamental | final | secondary,INEP,2026-10-06T18:10:05.685489+00:00,https://www.gov.br/inep/pt-br/acesso-a-informacao/dados-abertos/microdados/censo-escolar,https://download.inep.gov.br/dados_abertos/microdados_censo_escolar_2025_.zip
41583906,4109401,ANJO SAPECA C E I,Privada,Urbana,Em atividade,True,True,2025,infant | nursery | preschool,INEP,2026-10-06T18:10:05.685489+00:00,https://www.gov.br/inep/pt-br/acesso-a-informacao/dados-abertos/microdados/censo-escolar,https://download.inep.gov.br/dados_abertos/microdados_censo_escolar_2025_.zip
41598032,4109401,CEEBJA NOVA VISAOEF M,Estadual,Urbana,Em atividade,True,True,2025,eja,INEP,2026-10-06T18:10:05.685489+00:00,https://www.gov.br/inep/pt-br/acesso-a-informacao/dados-abertos/microdados/censo-escolar,https://download.inep.gov.br/dados_abertos/microdados_censo_escolar_2025_.zip
41598040,4109401,ALBA KEINERT C E PROFAEF M,Estadual,Urbana,Em atividade,True,True,2025,fundamental | final | secondary,INEP,2026-10-06T18:10:05.685489+00:00,https://www.gov.br/inep/pt-br/acesso-a-informacao/dados-abertos/microdados/censo-escolar,https://download.inep.gov.br/dados_abertos/microdados_censo_escolar_2025_.zip
41598059,4109401,INA RIBAS CARLI E MEF,Municipal,Urbana,Em atividade,True,True,2025,fundamental | initial,INEP,2026-10-06T18:10:05.685489+00:00,https://www.gov.br/inep/pt-br/acesso-a-informacao/dados-abertos/microdados/censo-escolar,https://download.inep.gov.br/dados_abertos/microdados_censo_escolar_2025_.zip
41100700,4109401,COLEGIO IMPERATRIZ DONA LEOPOLDINA,Privada,Urbana,Em atividade,True,True,2025,infant | nursery | preschool | fundamental | initial | final | secondary | professional,INEP,2026-10-06T18:10:05.685489+00:00,https://www.gov.br/inep/pt-br/acesso-a-informacao/dados-abertos/microdados/censo-escolar,https://download.inep.gov.br/dados_abertos/microdados_censo_escolar_2025_.zip
41144201,4109401,MARIA DE J P GUIMARAES C E C PROFAEF M,Estadual,Rural,Em atividade,True,True,2025,fundamental | final | secondary,INEP,2026-10-06T18:10:05.685489+00:00,https://www.gov.br/inep/pt-br/acesso-a-informacao/dados-abertos/microdados/censo-escolar,https://download.inep.gov.br/dados_abertos/microdados_censo_escolar_2025_.zip
41101006,4109401,PALMEIRINHA C E DO C DEEF M PROF,Estadual,Urbana,Em atividade,True,True,2025,fundamental | final | secondary | professional,INEP,2026-10-06T18:10:05.685489+00:00,https://www.gov.br/inep/pt-br/acesso-a-informacao/dados-abertos/microdados/censo-escolar,https://download.inep.gov.br/dados_abertos/microdados_censo_escolar_2025_.zip
41095944,4119608,AFONSINA M SEBRENSKI E MEI EF,Municipal,Urbana,Em atividade,True,True,2025,infant | preschool | fundamental | initial,INEP,2026-10-06T18:10:05.685489+00:00,https://www.gov.br/inep/pt-br/acesso-a-informacao/dados-abertos/microdados/censo-escolar,https://download.inep.gov.br/dados_abertos/microdados_censo_escolar_2025_.zip
41095952,4119608,AFONSO ALVES CAMARGO E M C EI EF,Municipal,Rural,Em atividade,True,True,2025,infant | preschool | fundamental | initial,INEP,2026-10-06T18:10:05.685489+00:00,https://www.gov.br/inep/pt-br/acesso-a-informacao/dados-abertos/microdados/censo-escolar,https://download.inep.gov.br/dados_abertos/microdados_censo_escolar_2025_.zip
41096010,4119608,ANGELO SEGURO E M CEI EF,Municipal,Rural,Em atividade,True,True,2025,infant | preschool | fundamental | initial,INEP,2026-10-06T18:10:05.685489+00:00,https://www.gov.br/inep/pt-br/acesso-a-informacao/dados-abertos/microdados/censo-escolar,https://download.inep.gov.br/dados_abertos/microdados_censo_escolar_2025_.zip
41096053,4119608,ANTONIO DORIGON C EEF M PROFIS,Estadual,Urbana,Em atividade,True,True,2025,fundamental | final | secondary | professional,INEP,2026-10-06T18:10:05.685489+00:00,https://www.gov.br/inep/pt-br/acesso-a-informacao/dados-abertos/microdados/censo-escolar,https://download.inep.gov.br/dados_abertos/microdados_censo_escolar_2025_.zip
41096126,4119608,AURELIO B DE HOLANDA C E C E F M,Estadual,Rural,Em atividade,True,True,2025,fundamental | final | secondary,INEP,2026-10-06T18:10:05.685489+00:00,https://www.gov.br/inep/pt-br/acesso-a-informacao/dados-abertos/microdados/censo-escolar,https://download.inep.gov.br/dados_abertos/microdados_censo_escolar_2025_.zip
41096193,4119608,CARLOTA PORTUGAL BERARDI E M CEI EF,Municipal,Rural,Em atividade,True,True,2025,infant | preschool | fundamental | initial,INEP,2026-10-06T18:10:05.685489+00:00,https://www.gov.br/inep/pt-br/acesso-a-informacao/dados-abertos/microdados/censo-escolar,https://download.inep.gov.br/dados_abertos/microdados_censo_escolar_2025_.zip
41096290,4119608,EBANO PEREIRA E M CEI EF,Municipal,Rural,Em atividade,True,True,2025,infant | preschool | fundamental | initial,INEP,2026-10-06T18:10:05.685489+00:00,https://www.gov.br/inep/pt-br/acesso-a-informacao/dados-abertos/microdados/censo-escolar,https://download.inep.gov.br/dados_abertos/microdados_censo_escolar_2025_.zip
41096347,4119608,JULIA H DE SOUZA C E PROFAEF M,Estadual,Urbana,Em atividade,True,True,2025,fundamental | final | secondary,INEP,2026-10-06T18:10:05.685489+00:00,https://www.gov.br/inep/pt-br/acesso-a-informacao/dados-abertos/microdados/censo-escolar,https://download.inep.gov.br/dados_abertos/microdados_censo_escolar_2025_.zip
41096479,4119608,IVAN F DO AMARAL E M DREI EF,Municipal,Urbana,Em atividade,True,True,2025,infant | preschool | fundamental | initial,INEP,2026-10-06T18:10:05.685489+00:00,https://www.gov.br/inep/pt-br/acesso-a-informacao/dados-abertos/microdados/censo-escolar,https://download.inep.gov.br/dados_abertos/microdados_censo_escolar_2025_.zip
41096576,4119608,JOSE BITTENCOURT E MEI EF,Municipal,Urbana,Em atividade,True,True,2025,infant | preschool | fundamental | initial,INEP,2026-10-06T18:10:05.685489+00:00,https://www.gov.br/inep/pt-br/acesso-a-informacao/dados-abertos/microdados/censo-escolar,https://download.inep.gov.br/dados_abertos/microdados_censo_escolar_2025_.zip
41096711,4119608,MASCARENHAS DE MORAIS E M CEI EF,Municipal,Rural,Em atividade,True,True,2025,infant | preschool | fundamental | initial,INEP,2026-10-06T18:10:05.685489+00:00,https://www.gov.br/inep/pt-br/acesso-a-informacao/dados-abertos/microdados/censo-escolar,https://download.inep.gov.br/dados_abertos/microdados_censo_escolar_2025_.zip
41096754,4119608,NEY BRAGA E M CEI EF,Municipal,Rural,Em atividade,True,True,2025,infant | preschool | fundamental | initial,INEP,2026-10-06T18:10:05.685489+00:00,https://www.gov.br/inep/pt-br/acesso-a-informacao/dados-abertos/microdados/censo-escolar,https://download.inep.gov.br/dados_abertos/microdados_censo_escolar_2025_.zip
41096908,4119608,PEDRO I C E CM DEF M PROFIS,Estadual,Urbana,Em atividade,True,True,2025,fundamental | final | secondary | professional,INEP,2026-10-06T18:10:05.685489+00:00,https://www.gov.br/inep/pt-br/acesso-a-informacao/dados-abertos/microdados/censo-escolar,https://download.inep.gov.br/dados_abertos/microdados_censo_escolar_2025_.zip
41097009,4119608,CLODOALDO S DE FRANCA EEI EF MOD E ESP,Privada,Urbana,Em atividade,True,True,2025,fundamental | initial | eja,INEP,2026-10-06T18:10:05.685489+00:00,https://www.gov.br/inep/pt-br/acesso-a-informacao/dados-abertos/microdados/censo-escolar,https://download.inep.gov.br/dados_abertos/microdados_censo_escolar_2025_.zip
41097017,4119608,REINALDO N FERREIRA E MEI EF,Municipal,Urbana,Em atividade,True,True,2025,infant | preschool | fundamental | initial,INEP,2026-10-06T18:10:05.685489+00:00,https://www.gov.br/inep/pt-br/acesso-a-informacao/dados-abertos/microdados/censo-escolar,https://download.inep.gov.br/dados_abertos/microdados_censo_escolar_2025_.zip
41097025,4119608,RENE ROCHA E M CEI EF,Municipal,Rural,Em atividade,True,True,2025,infant | preschool | fundamental | initial,INEP,2026-10-06T18:10:05.685489+00:00,https://www.gov.br/inep/pt-br/acesso-a-informacao/dados-abertos/microdados/censo-escolar,https://download.inep.gov.br/dados_abertos/microdados_censo_escolar_2025_.zip
41097033,4119608,RIO DO MEIO C E C DOEF M,Estadual,Rural,Em atividade,True,True,2025,fundamental | final | secondary,INEP,2026-10-06T18:10:05.685489+00:00,https://www.gov.br/inep/pt-br/acesso-a-informacao/dados-abertos/microdados/censo-escolar,https://download.inep.gov.br/dados_abertos/microdados_censo_escolar_2025_.zip
41097084,4119608,SAGRADA FAMILIA E M CEI EF,Municipal,Rural,Em atividade,True,True,2025,infant | preschool | fundamental | initial,INEP,2026-10-06T18:10:05.685489+00:00,https://www.gov.br/inep/pt-br/acesso-a-informacao/dados-abertos/microdados/censo-escolar,https://download.inep.gov.br/dados_abertos/microdados_censo_escolar_2025_.zip
41097149,4119608,SANTA REGINA E MEI EF,Municipal,Urbana,Em atividade,True,True,2025,infant | preschool | fundamental | initial,INEP,2026-10-06T18:10:05.685489+00:00,https://www.gov.br/inep/pt-br/acesso-a-informacao/dados-abertos/microdados/censo-escolar,https://download.inep.gov.br/dados_abertos/microdados_censo_escolar_2025_.zip
41097211,4119608,COLEGIO SAO BENTO,Privada,Urbana,Em atividade,True,True,2025,infant | nursery | preschool | fundamental | initial | final | secondary | professional,INEP,2026-10-06T18:10:05.685489+00:00,https://www.gov.br/inep/pt-br/acesso-a-informacao/dados-abertos/microdados/censo-escolar,https://download.inep.gov.br/dados_abertos/microdados_censo_escolar_2025_.zip
41097254,4119608,SAO JUDAS TADEU E M CEI EF,Municipal,Rural,Em atividade,True,True,2025,infant | preschool | fundamental | initial,INEP,2026-10-06T18:10:05.685489+00:00,https://www.gov.br/inep/pt-br/acesso-a-informacao/dados-abertos/microdados/censo-escolar,https://download.inep.gov.br/dados_abertos/microdados_censo_escolar_2025_.zip
41097297,4119608,TIRADENTES E EEF,Estadual,Urbana,Em atividade,True,True,2025,fundamental | final,INEP,2026-10-06T18:10:05.685489+00:00,https://www.gov.br/inep/pt-br/acesso-a-informacao/dados-abertos/microdados/censo-escolar,https://download.inep.gov.br/dados_abertos/microdados_censo_escolar_2025_.zip
41097335,4119608,VICTOR C DE ALMEIDA C E C PEEF M,Estadual,Rural,Em atividade,True,True,2025,fundamental | final | secondary,INEP,2026-10-06T18:10:05.685489+00:00,https://www.gov.br/inep/pt-br/acesso-a-informacao/dados-abertos/microdados/censo-escolar,https://download.inep.gov.br/dados_abertos/microdados_censo_escolar_2025_.zip
41097394,4119608,ZELIO DZIUBATE C E CEF M,Estadual,Rural,Em atividade,True,True,2025,fundamental | final | secondary,INEP,2026-10-06T18:10:05.685489+00:00,https://www.gov.br/inep/pt-br/acesso-a-informacao/dados-abertos/microdados/censo-escolar,https://download.inep.gov.br/dados_abertos/microdados_censo_escolar_2025_.zip
41145585,4119608,CEEBJA CASTURINA C BONFIMEF M,Estadual,Urbana,Em atividade,True,True,2025,eja,INEP,2026-10-06T18:10:05.685489+00:00,https://www.gov.br/inep/pt-br/acesso-a-informacao/dados-abertos/microdados/censo-escolar,https://download.inep.gov.br/dados_abertos/microdados_censo_escolar_2025_.zip
41147596,4119608,CHICO MENDES E M C EI EF,Municipal,Rural,Em atividade,True,True,2025,infant | preschool | fundamental | initial,INEP,2026-10-06T18:10:05.685489+00:00,https://www.gov.br/inep/pt-br/acesso-a-informacao/dados-abertos/microdados/censo-escolar,https://download.inep.gov.br/dados_abertos/microdados_censo_escolar_2025_.zip
41155190,4119608,CENTRO EST EDUC PROFIS PF MIGUEL C PAROL,Estadual,Urbana,Em atividade,True,True,2025,secondary | professional,INEP,2026-10-06T18:10:05.685489+00:00,https://www.gov.br/inep/pt-br/acesso-a-informacao/dados-abertos/microdados/censo-escolar,https://download.inep.gov.br/dados_abertos/microdados_censo_escolar_2025_.zip
41156048,4119608,IFPR - CAMPUS PITANGA,Federal,Urbana,Em atividade,True,True,2025,secondary | professional,INEP,2026-10-06T18:10:05.685489+00:00,https://www.gov.br/inep/pt-br/acesso-a-informacao/dados-abertos/microdados/censo-escolar,https://download.inep.gov.br/dados_abertos/microdados_censo_escolar_2025_.zip
41164946,4119608,MIGUEL EDUARDO NALINI ADUR C M E I,Municipal,Urbana,Em atividade,True,True,2025,infant | nursery,INEP,2026-10-06T18:10:05.685489+00:00,https://www.gov.br/inep/pt-br/acesso-a-informacao/dados-abertos/microdados/censo-escolar,https://download.inep.gov.br/dados_abertos/microdados_censo_escolar_2025_.zip
41359712,4119608,EUCLIDES G DA SILVA E M V PREFEI EF,Municipal,Urbana,Em atividade,True,True,2025,infant | preschool | fundamental | initial | eja,INEP,2026-10-06T18:10:05.685489+00:00,https://www.gov.br/inep/pt-br/acesso-a-informacao/dados-abertos/microdados/censo-escolar,https://download.inep.gov.br/dados_abertos/microdados_censo_escolar_2025_.zip
41371860,4119608,SANTA ROSA C M E I,Municipal,Urbana,Em atividade,True,True,2025,infant | nursery,INEP,2026-10-06T18:10:05.685489+00:00,https://www.gov.br/inep/pt-br/acesso-a-informacao/dados-abertos/microdados/censo-escolar,https://download.inep.gov.br/dados_abertos/microdados_censo_escolar_2025_.zip
41371887,4119608,ELSA LERNER C M E I,Municipal,Urbana,Em atividade,True,True,2025,infant | nursery,INEP,2026-10-06T18:10:05.685489+00:00,https://www.gov.br/inep/pt-br/acesso-a-informacao/dados-abertos/microdados/censo-escolar,https://download.inep.gov.br/dados_abertos/microdados_censo_escolar_2025_.zip
41371909,4119608,ANTONIETA RECHIN LANDGRAF C M E I,Municipal,Urbana,Em atividade,True,True,2025,infant | nursery,INEP,2026-10-06T18:10:05.685489+00:00,https://www.gov.br/inep/pt-br/acesso-a-informacao/dados-abertos/microdados/censo-escolar,https://download.inep.gov.br/dados_abertos/microdados_censo_escolar_2025_.zip
41371917,4119608,SANTA IZABELMIRNA L F GALAFASSIC M E I,Municipal,Urbana,Em atividade,True,True,2025,infant | nursery,INEP,2026-10-06T18:10:05.685489+00:00,https://www.gov.br/inep/pt-br/acesso-a-informacao/dados-abertos/microdados/censo-escolar,https://download.inep.gov.br/dados_abertos/microdados_censo_escolar_2025_.zip
41382390,4119608,SAO JOAO DA COLINA C E CEF M,Estadual,Rural,Em atividade,True,True,2025,infant | preschool | fundamental | initial | final | secondary,INEP,2026-10-06T18:10:05.685489+00:00,https://www.gov.br/inep/pt-br/acesso-a-informacao/dados-abertos/microdados/censo-escolar,https://download.inep.gov.br/dados_abertos/microdados_censo_escolar_2025_.zip
41382404,4119608,ARROIO GRANDE C E CEF M,Estadual,Rural,Em atividade,True,True,2025,fundamental | final | secondary,INEP,2026-10-06T18:10:05.685489+00:00,https://www.gov.br/inep/pt-br/acesso-a-informacao/dados-abertos/microdados/censo-escolar,https://download.inep.gov.br/dados_abertos/microdados_censo_escolar_2025_.zip
41389743,4119608,OBJETIVO JP PITANGA CEI EF M,Privada,Urbana,Em atividade,True,True,2025,infant | nursery | preschool | fundamental | initial | final | secondary,INEP,2026-10-06T18:10:05.685489+00:00,https://www.gov.br/inep/pt-br/acesso-a-informacao/dados-abertos/microdados/censo-escolar,https://download.inep.gov.br/dados_abertos/microdados_censo_escolar_2025_.zip
41415825,4119608,LEONOR L HRYSYK C M E I,Municipal,Urbana,Em atividade,True,True,2025,infant | nursery,INEP,2026-10-06T18:10:05.685489+00:00,https://www.gov.br/inep/pt-br/acesso-a-informacao/dados-abertos/microdados/censo-escolar,https://download.inep.gov.br/dados_abertos/microdados_censo_escolar_2025_.zip
41094875,4113254,FELIPE DOS SANTOS E M CEI EF,Municipal,Rural,Em atividade,True,True,2025,infant | preschool | fundamental | initial,INEP,2026-10-06T18:10:05.685489+00:00,https://www.gov.br/inep/pt-br/acesso-a-informacao/dados-abertos/microdados/censo-escolar,https://download.inep.gov.br/dados_abertos/microdados_censo_escolar_2025_.zip
41094921,4113254,LARANJAL C E DEEF M,Estadual,Urbana,Em atividade,True,True,2025,fundamental | final | secondary,INEP,2026-10-06T18:10:05.685489+00:00,https://www.gov.br/inep/pt-br/acesso-a-informacao/dados-abertos/microdados/censo-escolar,https://download.inep.gov.br/dados_abertos/microdados_censo_escolar_2025_.zip
41094999,4113254,MUNHOZ DA ROCHA E M CEI EF,Municipal,Rural,Em atividade,True,True,2025,infant | preschool | fundamental | initial,INEP,2026-10-06T18:10:05.685489+00:00,https://www.gov.br/inep/pt-br/acesso-a-informacao/dados-abertos/microdados/censo-escolar,https://download.inep.gov.br/dados_abertos/microdados_censo_escolar_2025_.zip
41095030,4113254,VILLA LOBOS E MEI EF,Municipal,Urbana,Em atividade,True,True,2025,infant | preschool | fundamental | initial,INEP,2026-10-06T18:10:05.685489+00:00,https://www.gov.br/inep/pt-br/acesso-a-informacao/dados-abertos/microdados/censo-escolar,https://download.inep.gov.br/dados_abertos/microdados_censo_escolar_2025_.zip
41155394,4113254,DONA BELA C M E I,Municipal,Urbana,Em atividade,True,True,2025,infant | nursery | preschool,INEP,2026-10-06T18:10:05.685489+00:00,https://www.gov.br/inep/pt-br/acesso-a-informacao/dados-abertos/microdados/censo-escolar,https://download.inep.gov.br/dados_abertos/microdados_censo_escolar_2025_.zip
41367103,4113254,PINHAL GRANDE C E CEF M,Estadual,Rural,Em atividade,True,True,2025,fundamental | final | secondary,INEP,2026-10-06T18:10:05.685489+00:00,https://www.gov.br/inep/pt-br/acesso-a-informacao/dados-abertos/microdados/censo-escolar,https://download.inep.gov.br/dados_abertos/microdados_censo_escolar_2025_.zip
41367111,4113254,CAMINHOS DA ESPERANCA C M E I,Municipal,Urbana,Em atividade,True,True,2025,infant | nursery | preschool,INEP,2026-10-06T18:10:05.685489+00:00,https://www.gov.br/inep/pt-br/acesso-a-informacao/dados-abertos/microdados/censo-escolar,https://download.inep.gov.br/dados_abertos/microdados_censo_escolar_2025_.zip
41373006,4113254,CHAPADAO C E C EF M,Estadual,Rural,Em atividade,True,True,2025,fundamental | final | secondary,INEP,2026-10-06T18:10:05.685489+00:00,https://www.gov.br/inep/pt-br/acesso-a-informacao/dados-abertos/microdados/censo-escolar,https://download.inep.gov.br/dados_abertos/microdados_censo_escolar_2025_.zip
41378156,4113254,REVIVER EEI EF MOD ED ESP,Privada,Urbana,Em atividade,True,True,2025,infant | nursery | fundamental | initial | eja,INEP,2026-10-06T18:10:05.685489+00:00,https://www.gov.br/inep/pt-br/acesso-a-informacao/dados-abertos/microdados/censo-escolar,https://download.inep.gov.br/dados_abertos/microdados_censo_escolar_2025_.zip
