code,network,reference,activeSchools,teachingPosts,classes,sourceId,teachersOfficial,teachersSourceId,total,infant,nursery,preschool,fundamental,initial,final,secondary,professional,eja,special,fullTime,agency,collectedAt,officialUrl,sourceUrl
4109401,Estadual,2015,29,1408,657,census-2015,,,19383,0,0,0,10030,0,10030,6469,1903,2045,233,,INEP,2026-10-06T18:06:37.031241+00:00,https://www.gov.br/inep/pt-br/acesso-a-informacao/dados-abertos/microdados/censo-escolar,https://download.inep.gov.br/dados_abertos/microdados_censo_escolar_2015.zip
4109401,Federal,2015,0,0,0,census-2015,,,0,0,0,0,0,0,0,0,0,0,0,0,INEP,2026-10-06T18:06:37.031241+00:00,https://www.gov.br/inep/pt-br/acesso-a-informacao/dados-abertos/microdados/censo-escolar,https://download.inep.gov.br/dados_abertos/microdados_censo_escolar_2015.zip
4109401,Municipal,2015,59,874,702,census-2015,,,15974,3352,1028,2324,12491,12430,61,0,0,131,213,,INEP,2026-10-06T18:06:37.031241+00:00,https://www.gov.br/inep/pt-br/acesso-a-informacao/dados-abertos/microdados/censo-escolar,https://download.inep.gov.br/dados_abertos/microdados_censo_escolar_2015.zip
4109401,Privada,2015,36,669,454,census-2015,,,7844,1690,788,902,3552,2056,1496,1313,1026,263,496,,INEP,2026-10-06T18:06:37.031241+00:00,https://www.gov.br/inep/pt-br/acesso-a-informacao/dados-abertos/microdados/censo-escolar,https://download.inep.gov.br/dados_abertos/microdados_censo_escolar_2015.zip
4109401,Total,2015,124,2951,1813,census-2015,,,43201,5042,1816,3226,26073,14486,11587,7782,2929,2439,942,,INEP,2026-10-06T18:06:37.031241+00:00,https://www.gov.br/inep/pt-br/acesso-a-informacao/dados-abertos/microdados/censo-escolar,https://download.inep.gov.br/dados_abertos/microdados_censo_escolar_2015.zip
4113254,Estadual,2015,3,81,36,census-2015,,,860,0,0,0,539,0,539,321,0,0,42,,INEP,2026-10-06T18:06:37.031241+00:00,https://www.gov.br/inep/pt-br/acesso-a-informacao/dados-abertos/microdados/censo-escolar,https://download.inep.gov.br/dados_abertos/microdados_censo_escolar_2015.zip
4113254,Federal,2015,0,0,0,census-2015,,,0,0,0,0,0,0,0,0,0,0,0,0,INEP,2026-10-06T18:06:37.031241+00:00,https://www.gov.br/inep/pt-br/acesso-a-informacao/dados-abertos/microdados/censo-escolar,https://download.inep.gov.br/dados_abertos/microdados_censo_escolar_2015.zip
4113254,Municipal,2015,12,51,58,census-2015,,,749,147,102,45,588,588,0,0,0,14,21,,INEP,2026-10-06T18:06:37.031241+00:00,https://www.gov.br/inep/pt-br/acesso-a-informacao/dados-abertos/microdados/censo-escolar,https://download.inep.gov.br/dados_abertos/microdados_censo_escolar_2015.zip
4113254,Privada,2015,1,5,3,census-2015,,,20,0,0,0,8,8,0,0,0,12,20,,INEP,2026-10-06T18:06:37.031241+00:00,https://www.gov.br/inep/pt-br/acesso-a-informacao/dados-abertos/microdados/censo-escolar,https://download.inep.gov.br/dados_abertos/microdados_censo_escolar_2015.zip
4113254,Total,2015,16,137,97,census-2015,,,1629,147,102,45,1135,596,539,321,0,26,83,,INEP,2026-10-06T18:06:37.031241+00:00,https://www.gov.br/inep/pt-br/acesso-a-informacao/dados-abertos/microdados/censo-escolar,https://download.inep.gov.br/dados_abertos/microdados_censo_escolar_2015.zip
4119608,Estadual,2015,12,373,156,census-2015,,,3838,0,0,0,1820,0,1820,1374,369,515,102,,INEP,2026-10-06T18:06:37.031241+00:00,https://www.gov.br/inep/pt-br/acesso-a-informacao/dados-abertos/microdados/censo-escolar,https://download.inep.gov.br/dados_abertos/microdados_censo_escolar_2015.zip
4119608,Federal,2015,1,9,1,census-2015,,,40,0,0,0,0,0,0,40,0,0,1,,INEP,2026-10-06T18:06:37.031241+00:00,https://www.gov.br/inep/pt-br/acesso-a-informacao/dados-abertos/microdados/censo-escolar,https://download.inep.gov.br/dados_abertos/microdados_censo_escolar_2015.zip
4119608,Municipal,2015,23,197,185,census-2015,,,3261,1004,406,598,2232,2232,0,0,0,25,47,,INEP,2026-10-06T18:06:37.031241+00:00,https://www.gov.br/inep/pt-br/acesso-a-informacao/dados-abertos/microdados/censo-escolar,https://download.inep.gov.br/dados_abertos/microdados_censo_escolar_2015.zip
4119608,Privada,2015,4,100,63,census-2015,,,1064,241,99,142,599,393,206,121,4,99,188,,INEP,2026-10-06T18:06:37.031241+00:00,https://www.gov.br/inep/pt-br/acesso-a-informacao/dados-abertos/microdados/censo-escolar,https://download.inep.gov.br/dados_abertos/microdados_censo_escolar_2015.zip
4119608,Total,2015,40,679,405,census-2015,,,8203,1245,505,740,4651,2625,2026,1535,373,639,338,,INEP,2026-10-06T18:06:37.031241+00:00,https://www.gov.br/inep/pt-br/acesso-a-informacao/dados-abertos/microdados/censo-escolar,https://download.inep.gov.br/dados_abertos/microdados_censo_escolar_2015.zip
4127965,Estadual,2015,7,126,75,census-2015,,,1762,8,0,8,1088,71,1017,666,0,0,40,,INEP,2026-10-06T18:06:37.031241+00:00,https://www.gov.br/inep/pt-br/acesso-a-informacao/dados-abertos/microdados/censo-escolar,https://download.inep.gov.br/dados_abertos/microdados_censo_escolar_2015.zip
4127965,Federal,2015,0,0,0,census-2015,,,0,0,0,0,0,0,0,0,0,0,0,0,INEP,2026-10-06T18:06:37.031241+00:00,https://www.gov.br/inep/pt-br/acesso-a-informacao/dados-abertos/microdados/censo-escolar,https://download.inep.gov.br/dados_abertos/microdados_censo_escolar_2015.zip
4127965,Municipal,2015,9,97,101,census-2015,,,1700,583,156,427,1109,1109,0,0,0,8,26,,INEP,2026-10-06T18:06:37.031241+00:00,https://www.gov.br/inep/pt-br/acesso-a-informacao/dados-abertos/microdados/censo-escolar,https://download.inep.gov.br/dados_abertos/microdados_censo_escolar_2015.zip
4127965,Privada,2015,1,10,7,census-2015,,,33,6,3,3,11,11,0,0,0,16,33,,INEP,2026-10-06T18:06:37.031241+00:00,https://www.gov.br/inep/pt-br/acesso-a-informacao/dados-abertos/microdados/censo-escolar,https://download.inep.gov.br/dados_abertos/microdados_censo_escolar_2015.zip
4127965,Total,2015,17,233,183,census-2015,,,3495,597,159,438,2208,1191,1017,666,0,24,99,,INEP,2026-10-06T18:06:37.031241+00:00,https://www.gov.br/inep/pt-br/acesso-a-informacao/dados-abertos/microdados/censo-escolar,https://download.inep.gov.br/dados_abertos/microdados_censo_escolar_2015.zip
4109401,Estadual,2016,29,1488,650,census-2016,,,19181,0,0,0,9908,0,9908,6391,2049,2014,281,,INEP,2026-10-06T18:06:37.031241+00:00,https://www.gov.br/inep/pt-br/acesso-a-informacao/dados-abertos/microdados/censo-escolar,https://download.inep.gov.br/dados_abertos/microdados_censo_escolar_2016.zip
4109401,Federal,2016,0,0,0,census-2016,,,0,0,0,0,0,0,0,0,0,0,0,0,INEP,2026-10-06T18:06:37.031241+00:00,https://www.gov.br/inep/pt-br/acesso-a-informacao/dados-abertos/microdados/censo-escolar,https://download.inep.gov.br/dados_abertos/microdados_censo_escolar_2016.zip
4109401,Municipal,2016,61,968,714,census-2016,,,16028,3794,1170,2624,12122,12060,62,0,0,112,269,,INEP,2026-10-06T18:06:37.031241+00:00,https://www.gov.br/inep/pt-br/acesso-a-informacao/dados-abertos/microdados/censo-escolar,https://download.inep.gov.br/dados_abertos/microdados_censo_escolar_2016.zip
4109401,Privada,2016,34,692,436,census-2016,,,7863,1721,789,932,3732,2145,1587,1222,931,257,473,,INEP,2026-10-06T18:06:37.031241+00:00,https://www.gov.br/inep/pt-br/acesso-a-informacao/dados-abertos/microdados/censo-escolar,https://download.inep.gov.br/dados_abertos/microdados_censo_escolar_2016.zip
4109401,Total,2016,124,3148,1800,census-2016,,,43072,5515,1959,3556,25762,14205,11557,7613,2980,2383,1023,,INEP,2026-10-06T18:06:37.031241+00:00,https://www.gov.br/inep/pt-br/acesso-a-informacao/dados-abertos/microdados/censo-escolar,https://download.inep.gov.br/dados_abertos/microdados_censo_escolar_2016.zip
4113254,Estadual,2016,3,86,37,census-2016,,,870,0,0,0,545,0,545,325,0,0,47,,INEP,2026-10-06T18:06:37.031241+00:00,https://www.gov.br/inep/pt-br/acesso-a-informacao/dados-abertos/microdados/censo-escolar,https://download.inep.gov.br/dados_abertos/microdados_censo_escolar_2016.zip
4113254,Federal,2016,0,0,0,census-2016,,,0,0,0,0,0,0,0,0,0,0,0,0,INEP,2026-10-06T18:06:37.031241+00:00,https://www.gov.br/inep/pt-br/acesso-a-informacao/dados-abertos/microdados/censo-escolar,https://download.inep.gov.br/dados_abertos/microdados_censo_escolar_2016.zip
4113254,Municipal,2016,12,51,53,census-2016,,,685,163,111,52,517,517,0,0,0,5,29,,INEP,2026-10-06T18:06:37.031241+00:00,https://www.gov.br/inep/pt-br/acesso-a-informacao/dados-abertos/microdados/censo-escolar,https://download.inep.gov.br/dados_abertos/microdados_censo_escolar_2016.zip
4113254,Privada,2016,1,7,3,census-2016,,,23,0,0,0,9,9,0,0,0,14,23,,INEP,2026-10-06T18:06:37.031241+00:00,https://www.gov.br/inep/pt-br/acesso-a-informacao/dados-abertos/microdados/censo-escolar,https://download.inep.gov.br/dados_abertos/microdados_censo_escolar_2016.zip
4113254,Total,2016,16,144,93,census-2016,,,1578,163,111,52,1071,526,545,325,0,19,99,,INEP,2026-10-06T18:06:37.031241+00:00,https://www.gov.br/inep/pt-br/acesso-a-informacao/dados-abertos/microdados/censo-escolar,https://download.inep.gov.br/dados_abertos/microdados_censo_escolar_2016.zip
4119608,Estadual,2016,12,401,158,census-2016,,,3996,0,0,0,1849,0,1849,1230,541,598,87,,INEP,2026-10-06T18:06:37.031241+00:00,https://www.gov.br/inep/pt-br/acesso-a-informacao/dados-abertos/microdados/censo-escolar,https://download.inep.gov.br/dados_abertos/microdados_censo_escolar_2016.zip
4119608,Federal,2016,1,12,12,census-2016,,,423,0,0,0,0,0,0,76,423,0,5,,INEP,2026-10-06T18:06:37.031241+00:00,https://www.gov.br/inep/pt-br/acesso-a-informacao/dados-abertos/microdados/censo-escolar,https://download.inep.gov.br/dados_abertos/microdados_censo_escolar_2016.zip
4119608,Municipal,2016,23,203,190,census-2016,,,3291,1070,591,479,2187,2187,0,0,0,34,51,,INEP,2026-10-06T18:06:37.031241+00:00,https://www.gov.br/inep/pt-br/acesso-a-informacao/dados-abertos/microdados/censo-escolar,https://download.inep.gov.br/dados_abertos/microdados_censo_escolar_2016.zip
4119608,Privada,2016,3,97,63,census-2016,,,1065,241,124,117,598,380,218,117,0,109,178,,INEP,2026-10-06T18:06:37.031241+00:00,https://www.gov.br/inep/pt-br/acesso-a-informacao/dados-abertos/microdados/censo-escolar,https://download.inep.gov.br/dados_abertos/microdados_censo_escolar_2016.zip
4119608,Total,2016,39,713,423,census-2016,,,8775,1311,715,596,4634,2567,2067,1423,964,741,321,,INEP,2026-10-06T18:06:37.031241+00:00,https://www.gov.br/inep/pt-br/acesso-a-informacao/dados-abertos/microdados/censo-escolar,https://download.inep.gov.br/dados_abertos/microdados_censo_escolar_2016.zip
4127965,Estadual,2016,7,140,74,census-2016,,,1654,9,0,9,1015,63,952,630,0,0,35,,INEP,2026-10-06T18:06:37.031241+00:00,https://www.gov.br/inep/pt-br/acesso-a-informacao/dados-abertos/microdados/censo-escolar,https://download.inep.gov.br/dados_abertos/microdados_censo_escolar_2016.zip
4127965,Federal,2016,0,0,0,census-2016,,,0,0,0,0,0,0,0,0,0,0,0,0,INEP,2026-10-06T18:06:37.031241+00:00,https://www.gov.br/inep/pt-br/acesso-a-informacao/dados-abertos/microdados/censo-escolar,https://download.inep.gov.br/dados_abertos/microdados_censo_escolar_2016.zip
4127965,Municipal,2016,9,104,104,census-2016,,,1761,629,281,348,1132,1132,0,0,0,0,29,,INEP,2026-10-06T18:06:37.031241+00:00,https://www.gov.br/inep/pt-br/acesso-a-informacao/dados-abertos/microdados/censo-escolar,https://download.inep.gov.br/dados_abertos/microdados_censo_escolar_2016.zip
4127965,Privada,2016,1,9,7,census-2016,,,23,5,3,2,9,9,0,0,0,9,23,,INEP,2026-10-06T18:06:37.031241+00:00,https://www.gov.br/inep/pt-br/acesso-a-informacao/dados-abertos/microdados/censo-escolar,https://download.inep.gov.br/dados_abertos/microdados_censo_escolar_2016.zip
4127965,Total,2016,17,253,185,census-2016,,,3438,643,284,359,2156,1204,952,630,0,9,87,,INEP,2026-10-06T18:06:37.031241+00:00,https://www.gov.br/inep/pt-br/acesso-a-informacao/dados-abertos/microdados/censo-escolar,https://download.inep.gov.br/dados_abertos/microdados_censo_escolar_2016.zip
4109401,Estadual,2017,29,1418,656,census-2017,,,20092,0,0,0,10398,0,10398,6359,2195,2306,352,,INEP,2026-10-06T18:06:37.031241+00:00,https://www.gov.br/inep/pt-br/acesso-a-informacao/dados-abertos/microdados/censo-escolar,https://download.inep.gov.br/dados_abertos/microdados_censo_escolar_2017.zip
4109401,Federal,2017,0,0,0,census-2017,,,0,0,0,0,0,0,0,0,0,0,0,0,INEP,2026-10-06T18:06:37.031241+00:00,https://www.gov.br/inep/pt-br/acesso-a-informacao/dados-abertos/microdados/censo-escolar,https://download.inep.gov.br/dados_abertos/microdados_censo_escolar_2017.zip
4109401,Municipal,2017,64,1124,759,census-2017,,,16417,4399,2103,2296,11963,11897,66,0,0,55,286,,INEP,2026-10-06T18:06:37.031241+00:00,https://www.gov.br/inep/pt-br/acesso-a-informacao/dados-abertos/microdados/censo-escolar,https://download.inep.gov.br/dados_abertos/microdados_censo_escolar_2017.zip
4109401,Privada,2017,34,667,413,census-2017,,,7522,1608,758,850,3649,2026,1623,1114,892,259,484,,INEP,2026-10-06T18:06:37.031241+00:00,https://www.gov.br/inep/pt-br/acesso-a-informacao/dados-abertos/microdados/censo-escolar,https://download.inep.gov.br/dados_abertos/microdados_censo_escolar_2017.zip
4109401,Total,2017,127,3209,1828,census-2017,,,44031,6007,2861,3146,26010,13923,12087,7473,3087,2620,1122,,INEP,2026-10-06T18:06:37.031241+00:00,https://www.gov.br/inep/pt-br/acesso-a-informacao/dados-abertos/microdados/censo-escolar,https://download.inep.gov.br/dados_abertos/microdados_censo_escolar_2017.zip
4113254,Estadual,2017,3,79,38,census-2017,,,827,0,0,0,521,0,521,306,0,0,41,,INEP,2026-10-06T18:06:37.031241+00:00,https://www.gov.br/inep/pt-br/acesso-a-informacao/dados-abertos/microdados/censo-escolar,https://download.inep.gov.br/dados_abertos/microdados_censo_escolar_2017.zip
4113254,Federal,2017,0,0,0,census-2017,,,0,0,0,0,0,0,0,0,0,0,0,0,INEP,2026-10-06T18:06:37.031241+00:00,https://www.gov.br/inep/pt-br/acesso-a-informacao/dados-abertos/microdados/censo-escolar,https://download.inep.gov.br/dados_abertos/microdados_censo_escolar_2017.zip
4113254,Municipal,2017,10,50,53,census-2017,,,691,199,124,75,492,492,0,0,0,0,23,,INEP,2026-10-06T18:06:37.031241+00:00,https://www.gov.br/inep/pt-br/acesso-a-informacao/dados-abertos/microdados/censo-escolar,https://download.inep.gov.br/dados_abertos/microdados_censo_escolar_2017.zip
4113254,Privada,2017,1,6,3,census-2017,,,25,0,0,0,8,8,0,0,0,17,25,,INEP,2026-10-06T18:06:37.031241+00:00,https://www.gov.br/inep/pt-br/acesso-a-informacao/dados-abertos/microdados/censo-escolar,https://download.inep.gov.br/dados_abertos/microdados_censo_escolar_2017.zip
4113254,Total,2017,14,135,94,census-2017,,,1543,199,124,75,1021,500,521,306,0,17,89,,INEP,2026-10-06T18:06:37.031241+00:00,https://www.gov.br/inep/pt-br/acesso-a-informacao/dados-abertos/microdados/censo-escolar,https://download.inep.gov.br/dados_abertos/microdados_censo_escolar_2017.zip
4119608,Estadual,2017,12,398,161,census-2017,,,4058,0,0,0,1885,0,1885,1114,640,658,101,,INEP,2026-10-06T18:06:37.031241+00:00,https://www.gov.br/inep/pt-br/acesso-a-informacao/dados-abertos/microdados/censo-escolar,https://download.inep.gov.br/dados_abertos/microdados_censo_escolar_2017.zip
4119608,Federal,2017,1,15,14,census-2017,,,320,0,0,0,0,0,0,143,320,0,3,,INEP,2026-10-06T18:06:37.031241+00:00,https://www.gov.br/inep/pt-br/acesso-a-informacao/dados-abertos/microdados/censo-escolar,https://download.inep.gov.br/dados_abertos/microdados_censo_escolar_2017.zip
4119608,Municipal,2017,23,215,199,census-2017,,,3293,1197,632,565,2074,2074,0,0,0,22,43,,INEP,2026-10-06T18:06:37.031241+00:00,https://www.gov.br/inep/pt-br/acesso-a-informacao/dados-abertos/microdados/censo-escolar,https://download.inep.gov.br/dados_abertos/microdados_censo_escolar_2017.zip
4119608,Privada,2017,3,108,68,census-2017,,,1061,217,126,91,631,389,242,101,0,112,184,,INEP,2026-10-06T18:06:37.031241+00:00,https://www.gov.br/inep/pt-br/acesso-a-informacao/dados-abertos/microdados/censo-escolar,https://download.inep.gov.br/dados_abertos/microdados_censo_escolar_2017.zip
4119608,Total,2017,39,736,442,census-2017,,,8732,1414,758,656,4590,2463,2127,1358,960,792,331,,INEP,2026-10-06T18:06:37.031241+00:00,https://www.gov.br/inep/pt-br/acesso-a-informacao/dados-abertos/microdados/censo-escolar,https://download.inep.gov.br/dados_abertos/microdados_censo_escolar_2017.zip
4127965,Estadual,2017,7,133,73,census-2017,,,1626,6,0,6,1021,61,960,599,0,0,43,,INEP,2026-10-06T18:06:37.031241+00:00,https://www.gov.br/inep/pt-br/acesso-a-informacao/dados-abertos/microdados/censo-escolar,https://download.inep.gov.br/dados_abertos/microdados_censo_escolar_2017.zip
4127965,Federal,2017,0,0,0,census-2017,,,0,0,0,0,0,0,0,0,0,0,0,0,INEP,2026-10-06T18:06:37.031241+00:00,https://www.gov.br/inep/pt-br/acesso-a-informacao/dados-abertos/microdados/censo-escolar,https://download.inep.gov.br/dados_abertos/microdados_censo_escolar_2017.zip
4127965,Municipal,2017,9,86,110,census-2017,,,1745,640,280,360,1105,1105,0,0,0,0,27,,INEP,2026-10-06T18:06:37.031241+00:00,https://www.gov.br/inep/pt-br/acesso-a-informacao/dados-abertos/microdados/censo-escolar,https://download.inep.gov.br/dados_abertos/microdados_censo_escolar_2017.zip
4127965,Privada,2017,1,10,7,census-2017,,,34,5,2,3,8,8,0,0,0,21,34,,INEP,2026-10-06T18:06:37.031241+00:00,https://www.gov.br/inep/pt-br/acesso-a-informacao/dados-abertos/microdados/censo-escolar,https://download.inep.gov.br/dados_abertos/microdados_censo_escolar_2017.zip
4127965,Total,2017,17,229,190,census-2017,,,3405,651,282,369,2134,1174,960,599,0,21,104,,INEP,2026-10-06T18:06:37.031241+00:00,https://www.gov.br/inep/pt-br/acesso-a-informacao/dados-abertos/microdados/censo-escolar,https://download.inep.gov.br/dados_abertos/microdados_censo_escolar_2017.zip
4109401,Estadual,2018,29,1354,637,census-2018,,,19744,0,0,0,10232,0,10232,6115,2170,2460,421,,INEP,2026-10-06T18:06:37.031241+00:00,https://www.gov.br/inep/pt-br/acesso-a-informacao/dados-abertos/microdados/censo-escolar,https://download.inep.gov.br/dados_abertos/microdados_censo_escolar_2018.zip
4109401,Federal,2018,0,0,0,census-2018,,,0,0,0,0,0,0,0,0,0,0,0,0,INEP,2026-10-06T18:06:37.031241+00:00,https://www.gov.br/inep/pt-br/acesso-a-informacao/dados-abertos/microdados/censo-escolar,https://download.inep.gov.br/dados_abertos/microdados_censo_escolar_2018.zip
4109401,Municipal,2018,67,1272,806,census-2018,,,17368,5351,2608,2743,11914,11848,66,0,0,103,307,,INEP,2026-10-06T18:06:37.031241+00:00,https://www.gov.br/inep/pt-br/acesso-a-informacao/dados-abertos/microdados/censo-escolar,https://download.inep.gov.br/dados_abertos/microdados_censo_escolar_2018.zip
4109401,Privada,2018,35,684,448,census-2018,,,7470,1604,688,916,3700,2047,1653,1012,881,273,500,,INEP,2026-10-06T18:06:37.031241+00:00,https://www.gov.br/inep/pt-br/acesso-a-informacao/dados-abertos/microdados/censo-escolar,https://download.inep.gov.br/dados_abertos/microdados_censo_escolar_2018.zip
4109401,Total,2018,131,3310,1891,census-2018,,,44582,6955,3296,3659,25846,13895,11951,7127,3051,2836,1228,,INEP,2026-10-06T18:06:37.031241+00:00,https://www.gov.br/inep/pt-br/acesso-a-informacao/dados-abertos/microdados/censo-escolar,https://download.inep.gov.br/dados_abertos/microdados_censo_escolar_2018.zip
4113254,Estadual,2018,3,77,36,census-2018,,,780,0,0,0,494,0,494,286,0,0,44,,INEP,2026-10-06T18:06:37.031241+00:00,https://www.gov.br/inep/pt-br/acesso-a-informacao/dados-abertos/microdados/censo-escolar,https://download.inep.gov.br/dados_abertos/microdados_censo_escolar_2018.zip
4113254,Federal,2018,0,0,0,census-2018,,,0,0,0,0,0,0,0,0,0,0,0,0,INEP,2026-10-06T18:06:37.031241+00:00,https://www.gov.br/inep/pt-br/acesso-a-informacao/dados-abertos/microdados/censo-escolar,https://download.inep.gov.br/dados_abertos/microdados_censo_escolar_2018.zip
4113254,Municipal,2018,9,47,48,census-2018,,,710,234,138,96,476,476,0,0,0,0,18,,INEP,2026-10-06T18:06:37.031241+00:00,https://www.gov.br/inep/pt-br/acesso-a-informacao/dados-abertos/microdados/censo-escolar,https://download.inep.gov.br/dados_abertos/microdados_censo_escolar_2018.zip
4113254,Privada,2018,1,5,4,census-2018,,,27,0,0,0,9,9,0,0,0,18,27,,INEP,2026-10-06T18:06:37.031241+00:00,https://www.gov.br/inep/pt-br/acesso-a-informacao/dados-abertos/microdados/censo-escolar,https://download.inep.gov.br/dados_abertos/microdados_censo_escolar_2018.zip
4113254,Total,2018,13,129,88,census-2018,,,1517,234,138,96,979,485,494,286,0,18,89,,INEP,2026-10-06T18:06:37.031241+00:00,https://www.gov.br/inep/pt-br/acesso-a-informacao/dados-abertos/microdados/censo-escolar,https://download.inep.gov.br/dados_abertos/microdados_censo_escolar_2018.zip
4119608,Estadual,2018,12,406,152,census-2018,,,3933,0,0,0,1866,0,1866,1113,587,616,122,,INEP,2026-10-06T18:06:37.031241+00:00,https://www.gov.br/inep/pt-br/acesso-a-informacao/dados-abertos/microdados/censo-escolar,https://download.inep.gov.br/dados_abertos/microdados_censo_escolar_2018.zip
4119608,Federal,2018,1,14,6,census-2018,,,165,0,0,0,0,0,0,165,165,0,1,,INEP,2026-10-06T18:06:37.031241+00:00,https://www.gov.br/inep/pt-br/acesso-a-informacao/dados-abertos/microdados/censo-escolar,https://download.inep.gov.br/dados_abertos/microdados_censo_escolar_2018.zip
4119608,Municipal,2018,23,235,199,census-2018,,,3205,1247,572,675,1926,1926,0,0,0,32,37,,INEP,2026-10-06T18:06:37.031241+00:00,https://www.gov.br/inep/pt-br/acesso-a-informacao/dados-abertos/microdados/censo-escolar,https://download.inep.gov.br/dados_abertos/microdados_censo_escolar_2018.zip
4119608,Privada,2018,3,105,66,census-2018,,,1078,255,137,118,600,355,245,107,0,116,202,,INEP,2026-10-06T18:06:37.031241+00:00,https://www.gov.br/inep/pt-br/acesso-a-informacao/dados-abertos/microdados/censo-escolar,https://download.inep.gov.br/dados_abertos/microdados_censo_escolar_2018.zip
4119608,Total,2018,39,760,423,census-2018,,,8381,1502,709,793,4392,2281,2111,1385,752,764,362,,INEP,2026-10-06T18:06:37.031241+00:00,https://www.gov.br/inep/pt-br/acesso-a-informacao/dados-abertos/microdados/censo-escolar,https://download.inep.gov.br/dados_abertos/microdados_censo_escolar_2018.zip
4127965,Estadual,2018,7,132,73,census-2018,,,1547,7,0,7,953,54,899,587,0,0,41,,INEP,2026-10-06T18:06:37.031241+00:00,https://www.gov.br/inep/pt-br/acesso-a-informacao/dados-abertos/microdados/censo-escolar,https://download.inep.gov.br/dados_abertos/microdados_censo_escolar_2018.zip
4127965,Federal,2018,0,0,0,census-2018,,,0,0,0,0,0,0,0,0,0,0,0,0,INEP,2026-10-06T18:06:37.031241+00:00,https://www.gov.br/inep/pt-br/acesso-a-informacao/dados-abertos/microdados/censo-escolar,https://download.inep.gov.br/dados_abertos/microdados_censo_escolar_2018.zip
4127965,Municipal,2018,9,97,104,census-2018,,,1758,676,295,381,1082,1082,0,0,0,0,39,,INEP,2026-10-06T18:06:37.031241+00:00,https://www.gov.br/inep/pt-br/acesso-a-informacao/dados-abertos/microdados/censo-escolar,https://download.inep.gov.br/dados_abertos/microdados_censo_escolar_2018.zip
4127965,Privada,2018,1,9,9,census-2018,,,48,4,3,1,13,13,0,0,0,31,48,,INEP,2026-10-06T18:06:37.031241+00:00,https://www.gov.br/inep/pt-br/acesso-a-informacao/dados-abertos/microdados/censo-escolar,https://download.inep.gov.br/dados_abertos/microdados_censo_escolar_2018.zip
4127965,Total,2018,17,238,186,census-2018,,,3353,687,298,389,2048,1149,899,587,0,31,128,,INEP,2026-10-06T18:06:37.031241+00:00,https://www.gov.br/inep/pt-br/acesso-a-informacao/dados-abertos/microdados/censo-escolar,https://download.inep.gov.br/dados_abertos/microdados_censo_escolar_2018.zip
4109401,Estadual,2019,29,1400,627,census-2019,,,18928,0,0,0,9871,0,9871,5558,2117,2595,306,,INEP,2026-10-06T18:06:37.031241+00:00,https://www.gov.br/inep/pt-br/acesso-a-informacao/dados-abertos/microdados/censo-escolar,https://download.inep.gov.br/dados_abertos/microdados_censo_escolar_2019.zip
4109401,Federal,2019,0,0,0,census-2019,,,0,0,0,0,0,0,0,0,0,0,0,0,INEP,2026-10-06T18:06:37.031241+00:00,https://www.gov.br/inep/pt-br/acesso-a-informacao/dados-abertos/microdados/censo-escolar,https://download.inep.gov.br/dados_abertos/microdados_censo_escolar_2019.zip
4109401,Municipal,2019,68,1306,908,census-2019,,,17765,7208,2841,4367,10434,10374,60,0,0,123,293,,INEP,2026-10-06T18:06:37.031241+00:00,https://www.gov.br/inep/pt-br/acesso-a-informacao/dados-abertos/microdados/censo-escolar,https://download.inep.gov.br/dados_abertos/microdados_censo_escolar_2019.zip
4109401,Privada,2019,35,683,473,census-2019,,,7981,1695,748,947,3584,1979,1605,1026,683,993,514,,INEP,2026-10-06T18:06:37.031241+00:00,https://www.gov.br/inep/pt-br/acesso-a-informacao/dados-abertos/microdados/censo-escolar,https://download.inep.gov.br/dados_abertos/microdados_censo_escolar_2019.zip
4109401,Total,2019,132,3389,2008,census-2019,,,44674,8903,3589,5314,23889,12353,11536,6584,2800,3711,1113,,INEP,2026-10-06T18:06:37.031241+00:00,https://www.gov.br/inep/pt-br/acesso-a-informacao/dados-abertos/microdados/censo-escolar,https://download.inep.gov.br/dados_abertos/microdados_censo_escolar_2019.zip
4113254,Estadual,2019,3,80,34,census-2019,,,707,0,0,0,437,0,437,270,0,0,26,,INEP,2026-10-06T18:06:37.031241+00:00,https://www.gov.br/inep/pt-br/acesso-a-informacao/dados-abertos/microdados/censo-escolar,https://download.inep.gov.br/dados_abertos/microdados_censo_escolar_2019.zip
4113254,Federal,2019,0,0,0,census-2019,,,0,0,0,0,0,0,0,0,0,0,0,0,INEP,2026-10-06T18:06:37.031241+00:00,https://www.gov.br/inep/pt-br/acesso-a-informacao/dados-abertos/microdados/censo-escolar,https://download.inep.gov.br/dados_abertos/microdados_censo_escolar_2019.zip
4113254,Municipal,2019,9,46,48,census-2019,,,709,257,130,127,452,452,0,0,0,0,14,,INEP,2026-10-06T18:06:37.031241+00:00,https://www.gov.br/inep/pt-br/acesso-a-informacao/dados-abertos/microdados/censo-escolar,https://download.inep.gov.br/dados_abertos/microdados_censo_escolar_2019.zip
4113254,Privada,2019,1,6,3,census-2019,,,25,0,0,0,4,4,0,0,0,21,25,,INEP,2026-10-06T18:06:37.031241+00:00,https://www.gov.br/inep/pt-br/acesso-a-informacao/dados-abertos/microdados/censo-escolar,https://download.inep.gov.br/dados_abertos/microdados_censo_escolar_2019.zip
4113254,Total,2019,13,132,85,census-2019,,,1441,257,130,127,893,456,437,270,0,21,65,,INEP,2026-10-06T18:06:37.031241+00:00,https://www.gov.br/inep/pt-br/acesso-a-informacao/dados-abertos/microdados/censo-escolar,https://download.inep.gov.br/dados_abertos/microdados_censo_escolar_2019.zip
4119608,Estadual,2019,12,404,149,census-2019,,,3768,0,0,0,1784,0,1784,1119,562,547,107,,INEP,2026-10-06T18:06:37.031241+00:00,https://www.gov.br/inep/pt-br/acesso-a-informacao/dados-abertos/microdados/censo-escolar,https://download.inep.gov.br/dados_abertos/microdados_censo_escolar_2019.zip
4119608,Federal,2019,1,18,5,census-2019,,,160,0,0,0,0,0,0,160,160,0,3,,INEP,2026-10-06T18:06:37.031241+00:00,https://www.gov.br/inep/pt-br/acesso-a-informacao/dados-abertos/microdados/censo-escolar,https://download.inep.gov.br/dados_abertos/microdados_censo_escolar_2019.zip
4119608,Municipal,2019,22,237,198,census-2019,,,3236,1340,598,742,1868,1868,0,0,0,28,36,,INEP,2026-10-06T18:06:37.031241+00:00,https://www.gov.br/inep/pt-br/acesso-a-informacao/dados-abertos/microdados/censo-escolar,https://download.inep.gov.br/dados_abertos/microdados_censo_escolar_2019.zip
4119608,Privada,2019,3,98,68,census-2019,,,1018,227,99,128,572,328,244,100,0,119,193,,INEP,2026-10-06T18:06:37.031241+00:00,https://www.gov.br/inep/pt-br/acesso-a-informacao/dados-abertos/microdados/censo-escolar,https://download.inep.gov.br/dados_abertos/microdados_censo_escolar_2019.zip
4119608,Total,2019,38,757,420,census-2019,,,8182,1567,697,870,4224,2196,2028,1379,722,694,339,,INEP,2026-10-06T18:06:37.031241+00:00,https://www.gov.br/inep/pt-br/acesso-a-informacao/dados-abertos/microdados/censo-escolar,https://download.inep.gov.br/dados_abertos/microdados_censo_escolar_2019.zip
4127965,Estadual,2019,7,132,71,census-2019,,,1531,19,0,19,906,49,857,606,0,0,45,,INEP,2026-10-06T18:06:37.031241+00:00,https://www.gov.br/inep/pt-br/acesso-a-informacao/dados-abertos/microdados/censo-escolar,https://download.inep.gov.br/dados_abertos/microdados_censo_escolar_2019.zip
4127965,Federal,2019,0,0,0,census-2019,,,0,0,0,0,0,0,0,0,0,0,0,0,INEP,2026-10-06T18:06:37.031241+00:00,https://www.gov.br/inep/pt-br/acesso-a-informacao/dados-abertos/microdados/censo-escolar,https://download.inep.gov.br/dados_abertos/microdados_censo_escolar_2019.zip
4127965,Municipal,2019,9,103,113,census-2019,,,1808,736,346,390,1072,1072,0,0,0,0,41,,INEP,2026-10-06T18:06:37.031241+00:00,https://www.gov.br/inep/pt-br/acesso-a-informacao/dados-abertos/microdados/censo-escolar,https://download.inep.gov.br/dados_abertos/microdados_censo_escolar_2019.zip
4127965,Privada,2019,1,9,9,census-2019,,,43,6,3,3,10,10,0,0,0,27,43,,INEP,2026-10-06T18:06:37.031241+00:00,https://www.gov.br/inep/pt-br/acesso-a-informacao/dados-abertos/microdados/censo-escolar,https://download.inep.gov.br/dados_abertos/microdados_censo_escolar_2019.zip
4127965,Total,2019,17,244,193,census-2019,,,3382,761,349,412,1988,1131,857,606,0,27,129,,INEP,2026-10-06T18:06:37.031241+00:00,https://www.gov.br/inep/pt-br/acesso-a-informacao/dados-abertos/microdados/censo-escolar,https://download.inep.gov.br/dados_abertos/microdados_censo_escolar_2019.zip
4109401,Estadual,2020,29,1274,604,census-2020,,,18813,0,0,0,9888,0,9888,6154,2174,1858,342,,INEP,2026-10-06T18:06:37.031241+00:00,https://www.gov.br/inep/pt-br/acesso-a-informacao/dados-abertos/microdados/censo-escolar,https://download.inep.gov.br/dados_abertos/microdados_censo_escolar_2020.zip
4109401,Federal,2020,0,0,0,census-2020,,,0,0,0,0,0,0,0,0,0,0,0,0,INEP,2026-10-06T18:06:37.031241+00:00,https://www.gov.br/inep/pt-br/acesso-a-informacao/dados-abertos/microdados/censo-escolar,https://download.inep.gov.br/dados_abertos/microdados_censo_escolar_2020.zip
4109401,Municipal,2020,69,1281,940,census-2020,,,18225,7509,2929,4580,10637,10592,45,0,0,79,313,,INEP,2026-10-06T18:06:37.031241+00:00,https://www.gov.br/inep/pt-br/acesso-a-informacao/dados-abertos/microdados/censo-escolar,https://download.inep.gov.br/dados_abertos/microdados_censo_escolar_2020.zip
4109401,Privada,2020,36,721,474,census-2020,,,7604,1581,694,887,3478,1913,1565,1082,716,747,511,,INEP,2026-10-06T18:06:37.031241+00:00,https://www.gov.br/inep/pt-br/acesso-a-informacao/dados-abertos/microdados/censo-escolar,https://download.inep.gov.br/dados_abertos/microdados_censo_escolar_2020.zip
4109401,Total,2020,134,3276,2018,census-2020,,,44642,9090,3623,5467,24003,12505,11498,7236,2890,2684,1166,,INEP,2026-10-06T18:06:37.031241+00:00,https://www.gov.br/inep/pt-br/acesso-a-informacao/dados-abertos/microdados/censo-escolar,https://download.inep.gov.br/dados_abertos/microdados_censo_escolar_2020.zip
4113254,Estadual,2020,3,67,34,census-2020,,,700,0,0,0,432,0,432,268,0,0,27,,INEP,2026-10-06T18:06:37.031241+00:00,https://www.gov.br/inep/pt-br/acesso-a-informacao/dados-abertos/microdados/censo-escolar,https://download.inep.gov.br/dados_abertos/microdados_censo_escolar_2020.zip
4113254,Federal,2020,0,0,0,census-2020,,,0,0,0,0,0,0,0,0,0,0,0,0,INEP,2026-10-06T18:06:37.031241+00:00,https://www.gov.br/inep/pt-br/acesso-a-informacao/dados-abertos/microdados/censo-escolar,https://download.inep.gov.br/dados_abertos/microdados_censo_escolar_2020.zip
4113254,Municipal,2020,6,52,46,census-2020,,,692,261,93,168,431,431,0,0,0,0,9,,INEP,2026-10-06T18:06:37.031241+00:00,https://www.gov.br/inep/pt-br/acesso-a-informacao/dados-abertos/microdados/censo-escolar,https://download.inep.gov.br/dados_abertos/microdados_censo_escolar_2020.zip
4113254,Privada,2020,1,6,3,census-2020,,,30,0,0,0,3,3,0,0,0,27,30,,INEP,2026-10-06T18:06:37.031241+00:00,https://www.gov.br/inep/pt-br/acesso-a-informacao/dados-abertos/microdados/censo-escolar,https://download.inep.gov.br/dados_abertos/microdados_censo_escolar_2020.zip
4113254,Total,2020,10,125,83,census-2020,,,1422,261,93,168,866,434,432,268,0,27,66,,INEP,2026-10-06T18:06:37.031241+00:00,https://www.gov.br/inep/pt-br/acesso-a-informacao/dados-abertos/microdados/censo-escolar,https://download.inep.gov.br/dados_abertos/microdados_censo_escolar_2020.zip
4119608,Estadual,2020,12,370,158,census-2020,,,3842,0,0,0,1859,0,1859,1159,622,465,130,,INEP,2026-10-06T18:06:37.031241+00:00,https://www.gov.br/inep/pt-br/acesso-a-informacao/dados-abertos/microdados/censo-escolar,https://download.inep.gov.br/dados_abertos/microdados_censo_escolar_2020.zip
4119608,Federal,2020,1,18,4,census-2020,,,149,0,0,0,0,0,0,149,149,0,5,,INEP,2026-10-06T18:06:37.031241+00:00,https://www.gov.br/inep/pt-br/acesso-a-informacao/dados-abertos/microdados/censo-escolar,https://download.inep.gov.br/dados_abertos/microdados_censo_escolar_2020.zip
4119608,Municipal,2020,21,240,202,census-2020,,,3307,1437,610,827,1841,1841,0,0,0,29,39,,INEP,2026-10-06T18:06:37.031241+00:00,https://www.gov.br/inep/pt-br/acesso-a-informacao/dados-abertos/microdados/censo-escolar,https://download.inep.gov.br/dados_abertos/microdados_censo_escolar_2020.zip
4119608,Privada,2020,3,93,70,census-2020,,,965,215,102,113,524,307,217,104,0,122,207,,INEP,2026-10-06T18:06:37.031241+00:00,https://www.gov.br/inep/pt-br/acesso-a-informacao/dados-abertos/microdados/censo-escolar,https://download.inep.gov.br/dados_abertos/microdados_censo_escolar_2020.zip
4119608,Total,2020,37,721,434,census-2020,,,8263,1652,712,940,4224,2148,2076,1412,771,616,381,,INEP,2026-10-06T18:06:37.031241+00:00,https://www.gov.br/inep/pt-br/acesso-a-informacao/dados-abertos/microdados/censo-escolar,https://download.inep.gov.br/dados_abertos/microdados_censo_escolar_2020.zip
4127965,Estadual,2020,7,114,69,census-2020,,,1525,22,0,22,966,45,921,537,0,0,56,,INEP,2026-10-06T18:06:37.031241+00:00,https://www.gov.br/inep/pt-br/acesso-a-informacao/dados-abertos/microdados/censo-escolar,https://download.inep.gov.br/dados_abertos/microdados_censo_escolar_2020.zip
4127965,Federal,2020,0,0,0,census-2020,,,0,0,0,0,0,0,0,0,0,0,0,0,INEP,2026-10-06T18:06:37.031241+00:00,https://www.gov.br/inep/pt-br/acesso-a-informacao/dados-abertos/microdados/censo-escolar,https://download.inep.gov.br/dados_abertos/microdados_censo_escolar_2020.zip
4127965,Municipal,2020,9,111,109,census-2020,,,1761,695,315,380,1066,1066,0,0,0,0,34,,INEP,2026-10-06T18:06:37.031241+00:00,https://www.gov.br/inep/pt-br/acesso-a-informacao/dados-abertos/microdados/censo-escolar,https://download.inep.gov.br/dados_abertos/microdados_censo_escolar_2020.zip
4127965,Privada,2020,1,7,8,census-2020,,,40,4,1,3,9,9,0,0,0,27,40,,INEP,2026-10-06T18:06:37.031241+00:00,https://www.gov.br/inep/pt-br/acesso-a-informacao/dados-abertos/microdados/censo-escolar,https://download.inep.gov.br/dados_abertos/microdados_censo_escolar_2020.zip
4127965,Total,2020,17,232,186,census-2020,,,3326,721,316,405,2041,1120,921,537,0,27,130,,INEP,2026-10-06T18:06:37.031241+00:00,https://www.gov.br/inep/pt-br/acesso-a-informacao/dados-abertos/microdados/censo-escolar,https://download.inep.gov.br/dados_abertos/microdados_censo_escolar_2020.zip
4109401,Estadual,2021,29,1209,588,census-2021,,,14965,0,0,0,8137,0,8137,4935,1657,1259,287,,INEP,2026-10-06T18:06:37.031241+00:00,https://www.gov.br/inep/pt-br/acesso-a-informacao/dados-abertos/microdados/censo-escolar,https://download.inep.gov.br/dados_abertos/microdados_censo_escolar_2021.zip
4109401,Federal,2021,0,0,0,census-2021,,,0,0,0,0,0,0,0,0,0,0,0,0,INEP,2026-10-06T18:06:37.031241+00:00,https://www.gov.br/inep/pt-br/acesso-a-informacao/dados-abertos/microdados/censo-escolar,https://download.inep.gov.br/dados_abertos/microdados_censo_escolar_2021.zip
4109401,Municipal,2021,70,1293,852,census-2021,,,16945,6097,1752,4345,10794,10752,42,0,0,54,328,,INEP,2026-10-06T18:06:37.031241+00:00,https://www.gov.br/inep/pt-br/acesso-a-informacao/dados-abertos/microdados/censo-escolar,https://download.inep.gov.br/dados_abertos/microdados_censo_escolar_2021.zip
4109401,Privada,2021,35,732,485,census-2021,,,7510,1316,627,689,3414,1938,1476,1105,791,884,516,,INEP,2026-10-06T18:06:37.031241+00:00,https://www.gov.br/inep/pt-br/acesso-a-informacao/dados-abertos/microdados/censo-escolar,https://download.inep.gov.br/dados_abertos/microdados_censo_escolar_2021.zip
4109401,Total,2021,134,3234,1925,census-2021,,,39420,7413,2379,5034,22345,12690,9655,6040,2448,2197,1131,,INEP,2026-10-06T18:06:37.031241+00:00,https://www.gov.br/inep/pt-br/acesso-a-informacao/dados-abertos/microdados/censo-escolar,https://download.inep.gov.br/dados_abertos/microdados_censo_escolar_2021.zip
4113254,Estadual,2021,3,65,34,census-2021,,,679,0,0,0,379,0,379,300,0,0,24,,INEP,2026-10-06T18:06:37.031241+00:00,https://www.gov.br/inep/pt-br/acesso-a-informacao/dados-abertos/microdados/censo-escolar,https://download.inep.gov.br/dados_abertos/microdados_censo_escolar_2021.zip
4113254,Federal,2021,0,0,0,census-2021,,,0,0,0,0,0,0,0,0,0,0,0,0,INEP,2026-10-06T18:06:37.031241+00:00,https://www.gov.br/inep/pt-br/acesso-a-informacao/dados-abertos/microdados/censo-escolar,https://download.inep.gov.br/dados_abertos/microdados_censo_escolar_2021.zip
4113254,Municipal,2021,6,42,45,census-2021,,,719,284,100,184,435,435,0,0,0,0,7,,INEP,2026-10-06T18:06:37.031241+00:00,https://www.gov.br/inep/pt-br/acesso-a-informacao/dados-abertos/microdados/censo-escolar,https://download.inep.gov.br/dados_abertos/microdados_censo_escolar_2021.zip
4113254,Privada,2021,1,7,3,census-2021,,,30,0,0,0,2,2,0,0,0,28,30,,INEP,2026-10-06T18:06:37.031241+00:00,https://www.gov.br/inep/pt-br/acesso-a-informacao/dados-abertos/microdados/censo-escolar,https://download.inep.gov.br/dados_abertos/microdados_censo_escolar_2021.zip
4113254,Total,2021,10,114,82,census-2021,,,1428,284,100,184,816,437,379,300,0,28,61,,INEP,2026-10-06T18:06:37.031241+00:00,https://www.gov.br/inep/pt-br/acesso-a-informacao/dados-abertos/microdados/censo-escolar,https://download.inep.gov.br/dados_abertos/microdados_censo_escolar_2021.zip
4119608,Estadual,2021,12,353,153,census-2021,,,3568,0,0,0,1714,0,1714,1116,363,570,127,,INEP,2026-10-06T18:06:37.031241+00:00,https://www.gov.br/inep/pt-br/acesso-a-informacao/dados-abertos/microdados/censo-escolar,https://download.inep.gov.br/dados_abertos/microdados_censo_escolar_2021.zip
4119608,Federal,2021,1,19,5,census-2021,,,139,0,0,0,0,0,0,139,139,0,4,,INEP,2026-10-06T18:06:37.031241+00:00,https://www.gov.br/inep/pt-br/acesso-a-informacao/dados-abertos/microdados/censo-escolar,https://download.inep.gov.br/dados_abertos/microdados_censo_escolar_2021.zip
4119608,Municipal,2021,21,223,192,census-2021,,,3223,1350,547,803,1861,1861,0,0,0,12,36,,INEP,2026-10-06T18:06:37.031241+00:00,https://www.gov.br/inep/pt-br/acesso-a-informacao/dados-abertos/microdados/censo-escolar,https://download.inep.gov.br/dados_abertos/microdados_censo_escolar_2021.zip
4119608,Privada,2021,3,87,63,census-2021,,,743,105,33,72,442,259,183,74,0,122,207,,INEP,2026-10-06T18:06:37.031241+00:00,https://www.gov.br/inep/pt-br/acesso-a-informacao/dados-abertos/microdados/censo-escolar,https://download.inep.gov.br/dados_abertos/microdados_censo_escolar_2021.zip
4119608,Total,2021,37,682,413,census-2021,,,7673,1455,580,875,4017,2120,1897,1329,502,704,374,,INEP,2026-10-06T18:06:37.031241+00:00,https://www.gov.br/inep/pt-br/acesso-a-informacao/dados-abertos/microdados/censo-escolar,https://download.inep.gov.br/dados_abertos/microdados_censo_escolar_2021.zip
4127965,Estadual,2021,7,121,70,census-2021,,,1451,11,0,11,947,47,900,493,0,0,56,,INEP,2026-10-06T18:06:37.031241+00:00,https://www.gov.br/inep/pt-br/acesso-a-informacao/dados-abertos/microdados/censo-escolar,https://download.inep.gov.br/dados_abertos/microdados_censo_escolar_2021.zip
4127965,Federal,2021,0,0,0,census-2021,,,0,0,0,0,0,0,0,0,0,0,0,0,INEP,2026-10-06T18:06:37.031241+00:00,https://www.gov.br/inep/pt-br/acesso-a-informacao/dados-abertos/microdados/censo-escolar,https://download.inep.gov.br/dados_abertos/microdados_censo_escolar_2021.zip
4127965,Municipal,2021,9,111,115,census-2021,,,1741,681,277,404,1060,1060,0,0,0,0,28,,INEP,2026-10-06T18:06:37.031241+00:00,https://www.gov.br/inep/pt-br/acesso-a-informacao/dados-abertos/microdados/censo-escolar,https://download.inep.gov.br/dados_abertos/microdados_censo_escolar_2021.zip
4127965,Privada,2021,1,6,8,census-2021,,,40,3,0,3,8,8,0,0,0,29,40,,INEP,2026-10-06T18:06:37.031241+00:00,https://www.gov.br/inep/pt-br/acesso-a-informacao/dados-abertos/microdados/censo-escolar,https://download.inep.gov.br/dados_abertos/microdados_censo_escolar_2021.zip
4127965,Total,2021,17,238,193,census-2021,,,3232,695,277,418,2015,1115,900,493,0,29,124,,INEP,2026-10-06T18:06:37.031241+00:00,https://www.gov.br/inep/pt-br/acesso-a-informacao/dados-abertos/microdados/censo-escolar,https://download.inep.gov.br/dados_abertos/microdados_censo_escolar_2021.zip
4109401,Estadual,2022,29,1193,572,census-2022,,,17497,0,0,0,9536,0,9536,6531,1673,1065,398,,INEP,2026-10-06T18:10:05.685489+00:00,https://www.gov.br/inep/pt-br/acesso-a-informacao/dados-abertos/microdados/censo-escolar,https://download.inep.gov.br/dados_abertos/microdados_censo_escolar_2022.zip
4109401,Federal,2022,0,0,0,census-2022,,,0,0,0,0,0,0,0,0,0,0,0,0,INEP,2026-10-06T18:10:05.685489+00:00,https://www.gov.br/inep/pt-br/acesso-a-informacao/dados-abertos/microdados/censo-escolar,https://download.inep.gov.br/dados_abertos/microdados_censo_escolar_2022.zip
4109401,Municipal,2022,70,1282,910,census-2022,,,17938,7082,2658,4424,10797,10755,42,0,0,59,391,,INEP,2026-10-06T18:10:05.685489+00:00,https://www.gov.br/inep/pt-br/acesso-a-informacao/dados-abertos/microdados/censo-escolar,https://download.inep.gov.br/dados_abertos/microdados_censo_escolar_2022.zip
4109401,Privada,2022,33,741,517,census-2022,,,8412,1868,1018,850,3524,2020,1504,1114,724,1182,565,,INEP,2026-10-06T18:10:05.685489+00:00,https://www.gov.br/inep/pt-br/acesso-a-informacao/dados-abertos/microdados/censo-escolar,https://download.inep.gov.br/dados_abertos/microdados_censo_escolar_2022.zip
4109401,Total,2022,132,3216,1999,census-2022,,,43847,8950,3676,5274,23857,12775,11082,7645,2397,2306,1354,,INEP,2026-10-06T18:10:05.685489+00:00,https://www.gov.br/inep/pt-br/acesso-a-informacao/dados-abertos/microdados/censo-escolar,https://download.inep.gov.br/dados_abertos/microdados_censo_escolar_2022.zip
4113254,Estadual,2022,3,77,33,census-2022,,,588,0,0,0,329,0,329,259,0,0,19,,INEP,2026-10-06T18:10:05.685489+00:00,https://www.gov.br/inep/pt-br/acesso-a-informacao/dados-abertos/microdados/censo-escolar,https://download.inep.gov.br/dados_abertos/microdados_censo_escolar_2022.zip
4113254,Federal,2022,0,0,0,census-2022,,,0,0,0,0,0,0,0,0,0,0,0,0,INEP,2026-10-06T18:10:05.685489+00:00,https://www.gov.br/inep/pt-br/acesso-a-informacao/dados-abertos/microdados/censo-escolar,https://download.inep.gov.br/dados_abertos/microdados_censo_escolar_2022.zip
4113254,Municipal,2022,5,49,41,census-2022,,,713,252,93,159,461,461,0,0,0,0,7,,INEP,2026-10-06T18:10:05.685489+00:00,https://www.gov.br/inep/pt-br/acesso-a-informacao/dados-abertos/microdados/censo-escolar,https://download.inep.gov.br/dados_abertos/microdados_censo_escolar_2022.zip
4113254,Privada,2022,1,7,5,census-2022,,,28,1,1,0,1,1,0,0,0,26,28,,INEP,2026-10-06T18:10:05.685489+00:00,https://www.gov.br/inep/pt-br/acesso-a-informacao/dados-abertos/microdados/censo-escolar,https://download.inep.gov.br/dados_abertos/microdados_censo_escolar_2022.zip
4113254,Total,2022,9,133,79,census-2022,,,1329,253,94,159,791,462,329,259,0,26,54,,INEP,2026-10-06T18:10:05.685489+00:00,https://www.gov.br/inep/pt-br/acesso-a-informacao/dados-abertos/microdados/censo-escolar,https://download.inep.gov.br/dados_abertos/microdados_censo_escolar_2022.zip
4119608,Estadual,2022,12,340,152,census-2022,,,3606,0,0,0,1692,0,1692,1246,420,514,117,,INEP,2026-10-06T18:10:05.685489+00:00,https://www.gov.br/inep/pt-br/acesso-a-informacao/dados-abertos/microdados/censo-escolar,https://download.inep.gov.br/dados_abertos/microdados_censo_escolar_2022.zip
4119608,Federal,2022,1,18,5,census-2022,,,131,0,0,0,0,0,0,131,131,0,9,,INEP,2026-10-06T18:10:05.685489+00:00,https://www.gov.br/inep/pt-br/acesso-a-informacao/dados-abertos/microdados/censo-escolar,https://download.inep.gov.br/dados_abertos/microdados_censo_escolar_2022.zip
4119608,Municipal,2022,21,301,200,census-2022,,,3155,1177,442,735,1972,1972,0,0,0,6,40,,INEP,2026-10-06T18:10:05.685489+00:00,https://www.gov.br/inep/pt-br/acesso-a-informacao/dados-abertos/microdados/censo-escolar,https://download.inep.gov.br/dados_abertos/microdados_censo_escolar_2022.zip
4119608,Privada,2022,3,98,80,census-2022,,,936,248,130,118,470,271,199,83,0,135,215,,INEP,2026-10-06T18:10:05.685489+00:00,https://www.gov.br/inep/pt-br/acesso-a-informacao/dados-abertos/microdados/censo-escolar,https://download.inep.gov.br/dados_abertos/microdados_censo_escolar_2022.zip
4119608,Total,2022,37,757,437,census-2022,,,7828,1425,572,853,4134,2243,1891,1460,551,655,381,,INEP,2026-10-06T18:10:05.685489+00:00,https://www.gov.br/inep/pt-br/acesso-a-informacao/dados-abertos/microdados/censo-escolar,https://download.inep.gov.br/dados_abertos/microdados_censo_escolar_2022.zip
4127965,Estadual,2022,7,123,69,census-2022,,,1493,14,0,14,989,41,948,490,33,0,63,,INEP,2026-10-06T18:10:05.685489+00:00,https://www.gov.br/inep/pt-br/acesso-a-informacao/dados-abertos/microdados/censo-escolar,https://download.inep.gov.br/dados_abertos/microdados_censo_escolar_2022.zip
4127965,Federal,2022,0,0,0,census-2022,,,0,0,0,0,0,0,0,0,0,0,0,0,INEP,2026-10-06T18:10:05.685489+00:00,https://www.gov.br/inep/pt-br/acesso-a-informacao/dados-abertos/microdados/censo-escolar,https://download.inep.gov.br/dados_abertos/microdados_censo_escolar_2022.zip
4127965,Municipal,2022,9,122,121,census-2022,,,1811,759,330,429,1052,1052,0,0,0,0,34,,INEP,2026-10-06T18:10:05.685489+00:00,https://www.gov.br/inep/pt-br/acesso-a-informacao/dados-abertos/microdados/censo-escolar,https://download.inep.gov.br/dados_abertos/microdados_censo_escolar_2022.zip
4127965,Privada,2022,1,7,13,census-2022,,,43,4,1,3,11,11,0,0,0,28,43,,INEP,2026-10-06T18:10:05.685489+00:00,https://www.gov.br/inep/pt-br/acesso-a-informacao/dados-abertos/microdados/censo-escolar,https://download.inep.gov.br/dados_abertos/microdados_censo_escolar_2022.zip
4127965,Total,2022,17,252,203,census-2022,,,3347,777,331,446,2052,1104,948,490,33,28,140,,INEP,2026-10-06T18:10:05.685489+00:00,https://www.gov.br/inep/pt-br/acesso-a-informacao/dados-abertos/microdados/censo-escolar,https://download.inep.gov.br/dados_abertos/microdados_censo_escolar_2022.zip
4109401,Estadual,2023,29,1216,571,census-2023,,,16353,0,0,0,9176,0,9176,5867,1923,830,522,,INEP,2026-10-06T18:10:05.685489+00:00,https://www.gov.br/inep/pt-br/acesso-a-informacao/dados-abertos/microdados/censo-escolar,https://download.inep.gov.br/dados_abertos/microdados_censo_escolar_2023.zip
4109401,Federal,2023,0,0,0,census-2023,,,0,0,0,0,0,0,0,0,0,0,0,0,INEP,2026-10-06T18:10:05.685489+00:00,https://www.gov.br/inep/pt-br/acesso-a-informacao/dados-abertos/microdados/censo-escolar,https://download.inep.gov.br/dados_abertos/microdados_censo_escolar_2023.zip
4109401,Municipal,2023,71,1328,900,census-2023,,,18548,7617,2947,4670,10860,10821,39,0,0,71,516,,INEP,2026-10-06T18:10:05.685489+00:00,https://www.gov.br/inep/pt-br/acesso-a-informacao/dados-abertos/microdados/censo-escolar,https://download.inep.gov.br/dados_abertos/microdados_censo_escolar_2023.zip
4109401,Privada,2023,34,749,522,census-2023,,,8765,1965,961,1004,3484,1954,1530,1101,806,1409,588,,INEP,2026-10-06T18:10:05.685489+00:00,https://www.gov.br/inep/pt-br/acesso-a-informacao/dados-abertos/microdados/censo-escolar,https://download.inep.gov.br/dados_abertos/microdados_censo_escolar_2023.zip
4109401,Total,2023,134,3293,1993,census-2023,,,43666,9582,3908,5674,23520,12775,10745,6968,2729,2310,1626,,INEP,2026-10-06T18:10:05.685489+00:00,https://www.gov.br/inep/pt-br/acesso-a-informacao/dados-abertos/microdados/censo-escolar,https://download.inep.gov.br/dados_abertos/microdados_censo_escolar_2023.zip
4113254,Estadual,2023,3,78,31,census-2023,,,538,0,0,0,321,0,321,217,0,0,26,,INEP,2026-10-06T18:10:05.685489+00:00,https://www.gov.br/inep/pt-br/acesso-a-informacao/dados-abertos/microdados/censo-escolar,https://download.inep.gov.br/dados_abertos/microdados_censo_escolar_2023.zip
4113254,Federal,2023,0,0,0,census-2023,,,0,0,0,0,0,0,0,0,0,0,0,0,INEP,2026-10-06T18:10:05.685489+00:00,https://www.gov.br/inep/pt-br/acesso-a-informacao/dados-abertos/microdados/censo-escolar,https://download.inep.gov.br/dados_abertos/microdados_censo_escolar_2023.zip
4113254,Municipal,2023,5,49,43,census-2023,,,710,251,90,161,459,459,0,0,0,0,9,,INEP,2026-10-06T18:10:05.685489+00:00,https://www.gov.br/inep/pt-br/acesso-a-informacao/dados-abertos/microdados/censo-escolar,https://download.inep.gov.br/dados_abertos/microdados_censo_escolar_2023.zip
4113254,Privada,2023,1,9,5,census-2023,,,28,1,1,0,1,1,0,0,0,26,28,,INEP,2026-10-06T18:10:05.685489+00:00,https://www.gov.br/inep/pt-br/acesso-a-informacao/dados-abertos/microdados/censo-escolar,https://download.inep.gov.br/dados_abertos/microdados_censo_escolar_2023.zip
4113254,Total,2023,9,136,79,census-2023,,,1276,252,91,161,781,460,321,217,0,26,63,,INEP,2026-10-06T18:10:05.685489+00:00,https://www.gov.br/inep/pt-br/acesso-a-informacao/dados-abertos/microdados/censo-escolar,https://download.inep.gov.br/dados_abertos/microdados_censo_escolar_2023.zip
4119608,Estadual,2023,12,349,152,census-2023,,,3287,0,0,0,1567,0,1567,1242,482,277,128,,INEP,2026-10-06T18:10:05.685489+00:00,https://www.gov.br/inep/pt-br/acesso-a-informacao/dados-abertos/microdados/censo-escolar,https://download.inep.gov.br/dados_abertos/microdados_censo_escolar_2023.zip
4119608,Federal,2023,1,19,5,census-2023,,,102,0,0,0,0,0,0,102,102,0,12,,INEP,2026-10-06T18:10:05.685489+00:00,https://www.gov.br/inep/pt-br/acesso-a-informacao/dados-abertos/microdados/censo-escolar,https://download.inep.gov.br/dados_abertos/microdados_censo_escolar_2023.zip
4119608,Municipal,2023,22,315,230,census-2023,,,3450,1394,573,821,2031,2031,0,0,0,25,49,,INEP,2026-10-06T18:10:05.685489+00:00,https://www.gov.br/inep/pt-br/acesso-a-informacao/dados-abertos/microdados/censo-escolar,https://download.inep.gov.br/dados_abertos/microdados_censo_escolar_2023.zip
4119608,Privada,2023,3,96,83,census-2023,,,964,243,118,125,484,308,176,102,0,135,215,,INEP,2026-10-06T18:10:05.685489+00:00,https://www.gov.br/inep/pt-br/acesso-a-informacao/dados-abertos/microdados/censo-escolar,https://download.inep.gov.br/dados_abertos/microdados_censo_escolar_2023.zip
4119608,Total,2023,38,779,470,census-2023,,,7803,1637,691,946,4082,2339,1743,1446,584,437,404,,INEP,2026-10-06T18:10:05.685489+00:00,https://www.gov.br/inep/pt-br/acesso-a-informacao/dados-abertos/microdados/censo-escolar,https://download.inep.gov.br/dados_abertos/microdados_censo_escolar_2023.zip
4127965,Estadual,2023,7,121,71,census-2023,,,1421,20,0,20,898,53,845,503,28,0,59,,INEP,2026-10-06T18:10:05.685489+00:00,https://www.gov.br/inep/pt-br/acesso-a-informacao/dados-abertos/microdados/censo-escolar,https://download.inep.gov.br/dados_abertos/microdados_censo_escolar_2023.zip
4127965,Federal,2023,0,0,0,census-2023,,,0,0,0,0,0,0,0,0,0,0,0,0,INEP,2026-10-06T18:10:05.685489+00:00,https://www.gov.br/inep/pt-br/acesso-a-informacao/dados-abertos/microdados/censo-escolar,https://download.inep.gov.br/dados_abertos/microdados_censo_escolar_2023.zip
4127965,Municipal,2023,9,134,119,census-2023,,,1788,723,286,437,1065,1065,0,0,0,0,58,,INEP,2026-10-06T18:10:05.685489+00:00,https://www.gov.br/inep/pt-br/acesso-a-informacao/dados-abertos/microdados/censo-escolar,https://download.inep.gov.br/dados_abertos/microdados_censo_escolar_2023.zip
4127965,Privada,2023,1,8,12,census-2023,,,51,3,2,1,17,17,0,0,0,31,51,,INEP,2026-10-06T18:10:05.685489+00:00,https://www.gov.br/inep/pt-br/acesso-a-informacao/dados-abertos/microdados/censo-escolar,https://download.inep.gov.br/dados_abertos/microdados_censo_escolar_2023.zip
4127965,Total,2023,17,263,202,census-2023,,,3260,746,288,458,1980,1135,845,503,28,31,168,,INEP,2026-10-06T18:10:05.685489+00:00,https://www.gov.br/inep/pt-br/acesso-a-informacao/dados-abertos/microdados/censo-escolar,https://download.inep.gov.br/dados_abertos/microdados_censo_escolar_2023.zip
4109401,Estadual,2024,29,1115,577,census-2024,,,15704,0,0,0,8140,0,8140,6052,2426,933,647,,INEP,2026-10-06T18:10:05.685489+00:00,https://www.gov.br/inep/pt-br/acesso-a-informacao/dados-abertos/microdados/censo-escolar,https://download.inep.gov.br/dados_abertos/microdados_censo_escolar_2024.zip
4109401,Federal,2024,0,0,0,census-2024,,,0,0,0,0,0,0,0,0,0,0,0,0,INEP,2026-10-06T18:10:05.685489+00:00,https://www.gov.br/inep/pt-br/acesso-a-informacao/dados-abertos/microdados/censo-escolar,https://download.inep.gov.br/dados_abertos/microdados_censo_escolar_2024.zip
4109401,Municipal,2024,73,1369,944,census-2024,,,20048,7701,3089,4612,12276,12242,34,0,0,71,704,,INEP,2026-10-06T18:10:05.685489+00:00,https://www.gov.br/inep/pt-br/acesso-a-informacao/dados-abertos/microdados/censo-escolar,https://download.inep.gov.br/dados_abertos/microdados_censo_escolar_2024.zip
4109401,Privada,2024,33,773,540,census-2024,,,8490,1922,890,1032,3544,2063,1481,1155,905,964,636,,INEP,2026-10-06T18:10:05.685489+00:00,https://www.gov.br/inep/pt-br/acesso-a-informacao/dados-abertos/microdados/censo-escolar,https://download.inep.gov.br/dados_abertos/microdados_censo_escolar_2024.zip
4109401,Total,2024,135,3257,2061,census-2024,,,44242,9623,3979,5644,23960,14305,9655,7207,3331,1968,1987,,INEP,2026-10-06T18:10:05.685489+00:00,https://www.gov.br/inep/pt-br/acesso-a-informacao/dados-abertos/microdados/censo-escolar,https://download.inep.gov.br/dados_abertos/microdados_censo_escolar_2024.zip
4113254,Estadual,2024,3,77,30,census-2024,,,525,0,0,0,308,0,308,217,0,0,28,,INEP,2026-10-06T18:10:05.685489+00:00,https://www.gov.br/inep/pt-br/acesso-a-informacao/dados-abertos/microdados/censo-escolar,https://download.inep.gov.br/dados_abertos/microdados_censo_escolar_2024.zip
4113254,Federal,2024,0,0,0,census-2024,,,0,0,0,0,0,0,0,0,0,0,0,0,INEP,2026-10-06T18:10:05.685489+00:00,https://www.gov.br/inep/pt-br/acesso-a-informacao/dados-abertos/microdados/censo-escolar,https://download.inep.gov.br/dados_abertos/microdados_censo_escolar_2024.zip
4113254,Municipal,2024,5,54,41,census-2024,,,745,266,93,173,479,479,0,0,0,0,8,,INEP,2026-10-06T18:10:05.685489+00:00,https://www.gov.br/inep/pt-br/acesso-a-informacao/dados-abertos/microdados/censo-escolar,https://download.inep.gov.br/dados_abertos/microdados_censo_escolar_2024.zip
4113254,Privada,2024,1,9,5,census-2024,,,29,1,1,0,2,2,0,0,0,26,29,,INEP,2026-10-06T18:10:05.685489+00:00,https://www.gov.br/inep/pt-br/acesso-a-informacao/dados-abertos/microdados/censo-escolar,https://download.inep.gov.br/dados_abertos/microdados_censo_escolar_2024.zip
4113254,Total,2024,9,140,76,census-2024,,,1299,267,94,173,789,481,308,217,0,26,65,,INEP,2026-10-06T18:10:05.685489+00:00,https://www.gov.br/inep/pt-br/acesso-a-informacao/dados-abertos/microdados/censo-escolar,https://download.inep.gov.br/dados_abertos/microdados_censo_escolar_2024.zip
4119608,Estadual,2024,12,339,153,census-2024,,,3212,0,0,0,1499,0,1499,1161,522,367,141,,INEP,2026-10-06T18:10:05.685489+00:00,https://www.gov.br/inep/pt-br/acesso-a-informacao/dados-abertos/microdados/censo-escolar,https://download.inep.gov.br/dados_abertos/microdados_censo_escolar_2024.zip
4119608,Federal,2024,1,21,5,census-2024,,,107,0,0,0,0,0,0,107,107,0,9,,INEP,2026-10-06T18:10:05.685489+00:00,https://www.gov.br/inep/pt-br/acesso-a-informacao/dados-abertos/microdados/censo-escolar,https://download.inep.gov.br/dados_abertos/microdados_censo_escolar_2024.zip
4119608,Municipal,2024,22,304,213,census-2024,,,3417,1350,564,786,2047,2047,0,0,0,20,65,,INEP,2026-10-06T18:10:05.685489+00:00,https://www.gov.br/inep/pt-br/acesso-a-informacao/dados-abertos/microdados/censo-escolar,https://download.inep.gov.br/dados_abertos/microdados_censo_escolar_2024.zip
4119608,Privada,2024,3,97,76,census-2024,,,961,226,113,113,487,300,187,108,0,140,217,,INEP,2026-10-06T18:10:05.685489+00:00,https://www.gov.br/inep/pt-br/acesso-a-informacao/dados-abertos/microdados/censo-escolar,https://download.inep.gov.br/dados_abertos/microdados_censo_escolar_2024.zip
4119608,Total,2024,38,761,447,census-2024,,,7697,1576,677,899,4033,2347,1686,1376,629,527,432,,INEP,2026-10-06T18:10:05.685489+00:00,https://www.gov.br/inep/pt-br/acesso-a-informacao/dados-abertos/microdados/censo-escolar,https://download.inep.gov.br/dados_abertos/microdados_censo_escolar_2024.zip
4127965,Estadual,2024,7,115,68,census-2024,,,1416,21,0,21,910,48,862,485,20,0,68,,INEP,2026-10-06T18:10:05.685489+00:00,https://www.gov.br/inep/pt-br/acesso-a-informacao/dados-abertos/microdados/censo-escolar,https://download.inep.gov.br/dados_abertos/microdados_censo_escolar_2024.zip
4127965,Federal,2024,0,0,0,census-2024,,,0,0,0,0,0,0,0,0,0,0,0,0,INEP,2026-10-06T18:10:05.685489+00:00,https://www.gov.br/inep/pt-br/acesso-a-informacao/dados-abertos/microdados/censo-escolar,https://download.inep.gov.br/dados_abertos/microdados_censo_escolar_2024.zip
4127965,Municipal,2024,9,148,121,census-2024,,,1791,707,295,412,1084,1084,0,0,0,0,61,,INEP,2026-10-06T18:10:05.685489+00:00,https://www.gov.br/inep/pt-br/acesso-a-informacao/dados-abertos/microdados/censo-escolar,https://download.inep.gov.br/dados_abertos/microdados_censo_escolar_2024.zip
4127965,Privada,2024,1,8,11,census-2024,,,49,4,1,3,14,14,0,0,0,31,49,,INEP,2026-10-06T18:10:05.685489+00:00,https://www.gov.br/inep/pt-br/acesso-a-informacao/dados-abertos/microdados/censo-escolar,https://download.inep.gov.br/dados_abertos/microdados_censo_escolar_2024.zip
4127965,Total,2024,17,271,200,census-2024,,,3256,732,296,436,2008,1146,862,485,20,31,178,,INEP,2026-10-06T18:10:05.685489+00:00,https://www.gov.br/inep/pt-br/acesso-a-informacao/dados-abertos/microdados/censo-escolar,https://download.inep.gov.br/dados_abertos/microdados_censo_escolar_2024.zip
4109401,Estadual,2025,29,1249,735,census-2025,801,synopsis-2025,14562,0,0,0,7380,0,7380,5444,2393,1297,711,1210,INEP,2026-10-06T18:10:05.685489+00:00,https://www.gov.br/inep/pt-br/acesso-a-informacao/dados-abertos/microdados/censo-escolar,https://download.inep.gov.br/dados_abertos/microdados_censo_escolar_2025_.zip
4109401,Federal,2025,0,0,0,census-2025,0,synopsis-2025,0,0,0,0,0,0,0,0,0,0,0,0,INEP,2026-10-06T18:10:05.685489+00:00,https://www.gov.br/inep/pt-br/acesso-a-informacao/dados-abertos/microdados/censo-escolar,https://download.inep.gov.br/dados_abertos/microdados_censo_escolar_2025_.zip
4109401,Municipal,2025,73,1428,948,census-2025,1323,synopsis-2025,19948,7321,2850,4471,12594,12561,33,0,0,33,788,3211,INEP,2026-10-06T18:10:05.685489+00:00,https://www.gov.br/inep/pt-br/acesso-a-informacao/dados-abertos/microdados/censo-escolar,https://download.inep.gov.br/dados_abertos/microdados_censo_escolar_2025_.zip
4109401,Privada,2025,33,723,554,census-2025,649,synopsis-2025,8331,1753,798,955,3674,2203,1471,1153,817,1017,665,145,INEP,2026-10-06T18:10:05.685489+00:00,https://www.gov.br/inep/pt-br/acesso-a-informacao/dados-abertos/microdados/censo-escolar,https://download.inep.gov.br/dados_abertos/microdados_censo_escolar_2025_.zip
4109401,Total,2025,135,3400,2237,census-2025,2683,synopsis-2025,42841,9074,3648,5426,23648,14764,8884,6597,3210,2347,2164,4566,INEP,2026-10-06T18:10:05.685489+00:00,https://www.gov.br/inep/pt-br/acesso-a-informacao/dados-abertos/microdados/censo-escolar,https://download.inep.gov.br/dados_abertos/microdados_censo_escolar_2025_.zip
4113254,Estadual,2025,3,73,37,census-2025,49,synopsis-2025,477,0,0,0,294,0,294,183,0,0,20,47,INEP,2026-10-06T18:10:05.685489+00:00,https://www.gov.br/inep/pt-br/acesso-a-informacao/dados-abertos/microdados/censo-escolar,https://download.inep.gov.br/dados_abertos/microdados_censo_escolar_2025_.zip
4113254,Federal,2025,0,0,0,census-2025,0,synopsis-2025,0,0,0,0,0,0,0,0,0,0,0,0,INEP,2026-10-06T18:10:05.685489+00:00,https://www.gov.br/inep/pt-br/acesso-a-informacao/dados-abertos/microdados/censo-escolar,https://download.inep.gov.br/dados_abertos/microdados_censo_escolar_2025_.zip
4113254,Municipal,2025,5,55,41,census-2025,51,synopsis-2025,704,259,82,177,445,445,0,0,0,0,6,110,INEP,2026-10-06T18:10:05.685489+00:00,https://www.gov.br/inep/pt-br/acesso-a-informacao/dados-abertos/microdados/censo-escolar,https://download.inep.gov.br/dados_abertos/microdados_censo_escolar_2025_.zip
4113254,Privada,2025,1,11,6,census-2025,11,synopsis-2025,32,1,1,0,2,2,0,0,0,29,32,0,INEP,2026-10-06T18:10:05.685489+00:00,https://www.gov.br/inep/pt-br/acesso-a-informacao/dados-abertos/microdados/censo-escolar,https://download.inep.gov.br/dados_abertos/microdados_censo_escolar_2025_.zip
4113254,Total,2025,9,139,84,census-2025,99,synopsis-2025,1213,260,83,177,741,447,294,183,0,29,58,157,INEP,2026-10-06T18:10:05.685489+00:00,https://www.gov.br/inep/pt-br/acesso-a-informacao/dados-abertos/microdados/censo-escolar,https://download.inep.gov.br/dados_abertos/microdados_censo_escolar_2025_.zip
4119608,Estadual,2025,12,397,203,census-2025,258,synopsis-2025,3022,13,0,13,1503,39,1464,1021,491,317,147,283,INEP,2026-10-06T18:10:05.685489+00:00,https://www.gov.br/inep/pt-br/acesso-a-informacao/dados-abertos/microdados/censo-escolar,https://download.inep.gov.br/dados_abertos/microdados_censo_escolar_2025_.zip
4119608,Federal,2025,1,27,6,census-2025,27,synopsis-2025,143,0,0,0,0,0,0,143,143,0,17,0,INEP,2026-10-06T18:10:05.685489+00:00,https://www.gov.br/inep/pt-br/acesso-a-informacao/dados-abertos/microdados/censo-escolar,https://download.inep.gov.br/dados_abertos/microdados_censo_escolar_2025_.zip
4119608,Municipal,2025,22,397,223,census-2025,380,synopsis-2025,3447,1365,573,792,2078,2078,0,0,0,4,83,743,INEP,2026-10-06T18:10:05.685489+00:00,https://www.gov.br/inep/pt-br/acesso-a-informacao/dados-abertos/microdados/censo-escolar,https://download.inep.gov.br/dados_abertos/microdados_censo_escolar_2025_.zip
4119608,Privada,2025,3,98,76,census-2025,98,synopsis-2025,897,189,90,99,487,298,189,106,17,115,189,0,INEP,2026-10-06T18:10:05.685489+00:00,https://www.gov.br/inep/pt-br/acesso-a-informacao/dados-abertos/microdados/censo-escolar,https://download.inep.gov.br/dados_abertos/microdados_censo_escolar_2025_.zip
4119608,Total,2025,38,919,508,census-2025,719,synopsis-2025,7509,1567,663,904,4068,2415,1653,1270,651,436,436,1026,INEP,2026-10-06T18:10:05.685489+00:00,https://www.gov.br/inep/pt-br/acesso-a-informacao/dados-abertos/microdados/censo-escolar,https://download.inep.gov.br/dados_abertos/microdados_censo_escolar_2025_.zip
4127965,Estadual,2025,7,122,83,census-2025,96,synopsis-2025,1388,26,0,26,819,63,756,543,0,0,71,198,INEP,2026-10-06T18:10:05.685489+00:00,https://www.gov.br/inep/pt-br/acesso-a-informacao/dados-abertos/microdados/censo-escolar,https://download.inep.gov.br/dados_abertos/microdados_censo_escolar_2025_.zip
4127965,Federal,2025,0,0,0,census-2025,0,synopsis-2025,0,0,0,0,0,0,0,0,0,0,0,0,INEP,2026-10-06T18:10:05.685489+00:00,https://www.gov.br/inep/pt-br/acesso-a-informacao/dados-abertos/microdados/censo-escolar,https://download.inep.gov.br/dados_abertos/microdados_censo_escolar_2025_.zip
4127965,Municipal,2025,9,159,122,census-2025,150,synopsis-2025,1793,682,290,392,1111,1111,0,0,0,0,67,44,INEP,2026-10-06T18:10:05.685489+00:00,https://www.gov.br/inep/pt-br/acesso-a-informacao/dados-abertos/microdados/censo-escolar,https://download.inep.gov.br/dados_abertos/microdados_censo_escolar_2025_.zip
4127965,Privada,2025,1,9,11,census-2025,9,synopsis-2025,49,5,2,3,14,14,0,0,0,30,49,3,INEP,2026-10-06T18:10:05.685489+00:00,https://www.gov.br/inep/pt-br/acesso-a-informacao/dados-abertos/microdados/censo-escolar,https://download.inep.gov.br/dados_abertos/microdados_censo_escolar_2025_.zip
4127965,Total,2025,17,290,216,census-2025,250,synopsis-2025,3230,713,292,421,1944,1188,756,543,0,30,187,245,INEP,2026-10-06T18:10:05.685489+00:00,https://www.gov.br/inep/pt-br/acesso-a-informacao/dados-abertos/microdados/censo-escolar,https://download.inep.gov.br/dados_abertos/microdados_censo_escolar_2025_.zip
