code,network,reference,id,label,fields,withResource,considered,activeSchools,missing,percent,unit,agency,collectedAt,officialUrl,sourceUrl
4127965,Total,2025,water,Água potável,IN_AGUA_POTAVEL,17,17,17,0,100.0,%,INEP,2026-10-06T18:10:05.685489+00:00,https://www.gov.br/inep/pt-br/acesso-a-informacao/dados-abertos/microdados/censo-escolar,https://download.inep.gov.br/dados_abertos/microdados_censo_escolar_2025_.zip
4127965,Total,2025,electricity,Energia da rede pública,IN_ENERGIA_REDE_PUBLICA,16,17,17,0,94.12,%,INEP,2026-10-06T18:10:05.685489+00:00,https://www.gov.br/inep/pt-br/acesso-a-informacao/dados-abertos/microdados/censo-escolar,https://download.inep.gov.br/dados_abertos/microdados_censo_escolar_2025_.zip
4127965,Total,2025,sewage,Esgoto da rede pública,IN_ESGOTO_REDE_PUBLICA,7,17,17,0,41.18,%,INEP,2026-10-06T18:10:05.685489+00:00,https://www.gov.br/inep/pt-br/acesso-a-informacao/dados-abertos/microdados/censo-escolar,https://download.inep.gov.br/dados_abertos/microdados_censo_escolar_2025_.zip
4127965,Total,2025,internet,Internet,IN_INTERNET,17,17,17,0,100.0,%,INEP,2026-10-06T18:10:05.685489+00:00,https://www.gov.br/inep/pt-br/acesso-a-informacao/dados-abertos/microdados/censo-escolar,https://download.inep.gov.br/dados_abertos/microdados_censo_escolar_2025_.zip
4127965,Total,2025,studentInternet,Internet para alunos,IN_INTERNET_ALUNOS,10,17,17,0,58.82,%,INEP,2026-10-06T18:10:05.685489+00:00,https://www.gov.br/inep/pt-br/acesso-a-informacao/dados-abertos/microdados/censo-escolar,https://download.inep.gov.br/dados_abertos/microdados_censo_escolar_2025_.zip
4127965,Total,2025,broadband,Banda larga,IN_BANDA_LARGA,10,17,17,0,58.82,%,INEP,2026-10-06T18:10:05.685489+00:00,https://www.gov.br/inep/pt-br/acesso-a-informacao/dados-abertos/microdados/censo-escolar,https://download.inep.gov.br/dados_abertos/microdados_censo_escolar_2025_.zip
4127965,Total,2025,computers,Laboratório de informática,IN_LABORATORIO_INFORMATICA,8,17,17,0,47.06,%,INEP,2026-10-06T18:10:05.685489+00:00,https://www.gov.br/inep/pt-br/acesso-a-informacao/dados-abertos/microdados/censo-escolar,https://download.inep.gov.br/dados_abertos/microdados_censo_escolar_2025_.zip
4127965,Total,2025,library,Biblioteca ou sala de leitura,IN_BIBLIOTECA | IN_SALA_LEITURA,14,17,17,0,82.35,%,INEP,2026-10-06T18:10:05.685489+00:00,https://www.gov.br/inep/pt-br/acesso-a-informacao/dados-abertos/microdados/censo-escolar,https://download.inep.gov.br/dados_abertos/microdados_censo_escolar_2025_.zip
4127965,Total,2025,sports,Quadra esportiva,IN_QUADRA_ESPORTES,10,17,17,0,58.82,%,INEP,2026-10-06T18:10:05.685489+00:00,https://www.gov.br/inep/pt-br/acesso-a-informacao/dados-abertos/microdados/censo-escolar,https://download.inep.gov.br/dados_abertos/microdados_censo_escolar_2025_.zip
4127965,Total,2025,accessibility,Recursos de acessibilidade,IN_ACESSIBILIDADE_INEXISTENTE,16,17,17,0,94.12,%,INEP,2026-10-06T18:10:05.685489+00:00,https://www.gov.br/inep/pt-br/acesso-a-informacao/dados-abertos/microdados/censo-escolar,https://download.inep.gov.br/dados_abertos/microdados_censo_escolar_2025_.zip
4127965,Total,2025,food,Alimentação escolar,IN_ALIMENTACAO,17,17,17,0,100.0,%,INEP,2026-10-06T18:10:05.685489+00:00,https://www.gov.br/inep/pt-br/acesso-a-informacao/dados-abertos/microdados/censo-escolar,https://download.inep.gov.br/dados_abertos/microdados_censo_escolar_2025_.zip
4127965,Federal,2025,water,Água potável,IN_AGUA_POTAVEL,0,0,0,0,,%,INEP,2026-10-06T18:10:05.685489+00:00,https://www.gov.br/inep/pt-br/acesso-a-informacao/dados-abertos/microdados/censo-escolar,https://download.inep.gov.br/dados_abertos/microdados_censo_escolar_2025_.zip
4127965,Federal,2025,electricity,Energia da rede pública,IN_ENERGIA_REDE_PUBLICA,0,0,0,0,,%,INEP,2026-10-06T18:10:05.685489+00:00,https://www.gov.br/inep/pt-br/acesso-a-informacao/dados-abertos/microdados/censo-escolar,https://download.inep.gov.br/dados_abertos/microdados_censo_escolar_2025_.zip
4127965,Federal,2025,sewage,Esgoto da rede pública,IN_ESGOTO_REDE_PUBLICA,0,0,0,0,,%,INEP,2026-10-06T18:10:05.685489+00:00,https://www.gov.br/inep/pt-br/acesso-a-informacao/dados-abertos/microdados/censo-escolar,https://download.inep.gov.br/dados_abertos/microdados_censo_escolar_2025_.zip
4127965,Federal,2025,internet,Internet,IN_INTERNET,0,0,0,0,,%,INEP,2026-10-06T18:10:05.685489+00:00,https://www.gov.br/inep/pt-br/acesso-a-informacao/dados-abertos/microdados/censo-escolar,https://download.inep.gov.br/dados_abertos/microdados_censo_escolar_2025_.zip
4127965,Federal,2025,studentInternet,Internet para alunos,IN_INTERNET_ALUNOS,0,0,0,0,,%,INEP,2026-10-06T18:10:05.685489+00:00,https://www.gov.br/inep/pt-br/acesso-a-informacao/dados-abertos/microdados/censo-escolar,https://download.inep.gov.br/dados_abertos/microdados_censo_escolar_2025_.zip
4127965,Federal,2025,broadband,Banda larga,IN_BANDA_LARGA,0,0,0,0,,%,INEP,2026-10-06T18:10:05.685489+00:00,https://www.gov.br/inep/pt-br/acesso-a-informacao/dados-abertos/microdados/censo-escolar,https://download.inep.gov.br/dados_abertos/microdados_censo_escolar_2025_.zip
4127965,Federal,2025,computers,Laboratório de informática,IN_LABORATORIO_INFORMATICA,0,0,0,0,,%,INEP,2026-10-06T18:10:05.685489+00:00,https://www.gov.br/inep/pt-br/acesso-a-informacao/dados-abertos/microdados/censo-escolar,https://download.inep.gov.br/dados_abertos/microdados_censo_escolar_2025_.zip
4127965,Federal,2025,library,Biblioteca ou sala de leitura,IN_BIBLIOTECA | IN_SALA_LEITURA,0,0,0,0,,%,INEP,2026-10-06T18:10:05.685489+00:00,https://www.gov.br/inep/pt-br/acesso-a-informacao/dados-abertos/microdados/censo-escolar,https://download.inep.gov.br/dados_abertos/microdados_censo_escolar_2025_.zip
4127965,Federal,2025,sports,Quadra esportiva,IN_QUADRA_ESPORTES,0,0,0,0,,%,INEP,2026-10-06T18:10:05.685489+00:00,https://www.gov.br/inep/pt-br/acesso-a-informacao/dados-abertos/microdados/censo-escolar,https://download.inep.gov.br/dados_abertos/microdados_censo_escolar_2025_.zip
4127965,Federal,2025,accessibility,Recursos de acessibilidade,IN_ACESSIBILIDADE_INEXISTENTE,0,0,0,0,,%,INEP,2026-10-06T18:10:05.685489+00:00,https://www.gov.br/inep/pt-br/acesso-a-informacao/dados-abertos/microdados/censo-escolar,https://download.inep.gov.br/dados_abertos/microdados_censo_escolar_2025_.zip
4127965,Federal,2025,food,Alimentação escolar,IN_ALIMENTACAO,0,0,0,0,,%,INEP,2026-10-06T18:10:05.685489+00:00,https://www.gov.br/inep/pt-br/acesso-a-informacao/dados-abertos/microdados/censo-escolar,https://download.inep.gov.br/dados_abertos/microdados_censo_escolar_2025_.zip
4127965,Estadual,2025,water,Água potável,IN_AGUA_POTAVEL,7,7,7,0,100.0,%,INEP,2026-10-06T18:10:05.685489+00:00,https://www.gov.br/inep/pt-br/acesso-a-informacao/dados-abertos/microdados/censo-escolar,https://download.inep.gov.br/dados_abertos/microdados_censo_escolar_2025_.zip
4127965,Estadual,2025,electricity,Energia da rede pública,IN_ENERGIA_REDE_PUBLICA,7,7,7,0,100.0,%,INEP,2026-10-06T18:10:05.685489+00:00,https://www.gov.br/inep/pt-br/acesso-a-informacao/dados-abertos/microdados/censo-escolar,https://download.inep.gov.br/dados_abertos/microdados_censo_escolar_2025_.zip
4127965,Estadual,2025,sewage,Esgoto da rede pública,IN_ESGOTO_REDE_PUBLICA,1,7,7,0,14.29,%,INEP,2026-10-06T18:10:05.685489+00:00,https://www.gov.br/inep/pt-br/acesso-a-informacao/dados-abertos/microdados/censo-escolar,https://download.inep.gov.br/dados_abertos/microdados_censo_escolar_2025_.zip
4127965,Estadual,2025,internet,Internet,IN_INTERNET,7,7,7,0,100.0,%,INEP,2026-10-06T18:10:05.685489+00:00,https://www.gov.br/inep/pt-br/acesso-a-informacao/dados-abertos/microdados/censo-escolar,https://download.inep.gov.br/dados_abertos/microdados_censo_escolar_2025_.zip
4127965,Estadual,2025,studentInternet,Internet para alunos,IN_INTERNET_ALUNOS,6,7,7,0,85.71,%,INEP,2026-10-06T18:10:05.685489+00:00,https://www.gov.br/inep/pt-br/acesso-a-informacao/dados-abertos/microdados/censo-escolar,https://download.inep.gov.br/dados_abertos/microdados_censo_escolar_2025_.zip
4127965,Estadual,2025,broadband,Banda larga,IN_BANDA_LARGA,3,7,7,0,42.86,%,INEP,2026-10-06T18:10:05.685489+00:00,https://www.gov.br/inep/pt-br/acesso-a-informacao/dados-abertos/microdados/censo-escolar,https://download.inep.gov.br/dados_abertos/microdados_censo_escolar_2025_.zip
4127965,Estadual,2025,computers,Laboratório de informática,IN_LABORATORIO_INFORMATICA,7,7,7,0,100.0,%,INEP,2026-10-06T18:10:05.685489+00:00,https://www.gov.br/inep/pt-br/acesso-a-informacao/dados-abertos/microdados/censo-escolar,https://download.inep.gov.br/dados_abertos/microdados_censo_escolar_2025_.zip
4127965,Estadual,2025,library,Biblioteca ou sala de leitura,IN_BIBLIOTECA | IN_SALA_LEITURA,7,7,7,0,100.0,%,INEP,2026-10-06T18:10:05.685489+00:00,https://www.gov.br/inep/pt-br/acesso-a-informacao/dados-abertos/microdados/censo-escolar,https://download.inep.gov.br/dados_abertos/microdados_censo_escolar_2025_.zip
4127965,Estadual,2025,sports,Quadra esportiva,IN_QUADRA_ESPORTES,5,7,7,0,71.43,%,INEP,2026-10-06T18:10:05.685489+00:00,https://www.gov.br/inep/pt-br/acesso-a-informacao/dados-abertos/microdados/censo-escolar,https://download.inep.gov.br/dados_abertos/microdados_censo_escolar_2025_.zip
4127965,Estadual,2025,accessibility,Recursos de acessibilidade,IN_ACESSIBILIDADE_INEXISTENTE,7,7,7,0,100.0,%,INEP,2026-10-06T18:10:05.685489+00:00,https://www.gov.br/inep/pt-br/acesso-a-informacao/dados-abertos/microdados/censo-escolar,https://download.inep.gov.br/dados_abertos/microdados_censo_escolar_2025_.zip
4127965,Estadual,2025,food,Alimentação escolar,IN_ALIMENTACAO,7,7,7,0,100.0,%,INEP,2026-10-06T18:10:05.685489+00:00,https://www.gov.br/inep/pt-br/acesso-a-informacao/dados-abertos/microdados/censo-escolar,https://download.inep.gov.br/dados_abertos/microdados_censo_escolar_2025_.zip
4127965,Municipal,2025,water,Água potável,IN_AGUA_POTAVEL,9,9,9,0,100.0,%,INEP,2026-10-06T18:10:05.685489+00:00,https://www.gov.br/inep/pt-br/acesso-a-informacao/dados-abertos/microdados/censo-escolar,https://download.inep.gov.br/dados_abertos/microdados_censo_escolar_2025_.zip
4127965,Municipal,2025,electricity,Energia da rede pública,IN_ENERGIA_REDE_PUBLICA,8,9,9,0,88.89,%,INEP,2026-10-06T18:10:05.685489+00:00,https://www.gov.br/inep/pt-br/acesso-a-informacao/dados-abertos/microdados/censo-escolar,https://download.inep.gov.br/dados_abertos/microdados_censo_escolar_2025_.zip
4127965,Municipal,2025,sewage,Esgoto da rede pública,IN_ESGOTO_REDE_PUBLICA,5,9,9,0,55.56,%,INEP,2026-10-06T18:10:05.685489+00:00,https://www.gov.br/inep/pt-br/acesso-a-informacao/dados-abertos/microdados/censo-escolar,https://download.inep.gov.br/dados_abertos/microdados_censo_escolar_2025_.zip
4127965,Municipal,2025,internet,Internet,IN_INTERNET,9,9,9,0,100.0,%,INEP,2026-10-06T18:10:05.685489+00:00,https://www.gov.br/inep/pt-br/acesso-a-informacao/dados-abertos/microdados/censo-escolar,https://download.inep.gov.br/dados_abertos/microdados_censo_escolar_2025_.zip
4127965,Municipal,2025,studentInternet,Internet para alunos,IN_INTERNET_ALUNOS,3,9,9,0,33.33,%,INEP,2026-10-06T18:10:05.685489+00:00,https://www.gov.br/inep/pt-br/acesso-a-informacao/dados-abertos/microdados/censo-escolar,https://download.inep.gov.br/dados_abertos/microdados_censo_escolar_2025_.zip
4127965,Municipal,2025,broadband,Banda larga,IN_BANDA_LARGA,6,9,9,0,66.67,%,INEP,2026-10-06T18:10:05.685489+00:00,https://www.gov.br/inep/pt-br/acesso-a-informacao/dados-abertos/microdados/censo-escolar,https://download.inep.gov.br/dados_abertos/microdados_censo_escolar_2025_.zip
4127965,Municipal,2025,computers,Laboratório de informática,IN_LABORATORIO_INFORMATICA,0,9,9,0,0.0,%,INEP,2026-10-06T18:10:05.685489+00:00,https://www.gov.br/inep/pt-br/acesso-a-informacao/dados-abertos/microdados/censo-escolar,https://download.inep.gov.br/dados_abertos/microdados_censo_escolar_2025_.zip
4127965,Municipal,2025,library,Biblioteca ou sala de leitura,IN_BIBLIOTECA | IN_SALA_LEITURA,7,9,9,0,77.78,%,INEP,2026-10-06T18:10:05.685489+00:00,https://www.gov.br/inep/pt-br/acesso-a-informacao/dados-abertos/microdados/censo-escolar,https://download.inep.gov.br/dados_abertos/microdados_censo_escolar_2025_.zip
4127965,Municipal,2025,sports,Quadra esportiva,IN_QUADRA_ESPORTES,4,9,9,0,44.44,%,INEP,2026-10-06T18:10:05.685489+00:00,https://www.gov.br/inep/pt-br/acesso-a-informacao/dados-abertos/microdados/censo-escolar,https://download.inep.gov.br/dados_abertos/microdados_censo_escolar_2025_.zip
4127965,Municipal,2025,accessibility,Recursos de acessibilidade,IN_ACESSIBILIDADE_INEXISTENTE,8,9,9,0,88.89,%,INEP,2026-10-06T18:10:05.685489+00:00,https://www.gov.br/inep/pt-br/acesso-a-informacao/dados-abertos/microdados/censo-escolar,https://download.inep.gov.br/dados_abertos/microdados_censo_escolar_2025_.zip
4127965,Municipal,2025,food,Alimentação escolar,IN_ALIMENTACAO,9,9,9,0,100.0,%,INEP,2026-10-06T18:10:05.685489+00:00,https://www.gov.br/inep/pt-br/acesso-a-informacao/dados-abertos/microdados/censo-escolar,https://download.inep.gov.br/dados_abertos/microdados_censo_escolar_2025_.zip
4127965,Privada,2025,water,Água potável,IN_AGUA_POTAVEL,1,1,1,0,100.0,%,INEP,2026-10-06T18:10:05.685489+00:00,https://www.gov.br/inep/pt-br/acesso-a-informacao/dados-abertos/microdados/censo-escolar,https://download.inep.gov.br/dados_abertos/microdados_censo_escolar_2025_.zip
4127965,Privada,2025,electricity,Energia da rede pública,IN_ENERGIA_REDE_PUBLICA,1,1,1,0,100.0,%,INEP,2026-10-06T18:10:05.685489+00:00,https://www.gov.br/inep/pt-br/acesso-a-informacao/dados-abertos/microdados/censo-escolar,https://download.inep.gov.br/dados_abertos/microdados_censo_escolar_2025_.zip
4127965,Privada,2025,sewage,Esgoto da rede pública,IN_ESGOTO_REDE_PUBLICA,1,1,1,0,100.0,%,INEP,2026-10-06T18:10:05.685489+00:00,https://www.gov.br/inep/pt-br/acesso-a-informacao/dados-abertos/microdados/censo-escolar,https://download.inep.gov.br/dados_abertos/microdados_censo_escolar_2025_.zip
4127965,Privada,2025,internet,Internet,IN_INTERNET,1,1,1,0,100.0,%,INEP,2026-10-06T18:10:05.685489+00:00,https://www.gov.br/inep/pt-br/acesso-a-informacao/dados-abertos/microdados/censo-escolar,https://download.inep.gov.br/dados_abertos/microdados_censo_escolar_2025_.zip
4127965,Privada,2025,studentInternet,Internet para alunos,IN_INTERNET_ALUNOS,1,1,1,0,100.0,%,INEP,2026-10-06T18:10:05.685489+00:00,https://www.gov.br/inep/pt-br/acesso-a-informacao/dados-abertos/microdados/censo-escolar,https://download.inep.gov.br/dados_abertos/microdados_censo_escolar_2025_.zip
4127965,Privada,2025,broadband,Banda larga,IN_BANDA_LARGA,1,1,1,0,100.0,%,INEP,2026-10-06T18:10:05.685489+00:00,https://www.gov.br/inep/pt-br/acesso-a-informacao/dados-abertos/microdados/censo-escolar,https://download.inep.gov.br/dados_abertos/microdados_censo_escolar_2025_.zip
4127965,Privada,2025,computers,Laboratório de informática,IN_LABORATORIO_INFORMATICA,1,1,1,0,100.0,%,INEP,2026-10-06T18:10:05.685489+00:00,https://www.gov.br/inep/pt-br/acesso-a-informacao/dados-abertos/microdados/censo-escolar,https://download.inep.gov.br/dados_abertos/microdados_censo_escolar_2025_.zip
4127965,Privada,2025,library,Biblioteca ou sala de leitura,IN_BIBLIOTECA | IN_SALA_LEITURA,0,1,1,0,0.0,%,INEP,2026-10-06T18:10:05.685489+00:00,https://www.gov.br/inep/pt-br/acesso-a-informacao/dados-abertos/microdados/censo-escolar,https://download.inep.gov.br/dados_abertos/microdados_censo_escolar_2025_.zip
4127965,Privada,2025,sports,Quadra esportiva,IN_QUADRA_ESPORTES,1,1,1,0,100.0,%,INEP,2026-10-06T18:10:05.685489+00:00,https://www.gov.br/inep/pt-br/acesso-a-informacao/dados-abertos/microdados/censo-escolar,https://download.inep.gov.br/dados_abertos/microdados_censo_escolar_2025_.zip
4127965,Privada,2025,accessibility,Recursos de acessibilidade,IN_ACESSIBILIDADE_INEXISTENTE,1,1,1,0,100.0,%,INEP,2026-10-06T18:10:05.685489+00:00,https://www.gov.br/inep/pt-br/acesso-a-informacao/dados-abertos/microdados/censo-escolar,https://download.inep.gov.br/dados_abertos/microdados_censo_escolar_2025_.zip
4127965,Privada,2025,food,Alimentação escolar,IN_ALIMENTACAO,1,1,1,0,100.0,%,INEP,2026-10-06T18:10:05.685489+00:00,https://www.gov.br/inep/pt-br/acesso-a-informacao/dados-abertos/microdados/censo-escolar,https://download.inep.gov.br/dados_abertos/microdados_censo_escolar_2025_.zip
4109401,Total,2025,water,Água potável,IN_AGUA_POTAVEL,135,135,135,0,100.0,%,INEP,2026-10-06T18:10:05.685489+00:00,https://www.gov.br/inep/pt-br/acesso-a-informacao/dados-abertos/microdados/censo-escolar,https://download.inep.gov.br/dados_abertos/microdados_censo_escolar_2025_.zip
4109401,Total,2025,electricity,Energia da rede pública,IN_ENERGIA_REDE_PUBLICA,134,135,135,0,99.26,%,INEP,2026-10-06T18:10:05.685489+00:00,https://www.gov.br/inep/pt-br/acesso-a-informacao/dados-abertos/microdados/censo-escolar,https://download.inep.gov.br/dados_abertos/microdados_censo_escolar_2025_.zip
4109401,Total,2025,sewage,Esgoto da rede pública,IN_ESGOTO_REDE_PUBLICA,121,135,135,0,89.63,%,INEP,2026-10-06T18:10:05.685489+00:00,https://www.gov.br/inep/pt-br/acesso-a-informacao/dados-abertos/microdados/censo-escolar,https://download.inep.gov.br/dados_abertos/microdados_censo_escolar_2025_.zip
4109401,Total,2025,internet,Internet,IN_INTERNET,134,135,135,0,99.26,%,INEP,2026-10-06T18:10:05.685489+00:00,https://www.gov.br/inep/pt-br/acesso-a-informacao/dados-abertos/microdados/censo-escolar,https://download.inep.gov.br/dados_abertos/microdados_censo_escolar_2025_.zip
4109401,Total,2025,studentInternet,Internet para alunos,IN_INTERNET_ALUNOS,112,135,135,0,82.96,%,INEP,2026-10-06T18:10:05.685489+00:00,https://www.gov.br/inep/pt-br/acesso-a-informacao/dados-abertos/microdados/censo-escolar,https://download.inep.gov.br/dados_abertos/microdados_censo_escolar_2025_.zip
4109401,Total,2025,broadband,Banda larga,IN_BANDA_LARGA,117,134,135,1,87.31,%,INEP,2026-10-06T18:10:05.685489+00:00,https://www.gov.br/inep/pt-br/acesso-a-informacao/dados-abertos/microdados/censo-escolar,https://download.inep.gov.br/dados_abertos/microdados_censo_escolar_2025_.zip
4109401,Total,2025,computers,Laboratório de informática,IN_LABORATORIO_INFORMATICA,91,135,135,0,67.41,%,INEP,2026-10-06T18:10:05.685489+00:00,https://www.gov.br/inep/pt-br/acesso-a-informacao/dados-abertos/microdados/censo-escolar,https://download.inep.gov.br/dados_abertos/microdados_censo_escolar_2025_.zip
4109401,Total,2025,library,Biblioteca ou sala de leitura,IN_BIBLIOTECA | IN_SALA_LEITURA,93,135,135,0,68.89,%,INEP,2026-10-06T18:10:05.685489+00:00,https://www.gov.br/inep/pt-br/acesso-a-informacao/dados-abertos/microdados/censo-escolar,https://download.inep.gov.br/dados_abertos/microdados_censo_escolar_2025_.zip
4109401,Total,2025,sports,Quadra esportiva,IN_QUADRA_ESPORTES,75,135,135,0,55.56,%,INEP,2026-10-06T18:10:05.685489+00:00,https://www.gov.br/inep/pt-br/acesso-a-informacao/dados-abertos/microdados/censo-escolar,https://download.inep.gov.br/dados_abertos/microdados_censo_escolar_2025_.zip
4109401,Total,2025,accessibility,Recursos de acessibilidade,IN_ACESSIBILIDADE_INEXISTENTE,132,135,135,0,97.78,%,INEP,2026-10-06T18:10:05.685489+00:00,https://www.gov.br/inep/pt-br/acesso-a-informacao/dados-abertos/microdados/censo-escolar,https://download.inep.gov.br/dados_abertos/microdados_censo_escolar_2025_.zip
4109401,Total,2025,food,Alimentação escolar,IN_ALIMENTACAO,107,135,135,0,79.26,%,INEP,2026-10-06T18:10:05.685489+00:00,https://www.gov.br/inep/pt-br/acesso-a-informacao/dados-abertos/microdados/censo-escolar,https://download.inep.gov.br/dados_abertos/microdados_censo_escolar_2025_.zip
4109401,Federal,2025,water,Água potável,IN_AGUA_POTAVEL,0,0,0,0,,%,INEP,2026-10-06T18:10:05.685489+00:00,https://www.gov.br/inep/pt-br/acesso-a-informacao/dados-abertos/microdados/censo-escolar,https://download.inep.gov.br/dados_abertos/microdados_censo_escolar_2025_.zip
4109401,Federal,2025,electricity,Energia da rede pública,IN_ENERGIA_REDE_PUBLICA,0,0,0,0,,%,INEP,2026-10-06T18:10:05.685489+00:00,https://www.gov.br/inep/pt-br/acesso-a-informacao/dados-abertos/microdados/censo-escolar,https://download.inep.gov.br/dados_abertos/microdados_censo_escolar_2025_.zip
4109401,Federal,2025,sewage,Esgoto da rede pública,IN_ESGOTO_REDE_PUBLICA,0,0,0,0,,%,INEP,2026-10-06T18:10:05.685489+00:00,https://www.gov.br/inep/pt-br/acesso-a-informacao/dados-abertos/microdados/censo-escolar,https://download.inep.gov.br/dados_abertos/microdados_censo_escolar_2025_.zip
4109401,Federal,2025,internet,Internet,IN_INTERNET,0,0,0,0,,%,INEP,2026-10-06T18:10:05.685489+00:00,https://www.gov.br/inep/pt-br/acesso-a-informacao/dados-abertos/microdados/censo-escolar,https://download.inep.gov.br/dados_abertos/microdados_censo_escolar_2025_.zip
4109401,Federal,2025,studentInternet,Internet para alunos,IN_INTERNET_ALUNOS,0,0,0,0,,%,INEP,2026-10-06T18:10:05.685489+00:00,https://www.gov.br/inep/pt-br/acesso-a-informacao/dados-abertos/microdados/censo-escolar,https://download.inep.gov.br/dados_abertos/microdados_censo_escolar_2025_.zip
4109401,Federal,2025,broadband,Banda larga,IN_BANDA_LARGA,0,0,0,0,,%,INEP,2026-10-06T18:10:05.685489+00:00,https://www.gov.br/inep/pt-br/acesso-a-informacao/dados-abertos/microdados/censo-escolar,https://download.inep.gov.br/dados_abertos/microdados_censo_escolar_2025_.zip
4109401,Federal,2025,computers,Laboratório de informática,IN_LABORATORIO_INFORMATICA,0,0,0,0,,%,INEP,2026-10-06T18:10:05.685489+00:00,https://www.gov.br/inep/pt-br/acesso-a-informacao/dados-abertos/microdados/censo-escolar,https://download.inep.gov.br/dados_abertos/microdados_censo_escolar_2025_.zip
4109401,Federal,2025,library,Biblioteca ou sala de leitura,IN_BIBLIOTECA | IN_SALA_LEITURA,0,0,0,0,,%,INEP,2026-10-06T18:10:05.685489+00:00,https://www.gov.br/inep/pt-br/acesso-a-informacao/dados-abertos/microdados/censo-escolar,https://download.inep.gov.br/dados_abertos/microdados_censo_escolar_2025_.zip
4109401,Federal,2025,sports,Quadra esportiva,IN_QUADRA_ESPORTES,0,0,0,0,,%,INEP,2026-10-06T18:10:05.685489+00:00,https://www.gov.br/inep/pt-br/acesso-a-informacao/dados-abertos/microdados/censo-escolar,https://download.inep.gov.br/dados_abertos/microdados_censo_escolar_2025_.zip
4109401,Federal,2025,accessibility,Recursos de acessibilidade,IN_ACESSIBILIDADE_INEXISTENTE,0,0,0,0,,%,INEP,2026-10-06T18:10:05.685489+00:00,https://www.gov.br/inep/pt-br/acesso-a-informacao/dados-abertos/microdados/censo-escolar,https://download.inep.gov.br/dados_abertos/microdados_censo_escolar_2025_.zip
4109401,Federal,2025,food,Alimentação escolar,IN_ALIMENTACAO,0,0,0,0,,%,INEP,2026-10-06T18:10:05.685489+00:00,https://www.gov.br/inep/pt-br/acesso-a-informacao/dados-abertos/microdados/censo-escolar,https://download.inep.gov.br/dados_abertos/microdados_censo_escolar_2025_.zip
4109401,Estadual,2025,water,Água potável,IN_AGUA_POTAVEL,29,29,29,0,100.0,%,INEP,2026-10-06T18:10:05.685489+00:00,https://www.gov.br/inep/pt-br/acesso-a-informacao/dados-abertos/microdados/censo-escolar,https://download.inep.gov.br/dados_abertos/microdados_censo_escolar_2025_.zip
4109401,Estadual,2025,electricity,Energia da rede pública,IN_ENERGIA_REDE_PUBLICA,29,29,29,0,100.0,%,INEP,2026-10-06T18:10:05.685489+00:00,https://www.gov.br/inep/pt-br/acesso-a-informacao/dados-abertos/microdados/censo-escolar,https://download.inep.gov.br/dados_abertos/microdados_censo_escolar_2025_.zip
4109401,Estadual,2025,sewage,Esgoto da rede pública,IN_ESGOTO_REDE_PUBLICA,25,29,29,0,86.21,%,INEP,2026-10-06T18:10:05.685489+00:00,https://www.gov.br/inep/pt-br/acesso-a-informacao/dados-abertos/microdados/censo-escolar,https://download.inep.gov.br/dados_abertos/microdados_censo_escolar_2025_.zip
4109401,Estadual,2025,internet,Internet,IN_INTERNET,29,29,29,0,100.0,%,INEP,2026-10-06T18:10:05.685489+00:00,https://www.gov.br/inep/pt-br/acesso-a-informacao/dados-abertos/microdados/censo-escolar,https://download.inep.gov.br/dados_abertos/microdados_censo_escolar_2025_.zip
4109401,Estadual,2025,studentInternet,Internet para alunos,IN_INTERNET_ALUNOS,28,29,29,0,96.55,%,INEP,2026-10-06T18:10:05.685489+00:00,https://www.gov.br/inep/pt-br/acesso-a-informacao/dados-abertos/microdados/censo-escolar,https://download.inep.gov.br/dados_abertos/microdados_censo_escolar_2025_.zip
4109401,Estadual,2025,broadband,Banda larga,IN_BANDA_LARGA,22,29,29,0,75.86,%,INEP,2026-10-06T18:10:05.685489+00:00,https://www.gov.br/inep/pt-br/acesso-a-informacao/dados-abertos/microdados/censo-escolar,https://download.inep.gov.br/dados_abertos/microdados_censo_escolar_2025_.zip
4109401,Estadual,2025,computers,Laboratório de informática,IN_LABORATORIO_INFORMATICA,28,29,29,0,96.55,%,INEP,2026-10-06T18:10:05.685489+00:00,https://www.gov.br/inep/pt-br/acesso-a-informacao/dados-abertos/microdados/censo-escolar,https://download.inep.gov.br/dados_abertos/microdados_censo_escolar_2025_.zip
4109401,Estadual,2025,library,Biblioteca ou sala de leitura,IN_BIBLIOTECA | IN_SALA_LEITURA,27,29,29,0,93.1,%,INEP,2026-10-06T18:10:05.685489+00:00,https://www.gov.br/inep/pt-br/acesso-a-informacao/dados-abertos/microdados/censo-escolar,https://download.inep.gov.br/dados_abertos/microdados_censo_escolar_2025_.zip
4109401,Estadual,2025,sports,Quadra esportiva,IN_QUADRA_ESPORTES,28,29,29,0,96.55,%,INEP,2026-10-06T18:10:05.685489+00:00,https://www.gov.br/inep/pt-br/acesso-a-informacao/dados-abertos/microdados/censo-escolar,https://download.inep.gov.br/dados_abertos/microdados_censo_escolar_2025_.zip
4109401,Estadual,2025,accessibility,Recursos de acessibilidade,IN_ACESSIBILIDADE_INEXISTENTE,29,29,29,0,100.0,%,INEP,2026-10-06T18:10:05.685489+00:00,https://www.gov.br/inep/pt-br/acesso-a-informacao/dados-abertos/microdados/censo-escolar,https://download.inep.gov.br/dados_abertos/microdados_censo_escolar_2025_.zip
4109401,Estadual,2025,food,Alimentação escolar,IN_ALIMENTACAO,29,29,29,0,100.0,%,INEP,2026-10-06T18:10:05.685489+00:00,https://www.gov.br/inep/pt-br/acesso-a-informacao/dados-abertos/microdados/censo-escolar,https://download.inep.gov.br/dados_abertos/microdados_censo_escolar_2025_.zip
4109401,Municipal,2025,water,Água potável,IN_AGUA_POTAVEL,73,73,73,0,100.0,%,INEP,2026-10-06T18:10:05.685489+00:00,https://www.gov.br/inep/pt-br/acesso-a-informacao/dados-abertos/microdados/censo-escolar,https://download.inep.gov.br/dados_abertos/microdados_censo_escolar_2025_.zip
4109401,Municipal,2025,electricity,Energia da rede pública,IN_ENERGIA_REDE_PUBLICA,73,73,73,0,100.0,%,INEP,2026-10-06T18:10:05.685489+00:00,https://www.gov.br/inep/pt-br/acesso-a-informacao/dados-abertos/microdados/censo-escolar,https://download.inep.gov.br/dados_abertos/microdados_censo_escolar_2025_.zip
4109401,Municipal,2025,sewage,Esgoto da rede pública,IN_ESGOTO_REDE_PUBLICA,65,73,73,0,89.04,%,INEP,2026-10-06T18:10:05.685489+00:00,https://www.gov.br/inep/pt-br/acesso-a-informacao/dados-abertos/microdados/censo-escolar,https://download.inep.gov.br/dados_abertos/microdados_censo_escolar_2025_.zip
4109401,Municipal,2025,internet,Internet,IN_INTERNET,73,73,73,0,100.0,%,INEP,2026-10-06T18:10:05.685489+00:00,https://www.gov.br/inep/pt-br/acesso-a-informacao/dados-abertos/microdados/censo-escolar,https://download.inep.gov.br/dados_abertos/microdados_censo_escolar_2025_.zip
4109401,Municipal,2025,studentInternet,Internet para alunos,IN_INTERNET_ALUNOS,64,73,73,0,87.67,%,INEP,2026-10-06T18:10:05.685489+00:00,https://www.gov.br/inep/pt-br/acesso-a-informacao/dados-abertos/microdados/censo-escolar,https://download.inep.gov.br/dados_abertos/microdados_censo_escolar_2025_.zip
4109401,Municipal,2025,broadband,Banda larga,IN_BANDA_LARGA,67,73,73,0,91.78,%,INEP,2026-10-06T18:10:05.685489+00:00,https://www.gov.br/inep/pt-br/acesso-a-informacao/dados-abertos/microdados/censo-escolar,https://download.inep.gov.br/dados_abertos/microdados_censo_escolar_2025_.zip
4109401,Municipal,2025,computers,Laboratório de informática,IN_LABORATORIO_INFORMATICA,47,73,73,0,64.38,%,INEP,2026-10-06T18:10:05.685489+00:00,https://www.gov.br/inep/pt-br/acesso-a-informacao/dados-abertos/microdados/censo-escolar,https://download.inep.gov.br/dados_abertos/microdados_censo_escolar_2025_.zip
4109401,Municipal,2025,library,Biblioteca ou sala de leitura,IN_BIBLIOTECA | IN_SALA_LEITURA,41,73,73,0,56.16,%,INEP,2026-10-06T18:10:05.685489+00:00,https://www.gov.br/inep/pt-br/acesso-a-informacao/dados-abertos/microdados/censo-escolar,https://download.inep.gov.br/dados_abertos/microdados_censo_escolar_2025_.zip
4109401,Municipal,2025,sports,Quadra esportiva,IN_QUADRA_ESPORTES,25,73,73,0,34.25,%,INEP,2026-10-06T18:10:05.685489+00:00,https://www.gov.br/inep/pt-br/acesso-a-informacao/dados-abertos/microdados/censo-escolar,https://download.inep.gov.br/dados_abertos/microdados_censo_escolar_2025_.zip
4109401,Municipal,2025,accessibility,Recursos de acessibilidade,IN_ACESSIBILIDADE_INEXISTENTE,70,73,73,0,95.89,%,INEP,2026-10-06T18:10:05.685489+00:00,https://www.gov.br/inep/pt-br/acesso-a-informacao/dados-abertos/microdados/censo-escolar,https://download.inep.gov.br/dados_abertos/microdados_censo_escolar_2025_.zip
4109401,Municipal,2025,food,Alimentação escolar,IN_ALIMENTACAO,73,73,73,0,100.0,%,INEP,2026-10-06T18:10:05.685489+00:00,https://www.gov.br/inep/pt-br/acesso-a-informacao/dados-abertos/microdados/censo-escolar,https://download.inep.gov.br/dados_abertos/microdados_censo_escolar_2025_.zip
4109401,Privada,2025,water,Água potável,IN_AGUA_POTAVEL,33,33,33,0,100.0,%,INEP,2026-10-06T18:10:05.685489+00:00,https://www.gov.br/inep/pt-br/acesso-a-informacao/dados-abertos/microdados/censo-escolar,https://download.inep.gov.br/dados_abertos/microdados_censo_escolar_2025_.zip
4109401,Privada,2025,electricity,Energia da rede pública,IN_ENERGIA_REDE_PUBLICA,32,33,33,0,96.97,%,INEP,2026-10-06T18:10:05.685489+00:00,https://www.gov.br/inep/pt-br/acesso-a-informacao/dados-abertos/microdados/censo-escolar,https://download.inep.gov.br/dados_abertos/microdados_censo_escolar_2025_.zip
4109401,Privada,2025,sewage,Esgoto da rede pública,IN_ESGOTO_REDE_PUBLICA,31,33,33,0,93.94,%,INEP,2026-10-06T18:10:05.685489+00:00,https://www.gov.br/inep/pt-br/acesso-a-informacao/dados-abertos/microdados/censo-escolar,https://download.inep.gov.br/dados_abertos/microdados_censo_escolar_2025_.zip
4109401,Privada,2025,internet,Internet,IN_INTERNET,32,33,33,0,96.97,%,INEP,2026-10-06T18:10:05.685489+00:00,https://www.gov.br/inep/pt-br/acesso-a-informacao/dados-abertos/microdados/censo-escolar,https://download.inep.gov.br/dados_abertos/microdados_censo_escolar_2025_.zip
4109401,Privada,2025,studentInternet,Internet para alunos,IN_INTERNET_ALUNOS,20,33,33,0,60.61,%,INEP,2026-10-06T18:10:05.685489+00:00,https://www.gov.br/inep/pt-br/acesso-a-informacao/dados-abertos/microdados/censo-escolar,https://download.inep.gov.br/dados_abertos/microdados_censo_escolar_2025_.zip
4109401,Privada,2025,broadband,Banda larga,IN_BANDA_LARGA,28,32,33,1,87.5,%,INEP,2026-10-06T18:10:05.685489+00:00,https://www.gov.br/inep/pt-br/acesso-a-informacao/dados-abertos/microdados/censo-escolar,https://download.inep.gov.br/dados_abertos/microdados_censo_escolar_2025_.zip
4109401,Privada,2025,computers,Laboratório de informática,IN_LABORATORIO_INFORMATICA,16,33,33,0,48.48,%,INEP,2026-10-06T18:10:05.685489+00:00,https://www.gov.br/inep/pt-br/acesso-a-informacao/dados-abertos/microdados/censo-escolar,https://download.inep.gov.br/dados_abertos/microdados_censo_escolar_2025_.zip
4109401,Privada,2025,library,Biblioteca ou sala de leitura,IN_BIBLIOTECA | IN_SALA_LEITURA,25,33,33,0,75.76,%,INEP,2026-10-06T18:10:05.685489+00:00,https://www.gov.br/inep/pt-br/acesso-a-informacao/dados-abertos/microdados/censo-escolar,https://download.inep.gov.br/dados_abertos/microdados_censo_escolar_2025_.zip
4109401,Privada,2025,sports,Quadra esportiva,IN_QUADRA_ESPORTES,22,33,33,0,66.67,%,INEP,2026-10-06T18:10:05.685489+00:00,https://www.gov.br/inep/pt-br/acesso-a-informacao/dados-abertos/microdados/censo-escolar,https://download.inep.gov.br/dados_abertos/microdados_censo_escolar_2025_.zip
4109401,Privada,2025,accessibility,Recursos de acessibilidade,IN_ACESSIBILIDADE_INEXISTENTE,33,33,33,0,100.0,%,INEP,2026-10-06T18:10:05.685489+00:00,https://www.gov.br/inep/pt-br/acesso-a-informacao/dados-abertos/microdados/censo-escolar,https://download.inep.gov.br/dados_abertos/microdados_censo_escolar_2025_.zip
4109401,Privada,2025,food,Alimentação escolar,IN_ALIMENTACAO,5,33,33,0,15.15,%,INEP,2026-10-06T18:10:05.685489+00:00,https://www.gov.br/inep/pt-br/acesso-a-informacao/dados-abertos/microdados/censo-escolar,https://download.inep.gov.br/dados_abertos/microdados_censo_escolar_2025_.zip
4119608,Total,2025,water,Água potável,IN_AGUA_POTAVEL,38,38,38,0,100.0,%,INEP,2026-10-06T18:10:05.685489+00:00,https://www.gov.br/inep/pt-br/acesso-a-informacao/dados-abertos/microdados/censo-escolar,https://download.inep.gov.br/dados_abertos/microdados_censo_escolar_2025_.zip
4119608,Total,2025,electricity,Energia da rede pública,IN_ENERGIA_REDE_PUBLICA,38,38,38,0,100.0,%,INEP,2026-10-06T18:10:05.685489+00:00,https://www.gov.br/inep/pt-br/acesso-a-informacao/dados-abertos/microdados/censo-escolar,https://download.inep.gov.br/dados_abertos/microdados_censo_escolar_2025_.zip
4119608,Total,2025,sewage,Esgoto da rede pública,IN_ESGOTO_REDE_PUBLICA,21,38,38,0,55.26,%,INEP,2026-10-06T18:10:05.685489+00:00,https://www.gov.br/inep/pt-br/acesso-a-informacao/dados-abertos/microdados/censo-escolar,https://download.inep.gov.br/dados_abertos/microdados_censo_escolar_2025_.zip
4119608,Total,2025,internet,Internet,IN_INTERNET,38,38,38,0,100.0,%,INEP,2026-10-06T18:10:05.685489+00:00,https://www.gov.br/inep/pt-br/acesso-a-informacao/dados-abertos/microdados/censo-escolar,https://download.inep.gov.br/dados_abertos/microdados_censo_escolar_2025_.zip
4119608,Total,2025,studentInternet,Internet para alunos,IN_INTERNET_ALUNOS,24,38,38,0,63.16,%,INEP,2026-10-06T18:10:05.685489+00:00,https://www.gov.br/inep/pt-br/acesso-a-informacao/dados-abertos/microdados/censo-escolar,https://download.inep.gov.br/dados_abertos/microdados_censo_escolar_2025_.zip
4119608,Total,2025,broadband,Banda larga,IN_BANDA_LARGA,38,38,38,0,100.0,%,INEP,2026-10-06T18:10:05.685489+00:00,https://www.gov.br/inep/pt-br/acesso-a-informacao/dados-abertos/microdados/censo-escolar,https://download.inep.gov.br/dados_abertos/microdados_censo_escolar_2025_.zip
4119608,Total,2025,computers,Laboratório de informática,IN_LABORATORIO_INFORMATICA,20,38,38,0,52.63,%,INEP,2026-10-06T18:10:05.685489+00:00,https://www.gov.br/inep/pt-br/acesso-a-informacao/dados-abertos/microdados/censo-escolar,https://download.inep.gov.br/dados_abertos/microdados_censo_escolar_2025_.zip
4119608,Total,2025,library,Biblioteca ou sala de leitura,IN_BIBLIOTECA | IN_SALA_LEITURA,17,38,38,0,44.74,%,INEP,2026-10-06T18:10:05.685489+00:00,https://www.gov.br/inep/pt-br/acesso-a-informacao/dados-abertos/microdados/censo-escolar,https://download.inep.gov.br/dados_abertos/microdados_censo_escolar_2025_.zip
4119608,Total,2025,sports,Quadra esportiva,IN_QUADRA_ESPORTES,28,38,38,0,73.68,%,INEP,2026-10-06T18:10:05.685489+00:00,https://www.gov.br/inep/pt-br/acesso-a-informacao/dados-abertos/microdados/censo-escolar,https://download.inep.gov.br/dados_abertos/microdados_censo_escolar_2025_.zip
4119608,Total,2025,accessibility,Recursos de acessibilidade,IN_ACESSIBILIDADE_INEXISTENTE,37,38,38,0,97.37,%,INEP,2026-10-06T18:10:05.685489+00:00,https://www.gov.br/inep/pt-br/acesso-a-informacao/dados-abertos/microdados/censo-escolar,https://download.inep.gov.br/dados_abertos/microdados_censo_escolar_2025_.zip
4119608,Total,2025,food,Alimentação escolar,IN_ALIMENTACAO,35,38,38,0,92.11,%,INEP,2026-10-06T18:10:05.685489+00:00,https://www.gov.br/inep/pt-br/acesso-a-informacao/dados-abertos/microdados/censo-escolar,https://download.inep.gov.br/dados_abertos/microdados_censo_escolar_2025_.zip
4119608,Federal,2025,water,Água potável,IN_AGUA_POTAVEL,1,1,1,0,100.0,%,INEP,2026-10-06T18:10:05.685489+00:00,https://www.gov.br/inep/pt-br/acesso-a-informacao/dados-abertos/microdados/censo-escolar,https://download.inep.gov.br/dados_abertos/microdados_censo_escolar_2025_.zip
4119608,Federal,2025,electricity,Energia da rede pública,IN_ENERGIA_REDE_PUBLICA,1,1,1,0,100.0,%,INEP,2026-10-06T18:10:05.685489+00:00,https://www.gov.br/inep/pt-br/acesso-a-informacao/dados-abertos/microdados/censo-escolar,https://download.inep.gov.br/dados_abertos/microdados_censo_escolar_2025_.zip
4119608,Federal,2025,sewage,Esgoto da rede pública,IN_ESGOTO_REDE_PUBLICA,1,1,1,0,100.0,%,INEP,2026-10-06T18:10:05.685489+00:00,https://www.gov.br/inep/pt-br/acesso-a-informacao/dados-abertos/microdados/censo-escolar,https://download.inep.gov.br/dados_abertos/microdados_censo_escolar_2025_.zip
4119608,Federal,2025,internet,Internet,IN_INTERNET,1,1,1,0,100.0,%,INEP,2026-10-06T18:10:05.685489+00:00,https://www.gov.br/inep/pt-br/acesso-a-informacao/dados-abertos/microdados/censo-escolar,https://download.inep.gov.br/dados_abertos/microdados_censo_escolar_2025_.zip
4119608,Federal,2025,studentInternet,Internet para alunos,IN_INTERNET_ALUNOS,1,1,1,0,100.0,%,INEP,2026-10-06T18:10:05.685489+00:00,https://www.gov.br/inep/pt-br/acesso-a-informacao/dados-abertos/microdados/censo-escolar,https://download.inep.gov.br/dados_abertos/microdados_censo_escolar_2025_.zip
4119608,Federal,2025,broadband,Banda larga,IN_BANDA_LARGA,1,1,1,0,100.0,%,INEP,2026-10-06T18:10:05.685489+00:00,https://www.gov.br/inep/pt-br/acesso-a-informacao/dados-abertos/microdados/censo-escolar,https://download.inep.gov.br/dados_abertos/microdados_censo_escolar_2025_.zip
4119608,Federal,2025,computers,Laboratório de informática,IN_LABORATORIO_INFORMATICA,1,1,1,0,100.0,%,INEP,2026-10-06T18:10:05.685489+00:00,https://www.gov.br/inep/pt-br/acesso-a-informacao/dados-abertos/microdados/censo-escolar,https://download.inep.gov.br/dados_abertos/microdados_censo_escolar_2025_.zip
4119608,Federal,2025,library,Biblioteca ou sala de leitura,IN_BIBLIOTECA | IN_SALA_LEITURA,1,1,1,0,100.0,%,INEP,2026-10-06T18:10:05.685489+00:00,https://www.gov.br/inep/pt-br/acesso-a-informacao/dados-abertos/microdados/censo-escolar,https://download.inep.gov.br/dados_abertos/microdados_censo_escolar_2025_.zip
4119608,Federal,2025,sports,Quadra esportiva,IN_QUADRA_ESPORTES,0,1,1,0,0.0,%,INEP,2026-10-06T18:10:05.685489+00:00,https://www.gov.br/inep/pt-br/acesso-a-informacao/dados-abertos/microdados/censo-escolar,https://download.inep.gov.br/dados_abertos/microdados_censo_escolar_2025_.zip
4119608,Federal,2025,accessibility,Recursos de acessibilidade,IN_ACESSIBILIDADE_INEXISTENTE,1,1,1,0,100.0,%,INEP,2026-10-06T18:10:05.685489+00:00,https://www.gov.br/inep/pt-br/acesso-a-informacao/dados-abertos/microdados/censo-escolar,https://download.inep.gov.br/dados_abertos/microdados_censo_escolar_2025_.zip
4119608,Federal,2025,food,Alimentação escolar,IN_ALIMENTACAO,0,1,1,0,0.0,%,INEP,2026-10-06T18:10:05.685489+00:00,https://www.gov.br/inep/pt-br/acesso-a-informacao/dados-abertos/microdados/censo-escolar,https://download.inep.gov.br/dados_abertos/microdados_censo_escolar_2025_.zip
4119608,Estadual,2025,water,Água potável,IN_AGUA_POTAVEL,12,12,12,0,100.0,%,INEP,2026-10-06T18:10:05.685489+00:00,https://www.gov.br/inep/pt-br/acesso-a-informacao/dados-abertos/microdados/censo-escolar,https://download.inep.gov.br/dados_abertos/microdados_censo_escolar_2025_.zip
4119608,Estadual,2025,electricity,Energia da rede pública,IN_ENERGIA_REDE_PUBLICA,12,12,12,0,100.0,%,INEP,2026-10-06T18:10:05.685489+00:00,https://www.gov.br/inep/pt-br/acesso-a-informacao/dados-abertos/microdados/censo-escolar,https://download.inep.gov.br/dados_abertos/microdados_censo_escolar_2025_.zip
4119608,Estadual,2025,sewage,Esgoto da rede pública,IN_ESGOTO_REDE_PUBLICA,6,12,12,0,50.0,%,INEP,2026-10-06T18:10:05.685489+00:00,https://www.gov.br/inep/pt-br/acesso-a-informacao/dados-abertos/microdados/censo-escolar,https://download.inep.gov.br/dados_abertos/microdados_censo_escolar_2025_.zip
4119608,Estadual,2025,internet,Internet,IN_INTERNET,12,12,12,0,100.0,%,INEP,2026-10-06T18:10:05.685489+00:00,https://www.gov.br/inep/pt-br/acesso-a-informacao/dados-abertos/microdados/censo-escolar,https://download.inep.gov.br/dados_abertos/microdados_censo_escolar_2025_.zip
4119608,Estadual,2025,studentInternet,Internet para alunos,IN_INTERNET_ALUNOS,12,12,12,0,100.0,%,INEP,2026-10-06T18:10:05.685489+00:00,https://www.gov.br/inep/pt-br/acesso-a-informacao/dados-abertos/microdados/censo-escolar,https://download.inep.gov.br/dados_abertos/microdados_censo_escolar_2025_.zip
4119608,Estadual,2025,broadband,Banda larga,IN_BANDA_LARGA,12,12,12,0,100.0,%,INEP,2026-10-06T18:10:05.685489+00:00,https://www.gov.br/inep/pt-br/acesso-a-informacao/dados-abertos/microdados/censo-escolar,https://download.inep.gov.br/dados_abertos/microdados_censo_escolar_2025_.zip
4119608,Estadual,2025,computers,Laboratório de informática,IN_LABORATORIO_INFORMATICA,12,12,12,0,100.0,%,INEP,2026-10-06T18:10:05.685489+00:00,https://www.gov.br/inep/pt-br/acesso-a-informacao/dados-abertos/microdados/censo-escolar,https://download.inep.gov.br/dados_abertos/microdados_censo_escolar_2025_.zip
4119608,Estadual,2025,library,Biblioteca ou sala de leitura,IN_BIBLIOTECA | IN_SALA_LEITURA,10,12,12,0,83.33,%,INEP,2026-10-06T18:10:05.685489+00:00,https://www.gov.br/inep/pt-br/acesso-a-informacao/dados-abertos/microdados/censo-escolar,https://download.inep.gov.br/dados_abertos/microdados_censo_escolar_2025_.zip
4119608,Estadual,2025,sports,Quadra esportiva,IN_QUADRA_ESPORTES,12,12,12,0,100.0,%,INEP,2026-10-06T18:10:05.685489+00:00,https://www.gov.br/inep/pt-br/acesso-a-informacao/dados-abertos/microdados/censo-escolar,https://download.inep.gov.br/dados_abertos/microdados_censo_escolar_2025_.zip
4119608,Estadual,2025,accessibility,Recursos de acessibilidade,IN_ACESSIBILIDADE_INEXISTENTE,11,12,12,0,91.67,%,INEP,2026-10-06T18:10:05.685489+00:00,https://www.gov.br/inep/pt-br/acesso-a-informacao/dados-abertos/microdados/censo-escolar,https://download.inep.gov.br/dados_abertos/microdados_censo_escolar_2025_.zip
4119608,Estadual,2025,food,Alimentação escolar,IN_ALIMENTACAO,12,12,12,0,100.0,%,INEP,2026-10-06T18:10:05.685489+00:00,https://www.gov.br/inep/pt-br/acesso-a-informacao/dados-abertos/microdados/censo-escolar,https://download.inep.gov.br/dados_abertos/microdados_censo_escolar_2025_.zip
4119608,Municipal,2025,water,Água potável,IN_AGUA_POTAVEL,22,22,22,0,100.0,%,INEP,2026-10-06T18:10:05.685489+00:00,https://www.gov.br/inep/pt-br/acesso-a-informacao/dados-abertos/microdados/censo-escolar,https://download.inep.gov.br/dados_abertos/microdados_censo_escolar_2025_.zip
4119608,Municipal,2025,electricity,Energia da rede pública,IN_ENERGIA_REDE_PUBLICA,22,22,22,0,100.0,%,INEP,2026-10-06T18:10:05.685489+00:00,https://www.gov.br/inep/pt-br/acesso-a-informacao/dados-abertos/microdados/censo-escolar,https://download.inep.gov.br/dados_abertos/microdados_censo_escolar_2025_.zip
4119608,Municipal,2025,sewage,Esgoto da rede pública,IN_ESGOTO_REDE_PUBLICA,11,22,22,0,50.0,%,INEP,2026-10-06T18:10:05.685489+00:00,https://www.gov.br/inep/pt-br/acesso-a-informacao/dados-abertos/microdados/censo-escolar,https://download.inep.gov.br/dados_abertos/microdados_censo_escolar_2025_.zip
4119608,Municipal,2025,internet,Internet,IN_INTERNET,22,22,22,0,100.0,%,INEP,2026-10-06T18:10:05.685489+00:00,https://www.gov.br/inep/pt-br/acesso-a-informacao/dados-abertos/microdados/censo-escolar,https://download.inep.gov.br/dados_abertos/microdados_censo_escolar_2025_.zip
4119608,Municipal,2025,studentInternet,Internet para alunos,IN_INTERNET_ALUNOS,9,22,22,0,40.91,%,INEP,2026-10-06T18:10:05.685489+00:00,https://www.gov.br/inep/pt-br/acesso-a-informacao/dados-abertos/microdados/censo-escolar,https://download.inep.gov.br/dados_abertos/microdados_censo_escolar_2025_.zip
4119608,Municipal,2025,broadband,Banda larga,IN_BANDA_LARGA,22,22,22,0,100.0,%,INEP,2026-10-06T18:10:05.685489+00:00,https://www.gov.br/inep/pt-br/acesso-a-informacao/dados-abertos/microdados/censo-escolar,https://download.inep.gov.br/dados_abertos/microdados_censo_escolar_2025_.zip
4119608,Municipal,2025,computers,Laboratório de informática,IN_LABORATORIO_INFORMATICA,5,22,22,0,22.73,%,INEP,2026-10-06T18:10:05.685489+00:00,https://www.gov.br/inep/pt-br/acesso-a-informacao/dados-abertos/microdados/censo-escolar,https://download.inep.gov.br/dados_abertos/microdados_censo_escolar_2025_.zip
4119608,Municipal,2025,library,Biblioteca ou sala de leitura,IN_BIBLIOTECA | IN_SALA_LEITURA,3,22,22,0,13.64,%,INEP,2026-10-06T18:10:05.685489+00:00,https://www.gov.br/inep/pt-br/acesso-a-informacao/dados-abertos/microdados/censo-escolar,https://download.inep.gov.br/dados_abertos/microdados_censo_escolar_2025_.zip
4119608,Municipal,2025,sports,Quadra esportiva,IN_QUADRA_ESPORTES,13,22,22,0,59.09,%,INEP,2026-10-06T18:10:05.685489+00:00,https://www.gov.br/inep/pt-br/acesso-a-informacao/dados-abertos/microdados/censo-escolar,https://download.inep.gov.br/dados_abertos/microdados_censo_escolar_2025_.zip
4119608,Municipal,2025,accessibility,Recursos de acessibilidade,IN_ACESSIBILIDADE_INEXISTENTE,22,22,22,0,100.0,%,INEP,2026-10-06T18:10:05.685489+00:00,https://www.gov.br/inep/pt-br/acesso-a-informacao/dados-abertos/microdados/censo-escolar,https://download.inep.gov.br/dados_abertos/microdados_censo_escolar_2025_.zip
4119608,Municipal,2025,food,Alimentação escolar,IN_ALIMENTACAO,22,22,22,0,100.0,%,INEP,2026-10-06T18:10:05.685489+00:00,https://www.gov.br/inep/pt-br/acesso-a-informacao/dados-abertos/microdados/censo-escolar,https://download.inep.gov.br/dados_abertos/microdados_censo_escolar_2025_.zip
4119608,Privada,2025,water,Água potável,IN_AGUA_POTAVEL,3,3,3,0,100.0,%,INEP,2026-10-06T18:10:05.685489+00:00,https://www.gov.br/inep/pt-br/acesso-a-informacao/dados-abertos/microdados/censo-escolar,https://download.inep.gov.br/dados_abertos/microdados_censo_escolar_2025_.zip
4119608,Privada,2025,electricity,Energia da rede pública,IN_ENERGIA_REDE_PUBLICA,3,3,3,0,100.0,%,INEP,2026-10-06T18:10:05.685489+00:00,https://www.gov.br/inep/pt-br/acesso-a-informacao/dados-abertos/microdados/censo-escolar,https://download.inep.gov.br/dados_abertos/microdados_censo_escolar_2025_.zip
4119608,Privada,2025,sewage,Esgoto da rede pública,IN_ESGOTO_REDE_PUBLICA,3,3,3,0,100.0,%,INEP,2026-10-06T18:10:05.685489+00:00,https://www.gov.br/inep/pt-br/acesso-a-informacao/dados-abertos/microdados/censo-escolar,https://download.inep.gov.br/dados_abertos/microdados_censo_escolar_2025_.zip
4119608,Privada,2025,internet,Internet,IN_INTERNET,3,3,3,0,100.0,%,INEP,2026-10-06T18:10:05.685489+00:00,https://www.gov.br/inep/pt-br/acesso-a-informacao/dados-abertos/microdados/censo-escolar,https://download.inep.gov.br/dados_abertos/microdados_censo_escolar_2025_.zip
4119608,Privada,2025,studentInternet,Internet para alunos,IN_INTERNET_ALUNOS,2,3,3,0,66.67,%,INEP,2026-10-06T18:10:05.685489+00:00,https://www.gov.br/inep/pt-br/acesso-a-informacao/dados-abertos/microdados/censo-escolar,https://download.inep.gov.br/dados_abertos/microdados_censo_escolar_2025_.zip
4119608,Privada,2025,broadband,Banda larga,IN_BANDA_LARGA,3,3,3,0,100.0,%,INEP,2026-10-06T18:10:05.685489+00:00,https://www.gov.br/inep/pt-br/acesso-a-informacao/dados-abertos/microdados/censo-escolar,https://download.inep.gov.br/dados_abertos/microdados_censo_escolar_2025_.zip
4119608,Privada,2025,computers,Laboratório de informática,IN_LABORATORIO_INFORMATICA,2,3,3,0,66.67,%,INEP,2026-10-06T18:10:05.685489+00:00,https://www.gov.br/inep/pt-br/acesso-a-informacao/dados-abertos/microdados/censo-escolar,https://download.inep.gov.br/dados_abertos/microdados_censo_escolar_2025_.zip
4119608,Privada,2025,library,Biblioteca ou sala de leitura,IN_BIBLIOTECA | IN_SALA_LEITURA,3,3,3,0,100.0,%,INEP,2026-10-06T18:10:05.685489+00:00,https://www.gov.br/inep/pt-br/acesso-a-informacao/dados-abertos/microdados/censo-escolar,https://download.inep.gov.br/dados_abertos/microdados_censo_escolar_2025_.zip
4119608,Privada,2025,sports,Quadra esportiva,IN_QUADRA_ESPORTES,3,3,3,0,100.0,%,INEP,2026-10-06T18:10:05.685489+00:00,https://www.gov.br/inep/pt-br/acesso-a-informacao/dados-abertos/microdados/censo-escolar,https://download.inep.gov.br/dados_abertos/microdados_censo_escolar_2025_.zip
4119608,Privada,2025,accessibility,Recursos de acessibilidade,IN_ACESSIBILIDADE_INEXISTENTE,3,3,3,0,100.0,%,INEP,2026-10-06T18:10:05.685489+00:00,https://www.gov.br/inep/pt-br/acesso-a-informacao/dados-abertos/microdados/censo-escolar,https://download.inep.gov.br/dados_abertos/microdados_censo_escolar_2025_.zip
4119608,Privada,2025,food,Alimentação escolar,IN_ALIMENTACAO,1,3,3,0,33.33,%,INEP,2026-10-06T18:10:05.685489+00:00,https://www.gov.br/inep/pt-br/acesso-a-informacao/dados-abertos/microdados/censo-escolar,https://download.inep.gov.br/dados_abertos/microdados_censo_escolar_2025_.zip
4113254,Total,2025,water,Água potável,IN_AGUA_POTAVEL,9,9,9,0,100.0,%,INEP,2026-10-06T18:10:05.685489+00:00,https://www.gov.br/inep/pt-br/acesso-a-informacao/dados-abertos/microdados/censo-escolar,https://download.inep.gov.br/dados_abertos/microdados_censo_escolar_2025_.zip
4113254,Total,2025,electricity,Energia da rede pública,IN_ENERGIA_REDE_PUBLICA,9,9,9,0,100.0,%,INEP,2026-10-06T18:10:05.685489+00:00,https://www.gov.br/inep/pt-br/acesso-a-informacao/dados-abertos/microdados/censo-escolar,https://download.inep.gov.br/dados_abertos/microdados_censo_escolar_2025_.zip
4113254,Total,2025,sewage,Esgoto da rede pública,IN_ESGOTO_REDE_PUBLICA,2,9,9,0,22.22,%,INEP,2026-10-06T18:10:05.685489+00:00,https://www.gov.br/inep/pt-br/acesso-a-informacao/dados-abertos/microdados/censo-escolar,https://download.inep.gov.br/dados_abertos/microdados_censo_escolar_2025_.zip
4113254,Total,2025,internet,Internet,IN_INTERNET,9,9,9,0,100.0,%,INEP,2026-10-06T18:10:05.685489+00:00,https://www.gov.br/inep/pt-br/acesso-a-informacao/dados-abertos/microdados/censo-escolar,https://download.inep.gov.br/dados_abertos/microdados_censo_escolar_2025_.zip
4113254,Total,2025,studentInternet,Internet para alunos,IN_INTERNET_ALUNOS,4,9,9,0,44.44,%,INEP,2026-10-06T18:10:05.685489+00:00,https://www.gov.br/inep/pt-br/acesso-a-informacao/dados-abertos/microdados/censo-escolar,https://download.inep.gov.br/dados_abertos/microdados_censo_escolar_2025_.zip
4113254,Total,2025,broadband,Banda larga,IN_BANDA_LARGA,9,9,9,0,100.0,%,INEP,2026-10-06T18:10:05.685489+00:00,https://www.gov.br/inep/pt-br/acesso-a-informacao/dados-abertos/microdados/censo-escolar,https://download.inep.gov.br/dados_abertos/microdados_censo_escolar_2025_.zip
4113254,Total,2025,computers,Laboratório de informática,IN_LABORATORIO_INFORMATICA,3,9,9,0,33.33,%,INEP,2026-10-06T18:10:05.685489+00:00,https://www.gov.br/inep/pt-br/acesso-a-informacao/dados-abertos/microdados/censo-escolar,https://download.inep.gov.br/dados_abertos/microdados_censo_escolar_2025_.zip
4113254,Total,2025,library,Biblioteca ou sala de leitura,IN_BIBLIOTECA | IN_SALA_LEITURA,4,9,9,0,44.44,%,INEP,2026-10-06T18:10:05.685489+00:00,https://www.gov.br/inep/pt-br/acesso-a-informacao/dados-abertos/microdados/censo-escolar,https://download.inep.gov.br/dados_abertos/microdados_censo_escolar_2025_.zip
4113254,Total,2025,sports,Quadra esportiva,IN_QUADRA_ESPORTES,4,9,9,0,44.44,%,INEP,2026-10-06T18:10:05.685489+00:00,https://www.gov.br/inep/pt-br/acesso-a-informacao/dados-abertos/microdados/censo-escolar,https://download.inep.gov.br/dados_abertos/microdados_censo_escolar_2025_.zip
4113254,Total,2025,accessibility,Recursos de acessibilidade,IN_ACESSIBILIDADE_INEXISTENTE,5,9,9,0,55.56,%,INEP,2026-10-06T18:10:05.685489+00:00,https://www.gov.br/inep/pt-br/acesso-a-informacao/dados-abertos/microdados/censo-escolar,https://download.inep.gov.br/dados_abertos/microdados_censo_escolar_2025_.zip
4113254,Total,2025,food,Alimentação escolar,IN_ALIMENTACAO,9,9,9,0,100.0,%,INEP,2026-10-06T18:10:05.685489+00:00,https://www.gov.br/inep/pt-br/acesso-a-informacao/dados-abertos/microdados/censo-escolar,https://download.inep.gov.br/dados_abertos/microdados_censo_escolar_2025_.zip
4113254,Federal,2025,water,Água potável,IN_AGUA_POTAVEL,0,0,0,0,,%,INEP,2026-10-06T18:10:05.685489+00:00,https://www.gov.br/inep/pt-br/acesso-a-informacao/dados-abertos/microdados/censo-escolar,https://download.inep.gov.br/dados_abertos/microdados_censo_escolar_2025_.zip
4113254,Federal,2025,electricity,Energia da rede pública,IN_ENERGIA_REDE_PUBLICA,0,0,0,0,,%,INEP,2026-10-06T18:10:05.685489+00:00,https://www.gov.br/inep/pt-br/acesso-a-informacao/dados-abertos/microdados/censo-escolar,https://download.inep.gov.br/dados_abertos/microdados_censo_escolar_2025_.zip
4113254,Federal,2025,sewage,Esgoto da rede pública,IN_ESGOTO_REDE_PUBLICA,0,0,0,0,,%,INEP,2026-10-06T18:10:05.685489+00:00,https://www.gov.br/inep/pt-br/acesso-a-informacao/dados-abertos/microdados/censo-escolar,https://download.inep.gov.br/dados_abertos/microdados_censo_escolar_2025_.zip
4113254,Federal,2025,internet,Internet,IN_INTERNET,0,0,0,0,,%,INEP,2026-10-06T18:10:05.685489+00:00,https://www.gov.br/inep/pt-br/acesso-a-informacao/dados-abertos/microdados/censo-escolar,https://download.inep.gov.br/dados_abertos/microdados_censo_escolar_2025_.zip
4113254,Federal,2025,studentInternet,Internet para alunos,IN_INTERNET_ALUNOS,0,0,0,0,,%,INEP,2026-10-06T18:10:05.685489+00:00,https://www.gov.br/inep/pt-br/acesso-a-informacao/dados-abertos/microdados/censo-escolar,https://download.inep.gov.br/dados_abertos/microdados_censo_escolar_2025_.zip
4113254,Federal,2025,broadband,Banda larga,IN_BANDA_LARGA,0,0,0,0,,%,INEP,2026-10-06T18:10:05.685489+00:00,https://www.gov.br/inep/pt-br/acesso-a-informacao/dados-abertos/microdados/censo-escolar,https://download.inep.gov.br/dados_abertos/microdados_censo_escolar_2025_.zip
4113254,Federal,2025,computers,Laboratório de informática,IN_LABORATORIO_INFORMATICA,0,0,0,0,,%,INEP,2026-10-06T18:10:05.685489+00:00,https://www.gov.br/inep/pt-br/acesso-a-informacao/dados-abertos/microdados/censo-escolar,https://download.inep.gov.br/dados_abertos/microdados_censo_escolar_2025_.zip
4113254,Federal,2025,library,Biblioteca ou sala de leitura,IN_BIBLIOTECA | IN_SALA_LEITURA,0,0,0,0,,%,INEP,2026-10-06T18:10:05.685489+00:00,https://www.gov.br/inep/pt-br/acesso-a-informacao/dados-abertos/microdados/censo-escolar,https://download.inep.gov.br/dados_abertos/microdados_censo_escolar_2025_.zip
4113254,Federal,2025,sports,Quadra esportiva,IN_QUADRA_ESPORTES,0,0,0,0,,%,INEP,2026-10-06T18:10:05.685489+00:00,https://www.gov.br/inep/pt-br/acesso-a-informacao/dados-abertos/microdados/censo-escolar,https://download.inep.gov.br/dados_abertos/microdados_censo_escolar_2025_.zip
4113254,Federal,2025,accessibility,Recursos de acessibilidade,IN_ACESSIBILIDADE_INEXISTENTE,0,0,0,0,,%,INEP,2026-10-06T18:10:05.685489+00:00,https://www.gov.br/inep/pt-br/acesso-a-informacao/dados-abertos/microdados/censo-escolar,https://download.inep.gov.br/dados_abertos/microdados_censo_escolar_2025_.zip
4113254,Federal,2025,food,Alimentação escolar,IN_ALIMENTACAO,0,0,0,0,,%,INEP,2026-10-06T18:10:05.685489+00:00,https://www.gov.br/inep/pt-br/acesso-a-informacao/dados-abertos/microdados/censo-escolar,https://download.inep.gov.br/dados_abertos/microdados_censo_escolar_2025_.zip
4113254,Estadual,2025,water,Água potável,IN_AGUA_POTAVEL,3,3,3,0,100.0,%,INEP,2026-10-06T18:10:05.685489+00:00,https://www.gov.br/inep/pt-br/acesso-a-informacao/dados-abertos/microdados/censo-escolar,https://download.inep.gov.br/dados_abertos/microdados_censo_escolar_2025_.zip
4113254,Estadual,2025,electricity,Energia da rede pública,IN_ENERGIA_REDE_PUBLICA,3,3,3,0,100.0,%,INEP,2026-10-06T18:10:05.685489+00:00,https://www.gov.br/inep/pt-br/acesso-a-informacao/dados-abertos/microdados/censo-escolar,https://download.inep.gov.br/dados_abertos/microdados_censo_escolar_2025_.zip
4113254,Estadual,2025,sewage,Esgoto da rede pública,IN_ESGOTO_REDE_PUBLICA,0,3,3,0,0.0,%,INEP,2026-10-06T18:10:05.685489+00:00,https://www.gov.br/inep/pt-br/acesso-a-informacao/dados-abertos/microdados/censo-escolar,https://download.inep.gov.br/dados_abertos/microdados_censo_escolar_2025_.zip
4113254,Estadual,2025,internet,Internet,IN_INTERNET,3,3,3,0,100.0,%,INEP,2026-10-06T18:10:05.685489+00:00,https://www.gov.br/inep/pt-br/acesso-a-informacao/dados-abertos/microdados/censo-escolar,https://download.inep.gov.br/dados_abertos/microdados_censo_escolar_2025_.zip
4113254,Estadual,2025,studentInternet,Internet para alunos,IN_INTERNET_ALUNOS,3,3,3,0,100.0,%,INEP,2026-10-06T18:10:05.685489+00:00,https://www.gov.br/inep/pt-br/acesso-a-informacao/dados-abertos/microdados/censo-escolar,https://download.inep.gov.br/dados_abertos/microdados_censo_escolar_2025_.zip
4113254,Estadual,2025,broadband,Banda larga,IN_BANDA_LARGA,3,3,3,0,100.0,%,INEP,2026-10-06T18:10:05.685489+00:00,https://www.gov.br/inep/pt-br/acesso-a-informacao/dados-abertos/microdados/censo-escolar,https://download.inep.gov.br/dados_abertos/microdados_censo_escolar_2025_.zip
4113254,Estadual,2025,computers,Laboratório de informática,IN_LABORATORIO_INFORMATICA,3,3,3,0,100.0,%,INEP,2026-10-06T18:10:05.685489+00:00,https://www.gov.br/inep/pt-br/acesso-a-informacao/dados-abertos/microdados/censo-escolar,https://download.inep.gov.br/dados_abertos/microdados_censo_escolar_2025_.zip
4113254,Estadual,2025,library,Biblioteca ou sala de leitura,IN_BIBLIOTECA | IN_SALA_LEITURA,2,3,3,0,66.67,%,INEP,2026-10-06T18:10:05.685489+00:00,https://www.gov.br/inep/pt-br/acesso-a-informacao/dados-abertos/microdados/censo-escolar,https://download.inep.gov.br/dados_abertos/microdados_censo_escolar_2025_.zip
4113254,Estadual,2025,sports,Quadra esportiva,IN_QUADRA_ESPORTES,2,3,3,0,66.67,%,INEP,2026-10-06T18:10:05.685489+00:00,https://www.gov.br/inep/pt-br/acesso-a-informacao/dados-abertos/microdados/censo-escolar,https://download.inep.gov.br/dados_abertos/microdados_censo_escolar_2025_.zip
4113254,Estadual,2025,accessibility,Recursos de acessibilidade,IN_ACESSIBILIDADE_INEXISTENTE,2,3,3,0,66.67,%,INEP,2026-10-06T18:10:05.685489+00:00,https://www.gov.br/inep/pt-br/acesso-a-informacao/dados-abertos/microdados/censo-escolar,https://download.inep.gov.br/dados_abertos/microdados_censo_escolar_2025_.zip
4113254,Estadual,2025,food,Alimentação escolar,IN_ALIMENTACAO,3,3,3,0,100.0,%,INEP,2026-10-06T18:10:05.685489+00:00,https://www.gov.br/inep/pt-br/acesso-a-informacao/dados-abertos/microdados/censo-escolar,https://download.inep.gov.br/dados_abertos/microdados_censo_escolar_2025_.zip
4113254,Municipal,2025,water,Água potável,IN_AGUA_POTAVEL,5,5,5,0,100.0,%,INEP,2026-10-06T18:10:05.685489+00:00,https://www.gov.br/inep/pt-br/acesso-a-informacao/dados-abertos/microdados/censo-escolar,https://download.inep.gov.br/dados_abertos/microdados_censo_escolar_2025_.zip
4113254,Municipal,2025,electricity,Energia da rede pública,IN_ENERGIA_REDE_PUBLICA,5,5,5,0,100.0,%,INEP,2026-10-06T18:10:05.685489+00:00,https://www.gov.br/inep/pt-br/acesso-a-informacao/dados-abertos/microdados/censo-escolar,https://download.inep.gov.br/dados_abertos/microdados_censo_escolar_2025_.zip
4113254,Municipal,2025,sewage,Esgoto da rede pública,IN_ESGOTO_REDE_PUBLICA,1,5,5,0,20.0,%,INEP,2026-10-06T18:10:05.685489+00:00,https://www.gov.br/inep/pt-br/acesso-a-informacao/dados-abertos/microdados/censo-escolar,https://download.inep.gov.br/dados_abertos/microdados_censo_escolar_2025_.zip
4113254,Municipal,2025,internet,Internet,IN_INTERNET,5,5,5,0,100.0,%,INEP,2026-10-06T18:10:05.685489+00:00,https://www.gov.br/inep/pt-br/acesso-a-informacao/dados-abertos/microdados/censo-escolar,https://download.inep.gov.br/dados_abertos/microdados_censo_escolar_2025_.zip
4113254,Municipal,2025,studentInternet,Internet para alunos,IN_INTERNET_ALUNOS,0,5,5,0,0.0,%,INEP,2026-10-06T18:10:05.685489+00:00,https://www.gov.br/inep/pt-br/acesso-a-informacao/dados-abertos/microdados/censo-escolar,https://download.inep.gov.br/dados_abertos/microdados_censo_escolar_2025_.zip
4113254,Municipal,2025,broadband,Banda larga,IN_BANDA_LARGA,5,5,5,0,100.0,%,INEP,2026-10-06T18:10:05.685489+00:00,https://www.gov.br/inep/pt-br/acesso-a-informacao/dados-abertos/microdados/censo-escolar,https://download.inep.gov.br/dados_abertos/microdados_censo_escolar_2025_.zip
4113254,Municipal,2025,computers,Laboratório de informática,IN_LABORATORIO_INFORMATICA,0,5,5,0,0.0,%,INEP,2026-10-06T18:10:05.685489+00:00,https://www.gov.br/inep/pt-br/acesso-a-informacao/dados-abertos/microdados/censo-escolar,https://download.inep.gov.br/dados_abertos/microdados_censo_escolar_2025_.zip
4113254,Municipal,2025,library,Biblioteca ou sala de leitura,IN_BIBLIOTECA | IN_SALA_LEITURA,2,5,5,0,40.0,%,INEP,2026-10-06T18:10:05.685489+00:00,https://www.gov.br/inep/pt-br/acesso-a-informacao/dados-abertos/microdados/censo-escolar,https://download.inep.gov.br/dados_abertos/microdados_censo_escolar_2025_.zip
4113254,Municipal,2025,sports,Quadra esportiva,IN_QUADRA_ESPORTES,2,5,5,0,40.0,%,INEP,2026-10-06T18:10:05.685489+00:00,https://www.gov.br/inep/pt-br/acesso-a-informacao/dados-abertos/microdados/censo-escolar,https://download.inep.gov.br/dados_abertos/microdados_censo_escolar_2025_.zip
4113254,Municipal,2025,accessibility,Recursos de acessibilidade,IN_ACESSIBILIDADE_INEXISTENTE,2,5,5,0,40.0,%,INEP,2026-10-06T18:10:05.685489+00:00,https://www.gov.br/inep/pt-br/acesso-a-informacao/dados-abertos/microdados/censo-escolar,https://download.inep.gov.br/dados_abertos/microdados_censo_escolar_2025_.zip
4113254,Municipal,2025,food,Alimentação escolar,IN_ALIMENTACAO,5,5,5,0,100.0,%,INEP,2026-10-06T18:10:05.685489+00:00,https://www.gov.br/inep/pt-br/acesso-a-informacao/dados-abertos/microdados/censo-escolar,https://download.inep.gov.br/dados_abertos/microdados_censo_escolar_2025_.zip
4113254,Privada,2025,water,Água potável,IN_AGUA_POTAVEL,1,1,1,0,100.0,%,INEP,2026-10-06T18:10:05.685489+00:00,https://www.gov.br/inep/pt-br/acesso-a-informacao/dados-abertos/microdados/censo-escolar,https://download.inep.gov.br/dados_abertos/microdados_censo_escolar_2025_.zip
4113254,Privada,2025,electricity,Energia da rede pública,IN_ENERGIA_REDE_PUBLICA,1,1,1,0,100.0,%,INEP,2026-10-06T18:10:05.685489+00:00,https://www.gov.br/inep/pt-br/acesso-a-informacao/dados-abertos/microdados/censo-escolar,https://download.inep.gov.br/dados_abertos/microdados_censo_escolar_2025_.zip
4113254,Privada,2025,sewage,Esgoto da rede pública,IN_ESGOTO_REDE_PUBLICA,1,1,1,0,100.0,%,INEP,2026-10-06T18:10:05.685489+00:00,https://www.gov.br/inep/pt-br/acesso-a-informacao/dados-abertos/microdados/censo-escolar,https://download.inep.gov.br/dados_abertos/microdados_censo_escolar_2025_.zip
4113254,Privada,2025,internet,Internet,IN_INTERNET,1,1,1,0,100.0,%,INEP,2026-10-06T18:10:05.685489+00:00,https://www.gov.br/inep/pt-br/acesso-a-informacao/dados-abertos/microdados/censo-escolar,https://download.inep.gov.br/dados_abertos/microdados_censo_escolar_2025_.zip
4113254,Privada,2025,studentInternet,Internet para alunos,IN_INTERNET_ALUNOS,1,1,1,0,100.0,%,INEP,2026-10-06T18:10:05.685489+00:00,https://www.gov.br/inep/pt-br/acesso-a-informacao/dados-abertos/microdados/censo-escolar,https://download.inep.gov.br/dados_abertos/microdados_censo_escolar_2025_.zip
4113254,Privada,2025,broadband,Banda larga,IN_BANDA_LARGA,1,1,1,0,100.0,%,INEP,2026-10-06T18:10:05.685489+00:00,https://www.gov.br/inep/pt-br/acesso-a-informacao/dados-abertos/microdados/censo-escolar,https://download.inep.gov.br/dados_abertos/microdados_censo_escolar_2025_.zip
4113254,Privada,2025,computers,Laboratório de informática,IN_LABORATORIO_INFORMATICA,0,1,1,0,0.0,%,INEP,2026-10-06T18:10:05.685489+00:00,https://www.gov.br/inep/pt-br/acesso-a-informacao/dados-abertos/microdados/censo-escolar,https://download.inep.gov.br/dados_abertos/microdados_censo_escolar_2025_.zip
4113254,Privada,2025,library,Biblioteca ou sala de leitura,IN_BIBLIOTECA | IN_SALA_LEITURA,0,1,1,0,0.0,%,INEP,2026-10-06T18:10:05.685489+00:00,https://www.gov.br/inep/pt-br/acesso-a-informacao/dados-abertos/microdados/censo-escolar,https://download.inep.gov.br/dados_abertos/microdados_censo_escolar_2025_.zip
4113254,Privada,2025,sports,Quadra esportiva,IN_QUADRA_ESPORTES,0,1,1,0,0.0,%,INEP,2026-10-06T18:10:05.685489+00:00,https://www.gov.br/inep/pt-br/acesso-a-informacao/dados-abertos/microdados/censo-escolar,https://download.inep.gov.br/dados_abertos/microdados_censo_escolar_2025_.zip
4113254,Privada,2025,accessibility,Recursos de acessibilidade,IN_ACESSIBILIDADE_INEXISTENTE,1,1,1,0,100.0,%,INEP,2026-10-06T18:10:05.685489+00:00,https://www.gov.br/inep/pt-br/acesso-a-informacao/dados-abertos/microdados/censo-escolar,https://download.inep.gov.br/dados_abertos/microdados_censo_escolar_2025_.zip
4113254,Privada,2025,food,Alimentação escolar,IN_ALIMENTACAO,1,1,1,0,100.0,%,INEP,2026-10-06T18:10:05.685489+00:00,https://www.gov.br/inep/pt-br/acesso-a-informacao/dados-abertos/microdados/censo-escolar,https://download.inep.gov.br/dados_abertos/microdados_censo_escolar_2025_.zip
