municipalityCode;municipality;satellite;period;count;available;sourceAgency;sourceUrl;reference;collectedAt;unit
4127965;Turvo;AQUA_M-T;2020-01;0;True;INPE;https://dataserver-coids.inpe.br/queimadas/queimadas/focos/csv/anual/EstadosBr_sat_ref/PR/focos_br_pr_ref_2020.zip;2020;2026-10-07T18:19:30.573244+00:00;focos de calor
4127965;Turvo;AQUA_M-T;2020-02;0;True;INPE;https://dataserver-coids.inpe.br/queimadas/queimadas/focos/csv/anual/EstadosBr_sat_ref/PR/focos_br_pr_ref_2020.zip;2020;2026-10-07T18:19:30.573244+00:00;focos de calor
4127965;Turvo;AQUA_M-T;2020-03;0;True;INPE;https://dataserver-coids.inpe.br/queimadas/queimadas/focos/csv/anual/EstadosBr_sat_ref/PR/focos_br_pr_ref_2020.zip;2020;2026-10-07T18:19:30.573244+00:00;focos de calor
4127965;Turvo;AQUA_M-T;2020-04;1;True;INPE;https://dataserver-coids.inpe.br/queimadas/queimadas/focos/csv/anual/EstadosBr_sat_ref/PR/focos_br_pr_ref_2020.zip;2020;2026-10-07T18:19:30.573244+00:00;focos de calor
4127965;Turvo;AQUA_M-T;2020-05;2;True;INPE;https://dataserver-coids.inpe.br/queimadas/queimadas/focos/csv/anual/EstadosBr_sat_ref/PR/focos_br_pr_ref_2020.zip;2020;2026-10-07T18:19:30.573244+00:00;focos de calor
4127965;Turvo;AQUA_M-T;2020-06;0;True;INPE;https://dataserver-coids.inpe.br/queimadas/queimadas/focos/csv/anual/EstadosBr_sat_ref/PR/focos_br_pr_ref_2020.zip;2020;2026-10-07T18:19:30.573244+00:00;focos de calor
4127965;Turvo;AQUA_M-T;2020-07;1;True;INPE;https://dataserver-coids.inpe.br/queimadas/queimadas/focos/csv/anual/EstadosBr_sat_ref/PR/focos_br_pr_ref_2020.zip;2020;2026-10-07T18:19:30.573244+00:00;focos de calor
4127965;Turvo;AQUA_M-T;2020-08;2;True;INPE;https://dataserver-coids.inpe.br/queimadas/queimadas/focos/csv/anual/EstadosBr_sat_ref/PR/focos_br_pr_ref_2020.zip;2020;2026-10-07T18:19:30.573244+00:00;focos de calor
4127965;Turvo;AQUA_M-T;2020-09;1;True;INPE;https://dataserver-coids.inpe.br/queimadas/queimadas/focos/csv/anual/EstadosBr_sat_ref/PR/focos_br_pr_ref_2020.zip;2020;2026-10-07T18:19:30.573244+00:00;focos de calor
4127965;Turvo;AQUA_M-T;2020-10;2;True;INPE;https://dataserver-coids.inpe.br/queimadas/queimadas/focos/csv/anual/EstadosBr_sat_ref/PR/focos_br_pr_ref_2020.zip;2020;2026-10-07T18:19:30.573244+00:00;focos de calor
4127965;Turvo;AQUA_M-T;2020-11;3;True;INPE;https://dataserver-coids.inpe.br/queimadas/queimadas/focos/csv/anual/EstadosBr_sat_ref/PR/focos_br_pr_ref_2020.zip;2020;2026-10-07T18:19:30.573244+00:00;focos de calor
4127965;Turvo;AQUA_M-T;2020-12;0;True;INPE;https://dataserver-coids.inpe.br/queimadas/queimadas/focos/csv/anual/EstadosBr_sat_ref/PR/focos_br_pr_ref_2020.zip;2020;2026-10-07T18:19:30.573244+00:00;focos de calor
4127965;Turvo;AQUA_M-T;2021-01;0;True;INPE;https://dataserver-coids.inpe.br/queimadas/queimadas/focos/csv/anual/EstadosBr_sat_ref/PR/focos_br_pr_ref_2021.zip;2021;2026-10-07T18:19:30.573244+00:00;focos de calor
4127965;Turvo;AQUA_M-T;2021-02;0;True;INPE;https://dataserver-coids.inpe.br/queimadas/queimadas/focos/csv/anual/EstadosBr_sat_ref/PR/focos_br_pr_ref_2021.zip;2021;2026-10-07T18:19:30.573244+00:00;focos de calor
4127965;Turvo;AQUA_M-T;2021-03;0;True;INPE;https://dataserver-coids.inpe.br/queimadas/queimadas/focos/csv/anual/EstadosBr_sat_ref/PR/focos_br_pr_ref_2021.zip;2021;2026-10-07T18:19:30.573244+00:00;focos de calor
4127965;Turvo;AQUA_M-T;2021-04;3;True;INPE;https://dataserver-coids.inpe.br/queimadas/queimadas/focos/csv/anual/EstadosBr_sat_ref/PR/focos_br_pr_ref_2021.zip;2021;2026-10-07T18:19:30.573244+00:00;focos de calor
4127965;Turvo;AQUA_M-T;2021-05;8;True;INPE;https://dataserver-coids.inpe.br/queimadas/queimadas/focos/csv/anual/EstadosBr_sat_ref/PR/focos_br_pr_ref_2021.zip;2021;2026-10-07T18:19:30.573244+00:00;focos de calor
4127965;Turvo;AQUA_M-T;2021-06;1;True;INPE;https://dataserver-coids.inpe.br/queimadas/queimadas/focos/csv/anual/EstadosBr_sat_ref/PR/focos_br_pr_ref_2021.zip;2021;2026-10-07T18:19:30.573244+00:00;focos de calor
4127965;Turvo;AQUA_M-T;2021-07;3;True;INPE;https://dataserver-coids.inpe.br/queimadas/queimadas/focos/csv/anual/EstadosBr_sat_ref/PR/focos_br_pr_ref_2021.zip;2021;2026-10-07T18:19:30.573244+00:00;focos de calor
4127965;Turvo;AQUA_M-T;2021-08;4;True;INPE;https://dataserver-coids.inpe.br/queimadas/queimadas/focos/csv/anual/EstadosBr_sat_ref/PR/focos_br_pr_ref_2021.zip;2021;2026-10-07T18:19:30.573244+00:00;focos de calor
4127965;Turvo;AQUA_M-T;2021-09;6;True;INPE;https://dataserver-coids.inpe.br/queimadas/queimadas/focos/csv/anual/EstadosBr_sat_ref/PR/focos_br_pr_ref_2021.zip;2021;2026-10-07T18:19:30.573244+00:00;focos de calor
4127965;Turvo;AQUA_M-T;2021-10;3;True;INPE;https://dataserver-coids.inpe.br/queimadas/queimadas/focos/csv/anual/EstadosBr_sat_ref/PR/focos_br_pr_ref_2021.zip;2021;2026-10-07T18:19:30.573244+00:00;focos de calor
4127965;Turvo;AQUA_M-T;2021-11;1;True;INPE;https://dataserver-coids.inpe.br/queimadas/queimadas/focos/csv/anual/EstadosBr_sat_ref/PR/focos_br_pr_ref_2021.zip;2021;2026-10-07T18:19:30.573244+00:00;focos de calor
4127965;Turvo;AQUA_M-T;2021-12;6;True;INPE;https://dataserver-coids.inpe.br/queimadas/queimadas/focos/csv/anual/EstadosBr_sat_ref/PR/focos_br_pr_ref_2021.zip;2021;2026-10-07T18:19:30.573244+00:00;focos de calor
4127965;Turvo;AQUA_M-T;2022-01;6;True;INPE;https://dataserver-coids.inpe.br/queimadas/queimadas/focos/csv/anual/EstadosBr_sat_ref/PR/focos_br_pr_ref_2022.zip;2022;2026-10-07T18:19:30.573244+00:00;focos de calor
4127965;Turvo;AQUA_M-T;2022-02;3;True;INPE;https://dataserver-coids.inpe.br/queimadas/queimadas/focos/csv/anual/EstadosBr_sat_ref/PR/focos_br_pr_ref_2022.zip;2022;2026-10-07T18:19:30.573244+00:00;focos de calor
4127965;Turvo;AQUA_M-T;2022-03;0;True;INPE;https://dataserver-coids.inpe.br/queimadas/queimadas/focos/csv/anual/EstadosBr_sat_ref/PR/focos_br_pr_ref_2022.zip;2022;2026-10-07T18:19:30.573244+00:00;focos de calor
4127965;Turvo;AQUA_M-T;2022-04;0;True;INPE;https://dataserver-coids.inpe.br/queimadas/queimadas/focos/csv/anual/EstadosBr_sat_ref/PR/focos_br_pr_ref_2022.zip;2022;2026-10-07T18:19:30.573244+00:00;focos de calor
4127965;Turvo;AQUA_M-T;2022-05;0;True;INPE;https://dataserver-coids.inpe.br/queimadas/queimadas/focos/csv/anual/EstadosBr_sat_ref/PR/focos_br_pr_ref_2022.zip;2022;2026-10-07T18:19:30.573244+00:00;focos de calor
4127965;Turvo;AQUA_M-T;2022-06;0;True;INPE;https://dataserver-coids.inpe.br/queimadas/queimadas/focos/csv/anual/EstadosBr_sat_ref/PR/focos_br_pr_ref_2022.zip;2022;2026-10-07T18:19:30.573244+00:00;focos de calor
4127965;Turvo;AQUA_M-T;2022-07;1;True;INPE;https://dataserver-coids.inpe.br/queimadas/queimadas/focos/csv/anual/EstadosBr_sat_ref/PR/focos_br_pr_ref_2022.zip;2022;2026-10-07T18:19:30.573244+00:00;focos de calor
4127965;Turvo;AQUA_M-T;2022-08;6;True;INPE;https://dataserver-coids.inpe.br/queimadas/queimadas/focos/csv/anual/EstadosBr_sat_ref/PR/focos_br_pr_ref_2022.zip;2022;2026-10-07T18:19:30.573244+00:00;focos de calor
4127965;Turvo;AQUA_M-T;2022-09;0;True;INPE;https://dataserver-coids.inpe.br/queimadas/queimadas/focos/csv/anual/EstadosBr_sat_ref/PR/focos_br_pr_ref_2022.zip;2022;2026-10-07T18:19:30.573244+00:00;focos de calor
4127965;Turvo;AQUA_M-T;2022-10;2;True;INPE;https://dataserver-coids.inpe.br/queimadas/queimadas/focos/csv/anual/EstadosBr_sat_ref/PR/focos_br_pr_ref_2022.zip;2022;2026-10-07T18:19:30.573244+00:00;focos de calor
4127965;Turvo;AQUA_M-T;2022-11;0;True;INPE;https://dataserver-coids.inpe.br/queimadas/queimadas/focos/csv/anual/EstadosBr_sat_ref/PR/focos_br_pr_ref_2022.zip;2022;2026-10-07T18:19:30.573244+00:00;focos de calor
4127965;Turvo;AQUA_M-T;2022-12;0;True;INPE;https://dataserver-coids.inpe.br/queimadas/queimadas/focos/csv/anual/EstadosBr_sat_ref/PR/focos_br_pr_ref_2022.zip;2022;2026-10-07T18:19:30.573244+00:00;focos de calor
4127965;Turvo;AQUA_M-T;2023-01;0;True;INPE;https://dataserver-coids.inpe.br/queimadas/queimadas/focos/csv/anual/EstadosBr_sat_ref/PR/focos_br_pr_ref_2023.zip;2023;2026-10-07T18:19:30.573244+00:00;focos de calor
4127965;Turvo;AQUA_M-T;2023-02;0;True;INPE;https://dataserver-coids.inpe.br/queimadas/queimadas/focos/csv/anual/EstadosBr_sat_ref/PR/focos_br_pr_ref_2023.zip;2023;2026-10-07T18:19:30.573244+00:00;focos de calor
4127965;Turvo;AQUA_M-T;2023-03;0;True;INPE;https://dataserver-coids.inpe.br/queimadas/queimadas/focos/csv/anual/EstadosBr_sat_ref/PR/focos_br_pr_ref_2023.zip;2023;2026-10-07T18:19:30.573244+00:00;focos de calor
4127965;Turvo;AQUA_M-T;2023-04;0;True;INPE;https://dataserver-coids.inpe.br/queimadas/queimadas/focos/csv/anual/EstadosBr_sat_ref/PR/focos_br_pr_ref_2023.zip;2023;2026-10-07T18:19:30.573244+00:00;focos de calor
4127965;Turvo;AQUA_M-T;2023-05;1;True;INPE;https://dataserver-coids.inpe.br/queimadas/queimadas/focos/csv/anual/EstadosBr_sat_ref/PR/focos_br_pr_ref_2023.zip;2023;2026-10-07T18:19:30.573244+00:00;focos de calor
4127965;Turvo;AQUA_M-T;2023-06;2;True;INPE;https://dataserver-coids.inpe.br/queimadas/queimadas/focos/csv/anual/EstadosBr_sat_ref/PR/focos_br_pr_ref_2023.zip;2023;2026-10-07T18:19:30.573244+00:00;focos de calor
4127965;Turvo;AQUA_M-T;2023-07;0;True;INPE;https://dataserver-coids.inpe.br/queimadas/queimadas/focos/csv/anual/EstadosBr_sat_ref/PR/focos_br_pr_ref_2023.zip;2023;2026-10-07T18:19:30.573244+00:00;focos de calor
4127965;Turvo;AQUA_M-T;2023-08;2;True;INPE;https://dataserver-coids.inpe.br/queimadas/queimadas/focos/csv/anual/EstadosBr_sat_ref/PR/focos_br_pr_ref_2023.zip;2023;2026-10-07T18:19:30.573244+00:00;focos de calor
4127965;Turvo;AQUA_M-T;2023-09;0;True;INPE;https://dataserver-coids.inpe.br/queimadas/queimadas/focos/csv/anual/EstadosBr_sat_ref/PR/focos_br_pr_ref_2023.zip;2023;2026-10-07T18:19:30.573244+00:00;focos de calor
4127965;Turvo;AQUA_M-T;2023-10;0;True;INPE;https://dataserver-coids.inpe.br/queimadas/queimadas/focos/csv/anual/EstadosBr_sat_ref/PR/focos_br_pr_ref_2023.zip;2023;2026-10-07T18:19:30.573244+00:00;focos de calor
4127965;Turvo;AQUA_M-T;2023-11;2;True;INPE;https://dataserver-coids.inpe.br/queimadas/queimadas/focos/csv/anual/EstadosBr_sat_ref/PR/focos_br_pr_ref_2023.zip;2023;2026-10-07T18:19:30.573244+00:00;focos de calor
4127965;Turvo;AQUA_M-T;2023-12;0;True;INPE;https://dataserver-coids.inpe.br/queimadas/queimadas/focos/csv/anual/EstadosBr_sat_ref/PR/focos_br_pr_ref_2023.zip;2023;2026-10-07T18:19:30.573244+00:00;focos de calor
4127965;Turvo;AQUA_M-T;2024-01;0;True;INPE;https://dataserver-coids.inpe.br/queimadas/queimadas/focos/csv/anual/EstadosBr_sat_ref/PR/focos_br_pr_ref_2024.zip;2024;2026-10-07T18:19:30.573244+00:00;focos de calor
4127965;Turvo;AQUA_M-T;2024-02;0;True;INPE;https://dataserver-coids.inpe.br/queimadas/queimadas/focos/csv/anual/EstadosBr_sat_ref/PR/focos_br_pr_ref_2024.zip;2024;2026-10-07T18:19:30.573244+00:00;focos de calor
4127965;Turvo;AQUA_M-T;2024-03;1;True;INPE;https://dataserver-coids.inpe.br/queimadas/queimadas/focos/csv/anual/EstadosBr_sat_ref/PR/focos_br_pr_ref_2024.zip;2024;2026-10-07T18:19:30.573244+00:00;focos de calor
4127965;Turvo;AQUA_M-T;2024-04;0;True;INPE;https://dataserver-coids.inpe.br/queimadas/queimadas/focos/csv/anual/EstadosBr_sat_ref/PR/focos_br_pr_ref_2024.zip;2024;2026-10-07T18:19:30.573244+00:00;focos de calor
4127965;Turvo;AQUA_M-T;2024-05;0;True;INPE;https://dataserver-coids.inpe.br/queimadas/queimadas/focos/csv/anual/EstadosBr_sat_ref/PR/focos_br_pr_ref_2024.zip;2024;2026-10-07T18:19:30.573244+00:00;focos de calor
4127965;Turvo;AQUA_M-T;2024-06;4;True;INPE;https://dataserver-coids.inpe.br/queimadas/queimadas/focos/csv/anual/EstadosBr_sat_ref/PR/focos_br_pr_ref_2024.zip;2024;2026-10-07T18:19:30.573244+00:00;focos de calor
4127965;Turvo;AQUA_M-T;2024-07;1;True;INPE;https://dataserver-coids.inpe.br/queimadas/queimadas/focos/csv/anual/EstadosBr_sat_ref/PR/focos_br_pr_ref_2024.zip;2024;2026-10-07T18:19:30.573244+00:00;focos de calor
4127965;Turvo;AQUA_M-T;2024-08;5;True;INPE;https://dataserver-coids.inpe.br/queimadas/queimadas/focos/csv/anual/EstadosBr_sat_ref/PR/focos_br_pr_ref_2024.zip;2024;2026-10-07T18:19:30.573244+00:00;focos de calor
4127965;Turvo;AQUA_M-T;2024-09;9;True;INPE;https://dataserver-coids.inpe.br/queimadas/queimadas/focos/csv/anual/EstadosBr_sat_ref/PR/focos_br_pr_ref_2024.zip;2024;2026-10-07T18:19:30.573244+00:00;focos de calor
4127965;Turvo;AQUA_M-T;2024-10;1;True;INPE;https://dataserver-coids.inpe.br/queimadas/queimadas/focos/csv/anual/EstadosBr_sat_ref/PR/focos_br_pr_ref_2024.zip;2024;2026-10-07T18:19:30.573244+00:00;focos de calor
4127965;Turvo;AQUA_M-T;2024-11;0;True;INPE;https://dataserver-coids.inpe.br/queimadas/queimadas/focos/csv/anual/EstadosBr_sat_ref/PR/focos_br_pr_ref_2024.zip;2024;2026-10-07T18:19:30.573244+00:00;focos de calor
4127965;Turvo;AQUA_M-T;2024-12;0;True;INPE;https://dataserver-coids.inpe.br/queimadas/queimadas/focos/csv/anual/EstadosBr_sat_ref/PR/focos_br_pr_ref_2024.zip;2024;2026-10-07T18:19:30.573244+00:00;focos de calor
4127965;Turvo;AQUA_M-T;2025-01;0;True;INPE;https://dataserver-coids.inpe.br/queimadas/queimadas/focos/csv/anual/Brasil_sat_ref/focos_br_ref_2025.zip;2025;2026-10-07T18:19:30.573244+00:00;focos de calor
4127965;Turvo;AQUA_M-T;2025-02;2;True;INPE;https://dataserver-coids.inpe.br/queimadas/queimadas/focos/csv/anual/Brasil_sat_ref/focos_br_ref_2025.zip;2025;2026-10-07T18:19:30.573244+00:00;focos de calor
4127965;Turvo;AQUA_M-T;2025-03;0;True;INPE;https://dataserver-coids.inpe.br/queimadas/queimadas/focos/csv/anual/Brasil_sat_ref/focos_br_ref_2025.zip;2025;2026-10-07T18:19:30.573244+00:00;focos de calor
4127965;Turvo;AQUA_M-T;2025-04;0;True;INPE;https://dataserver-coids.inpe.br/queimadas/queimadas/focos/csv/anual/Brasil_sat_ref/focos_br_ref_2025.zip;2025;2026-10-07T18:19:30.573244+00:00;focos de calor
4127965;Turvo;AQUA_M-T;2025-05;0;True;INPE;https://dataserver-coids.inpe.br/queimadas/queimadas/focos/csv/anual/Brasil_sat_ref/focos_br_ref_2025.zip;2025;2026-10-07T18:19:30.573244+00:00;focos de calor
4127965;Turvo;AQUA_M-T;2025-06;0;True;INPE;https://dataserver-coids.inpe.br/queimadas/queimadas/focos/csv/anual/Brasil_sat_ref/focos_br_ref_2025.zip;2025;2026-10-07T18:19:30.573244+00:00;focos de calor
4127965;Turvo;AQUA_M-T;2025-07;3;True;INPE;https://dataserver-coids.inpe.br/queimadas/queimadas/focos/csv/anual/Brasil_sat_ref/focos_br_ref_2025.zip;2025;2026-10-07T18:19:30.573244+00:00;focos de calor
4127965;Turvo;AQUA_M-T;2025-08;4;True;INPE;https://dataserver-coids.inpe.br/queimadas/queimadas/focos/csv/anual/Brasil_sat_ref/focos_br_ref_2025.zip;2025;2026-10-07T18:19:30.573244+00:00;focos de calor
4127965;Turvo;AQUA_M-T;2025-09;0;True;INPE;https://dataserver-coids.inpe.br/queimadas/queimadas/focos/csv/anual/Brasil_sat_ref/focos_br_ref_2025.zip;2025;2026-10-07T18:19:30.573244+00:00;focos de calor
4127965;Turvo;AQUA_M-T;2025-10;4;True;INPE;https://dataserver-coids.inpe.br/queimadas/queimadas/focos/csv/anual/Brasil_sat_ref/focos_br_ref_2025.zip;2025;2026-10-07T18:19:30.573244+00:00;focos de calor
4127965;Turvo;AQUA_M-T;2025-11;0;True;INPE;https://dataserver-coids.inpe.br/queimadas/queimadas/focos/csv/anual/Brasil_sat_ref/focos_br_ref_2025.zip;2025;2026-10-07T18:19:30.573244+00:00;focos de calor
4127965;Turvo;AQUA_M-T;2025-12;1;True;INPE;https://dataserver-coids.inpe.br/queimadas/queimadas/focos/csv/anual/Brasil_sat_ref/focos_br_ref_2025.zip;2025;2026-10-07T18:19:30.573244+00:00;focos de calor
4127965;Turvo;AQUA_M-T;2026-01;1;True;INPE;https://dataserver-coids.inpe.br/queimadas/queimadas/focos/csv/mensal/Brasil/focos_mensal_br_202601.csv;202601;2026-10-07T18:19:30.573244+00:00;focos de calor
4127965;Turvo;AQUA_M-T;2026-02;0;True;INPE;https://dataserver-coids.inpe.br/queimadas/queimadas/focos/csv/mensal/Brasil/focos_mensal_br_202602.csv;202602;2026-10-07T18:19:30.573244+00:00;focos de calor
4127965;Turvo;AQUA_M-T;2026-03;0;True;INPE;https://dataserver-coids.inpe.br/queimadas/queimadas/focos/csv/mensal/Brasil/focos_mensal_br_202603.csv;202603;2026-10-07T18:19:30.573244+00:00;focos de calor
4127965;Turvo;AQUA_M-T;2026-04;2;True;INPE;https://dataserver-coids.inpe.br/queimadas/queimadas/focos/csv/mensal/Brasil/focos_mensal_br_202604.csv;202604;2026-10-07T18:19:30.573244+00:00;focos de calor
4127965;Turvo;AQUA_M-T;2026-05;0;True;INPE;https://dataserver-coids.inpe.br/queimadas/queimadas/focos/csv/mensal/Brasil/focos_mensal_br_202605.csv;202605;2026-10-07T18:19:30.573244+00:00;focos de calor
4127965;Turvo;AQUA_M-T;2026-06;0;True;INPE;https://dataserver-coids.inpe.br/queimadas/queimadas/focos/csv/mensal/Brasil/focos_mensal_br_202606.csv;202606;2026-10-07T18:19:30.573244+00:00;focos de calor
4127965;Turvo;AQUA_M-T;2026-07;0;True;INPE;https://dataserver-coids.inpe.br/queimadas/queimadas/focos/csv/mensal/Brasil/focos_mensal_br_202607.csv;202607;2026-10-07T18:19:30.573244+00:00;focos de calor
4127965;Turvo;AQUA_M-T;2026-08;0;True;INPE;https://dataserver-coids.inpe.br/queimadas/queimadas/focos/csv/mensal/Brasil/focos_mensal_br_202608.csv;202608;2026-10-07T18:19:30.573244+00:00;focos de calor
4127965;Turvo;AQUA_M-T;2026-09;1;True;INPE;https://dataserver-coids.inpe.br/queimadas/queimadas/focos/csv/mensal/Brasil/focos_mensal_br_202609.csv;202609;2026-10-07T18:19:30.573244+00:00;focos de calor
4127965;Turvo;AQUA_M-T;2026-10;0;True;INPE;https://dataserver-coids.inpe.br/queimadas/queimadas/focos/csv/mensal/Brasil/focos_mensal_br_202610.csv;202610;2026-10-07T18:19:30.573244+00:00;focos de calor
4127965;Turvo;AQUA_M-T;2026-11;;False;INPE;https://data.inpe.br/queimadas/pages/secao_downloads/dados-abertos/;2026-11;;focos de calor
4127965;Turvo;AQUA_M-T;2026-12;;False;INPE;https://data.inpe.br/queimadas/pages/secao_downloads/dados-abertos/;2026-12;;focos de calor
4109401;Guarapuava;AQUA_M-T;2020-01;0;True;INPE;https://dataserver-coids.inpe.br/queimadas/queimadas/focos/csv/anual/EstadosBr_sat_ref/PR/focos_br_pr_ref_2020.zip;2020;2026-10-07T18:19:30.573244+00:00;focos de calor
4109401;Guarapuava;AQUA_M-T;2020-02;1;True;INPE;https://dataserver-coids.inpe.br/queimadas/queimadas/focos/csv/anual/EstadosBr_sat_ref/PR/focos_br_pr_ref_2020.zip;2020;2026-10-07T18:19:30.573244+00:00;focos de calor
4109401;Guarapuava;AQUA_M-T;2020-03;7;True;INPE;https://dataserver-coids.inpe.br/queimadas/queimadas/focos/csv/anual/EstadosBr_sat_ref/PR/focos_br_pr_ref_2020.zip;2020;2026-10-07T18:19:30.573244+00:00;focos de calor
4109401;Guarapuava;AQUA_M-T;2020-04;4;True;INPE;https://dataserver-coids.inpe.br/queimadas/queimadas/focos/csv/anual/EstadosBr_sat_ref/PR/focos_br_pr_ref_2020.zip;2020;2026-10-07T18:19:30.573244+00:00;focos de calor
4109401;Guarapuava;AQUA_M-T;2020-05;11;True;INPE;https://dataserver-coids.inpe.br/queimadas/queimadas/focos/csv/anual/EstadosBr_sat_ref/PR/focos_br_pr_ref_2020.zip;2020;2026-10-07T18:19:30.573244+00:00;focos de calor
4109401;Guarapuava;AQUA_M-T;2020-06;5;True;INPE;https://dataserver-coids.inpe.br/queimadas/queimadas/focos/csv/anual/EstadosBr_sat_ref/PR/focos_br_pr_ref_2020.zip;2020;2026-10-07T18:19:30.573244+00:00;focos de calor
4109401;Guarapuava;AQUA_M-T;2020-07;6;True;INPE;https://dataserver-coids.inpe.br/queimadas/queimadas/focos/csv/anual/EstadosBr_sat_ref/PR/focos_br_pr_ref_2020.zip;2020;2026-10-07T18:19:30.573244+00:00;focos de calor
4109401;Guarapuava;AQUA_M-T;2020-08;7;True;INPE;https://dataserver-coids.inpe.br/queimadas/queimadas/focos/csv/anual/EstadosBr_sat_ref/PR/focos_br_pr_ref_2020.zip;2020;2026-10-07T18:19:30.573244+00:00;focos de calor
4109401;Guarapuava;AQUA_M-T;2020-09;9;True;INPE;https://dataserver-coids.inpe.br/queimadas/queimadas/focos/csv/anual/EstadosBr_sat_ref/PR/focos_br_pr_ref_2020.zip;2020;2026-10-07T18:19:30.573244+00:00;focos de calor
4109401;Guarapuava;AQUA_M-T;2020-10;7;True;INPE;https://dataserver-coids.inpe.br/queimadas/queimadas/focos/csv/anual/EstadosBr_sat_ref/PR/focos_br_pr_ref_2020.zip;2020;2026-10-07T18:19:30.573244+00:00;focos de calor
4109401;Guarapuava;AQUA_M-T;2020-11;2;True;INPE;https://dataserver-coids.inpe.br/queimadas/queimadas/focos/csv/anual/EstadosBr_sat_ref/PR/focos_br_pr_ref_2020.zip;2020;2026-10-07T18:19:30.573244+00:00;focos de calor
4109401;Guarapuava;AQUA_M-T;2020-12;0;True;INPE;https://dataserver-coids.inpe.br/queimadas/queimadas/focos/csv/anual/EstadosBr_sat_ref/PR/focos_br_pr_ref_2020.zip;2020;2026-10-07T18:19:30.573244+00:00;focos de calor
4109401;Guarapuava;AQUA_M-T;2021-01;0;True;INPE;https://dataserver-coids.inpe.br/queimadas/queimadas/focos/csv/anual/EstadosBr_sat_ref/PR/focos_br_pr_ref_2021.zip;2021;2026-10-07T18:19:30.573244+00:00;focos de calor
4109401;Guarapuava;AQUA_M-T;2021-02;0;True;INPE;https://dataserver-coids.inpe.br/queimadas/queimadas/focos/csv/anual/EstadosBr_sat_ref/PR/focos_br_pr_ref_2021.zip;2021;2026-10-07T18:19:30.573244+00:00;focos de calor
4109401;Guarapuava;AQUA_M-T;2021-03;1;True;INPE;https://dataserver-coids.inpe.br/queimadas/queimadas/focos/csv/anual/EstadosBr_sat_ref/PR/focos_br_pr_ref_2021.zip;2021;2026-10-07T18:19:30.573244+00:00;focos de calor
4109401;Guarapuava;AQUA_M-T;2021-04;3;True;INPE;https://dataserver-coids.inpe.br/queimadas/queimadas/focos/csv/anual/EstadosBr_sat_ref/PR/focos_br_pr_ref_2021.zip;2021;2026-10-07T18:19:30.573244+00:00;focos de calor
4109401;Guarapuava;AQUA_M-T;2021-05;3;True;INPE;https://dataserver-coids.inpe.br/queimadas/queimadas/focos/csv/anual/EstadosBr_sat_ref/PR/focos_br_pr_ref_2021.zip;2021;2026-10-07T18:19:30.573244+00:00;focos de calor
4109401;Guarapuava;AQUA_M-T;2021-06;3;True;INPE;https://dataserver-coids.inpe.br/queimadas/queimadas/focos/csv/anual/EstadosBr_sat_ref/PR/focos_br_pr_ref_2021.zip;2021;2026-10-07T18:19:30.573244+00:00;focos de calor
4109401;Guarapuava;AQUA_M-T;2021-07;11;True;INPE;https://dataserver-coids.inpe.br/queimadas/queimadas/focos/csv/anual/EstadosBr_sat_ref/PR/focos_br_pr_ref_2021.zip;2021;2026-10-07T18:19:30.573244+00:00;focos de calor
4109401;Guarapuava;AQUA_M-T;2021-08;15;True;INPE;https://dataserver-coids.inpe.br/queimadas/queimadas/focos/csv/anual/EstadosBr_sat_ref/PR/focos_br_pr_ref_2021.zip;2021;2026-10-07T18:19:30.573244+00:00;focos de calor
4109401;Guarapuava;AQUA_M-T;2021-09;12;True;INPE;https://dataserver-coids.inpe.br/queimadas/queimadas/focos/csv/anual/EstadosBr_sat_ref/PR/focos_br_pr_ref_2021.zip;2021;2026-10-07T18:19:30.573244+00:00;focos de calor
4109401;Guarapuava;AQUA_M-T;2021-10;4;True;INPE;https://dataserver-coids.inpe.br/queimadas/queimadas/focos/csv/anual/EstadosBr_sat_ref/PR/focos_br_pr_ref_2021.zip;2021;2026-10-07T18:19:30.573244+00:00;focos de calor
4109401;Guarapuava;AQUA_M-T;2021-11;5;True;INPE;https://dataserver-coids.inpe.br/queimadas/queimadas/focos/csv/anual/EstadosBr_sat_ref/PR/focos_br_pr_ref_2021.zip;2021;2026-10-07T18:19:30.573244+00:00;focos de calor
4109401;Guarapuava;AQUA_M-T;2021-12;0;True;INPE;https://dataserver-coids.inpe.br/queimadas/queimadas/focos/csv/anual/EstadosBr_sat_ref/PR/focos_br_pr_ref_2021.zip;2021;2026-10-07T18:19:30.573244+00:00;focos de calor
4109401;Guarapuava;AQUA_M-T;2022-01;3;True;INPE;https://dataserver-coids.inpe.br/queimadas/queimadas/focos/csv/anual/EstadosBr_sat_ref/PR/focos_br_pr_ref_2022.zip;2022;2026-10-07T18:19:30.573244+00:00;focos de calor
4109401;Guarapuava;AQUA_M-T;2022-02;2;True;INPE;https://dataserver-coids.inpe.br/queimadas/queimadas/focos/csv/anual/EstadosBr_sat_ref/PR/focos_br_pr_ref_2022.zip;2022;2026-10-07T18:19:30.573244+00:00;focos de calor
4109401;Guarapuava;AQUA_M-T;2022-03;0;True;INPE;https://dataserver-coids.inpe.br/queimadas/queimadas/focos/csv/anual/EstadosBr_sat_ref/PR/focos_br_pr_ref_2022.zip;2022;2026-10-07T18:19:30.573244+00:00;focos de calor
4109401;Guarapuava;AQUA_M-T;2022-04;1;True;INPE;https://dataserver-coids.inpe.br/queimadas/queimadas/focos/csv/anual/EstadosBr_sat_ref/PR/focos_br_pr_ref_2022.zip;2022;2026-10-07T18:19:30.573244+00:00;focos de calor
4109401;Guarapuava;AQUA_M-T;2022-05;3;True;INPE;https://dataserver-coids.inpe.br/queimadas/queimadas/focos/csv/anual/EstadosBr_sat_ref/PR/focos_br_pr_ref_2022.zip;2022;2026-10-07T18:19:30.573244+00:00;focos de calor
4109401;Guarapuava;AQUA_M-T;2022-06;7;True;INPE;https://dataserver-coids.inpe.br/queimadas/queimadas/focos/csv/anual/EstadosBr_sat_ref/PR/focos_br_pr_ref_2022.zip;2022;2026-10-07T18:19:30.573244+00:00;focos de calor
4109401;Guarapuava;AQUA_M-T;2022-07;5;True;INPE;https://dataserver-coids.inpe.br/queimadas/queimadas/focos/csv/anual/EstadosBr_sat_ref/PR/focos_br_pr_ref_2022.zip;2022;2026-10-07T18:19:30.573244+00:00;focos de calor
4109401;Guarapuava;AQUA_M-T;2022-08;16;True;INPE;https://dataserver-coids.inpe.br/queimadas/queimadas/focos/csv/anual/EstadosBr_sat_ref/PR/focos_br_pr_ref_2022.zip;2022;2026-10-07T18:19:30.573244+00:00;focos de calor
4109401;Guarapuava;AQUA_M-T;2022-09;0;True;INPE;https://dataserver-coids.inpe.br/queimadas/queimadas/focos/csv/anual/EstadosBr_sat_ref/PR/focos_br_pr_ref_2022.zip;2022;2026-10-07T18:19:30.573244+00:00;focos de calor
4109401;Guarapuava;AQUA_M-T;2022-10;5;True;INPE;https://dataserver-coids.inpe.br/queimadas/queimadas/focos/csv/anual/EstadosBr_sat_ref/PR/focos_br_pr_ref_2022.zip;2022;2026-10-07T18:19:30.573244+00:00;focos de calor
4109401;Guarapuava;AQUA_M-T;2022-11;4;True;INPE;https://dataserver-coids.inpe.br/queimadas/queimadas/focos/csv/anual/EstadosBr_sat_ref/PR/focos_br_pr_ref_2022.zip;2022;2026-10-07T18:19:30.573244+00:00;focos de calor
4109401;Guarapuava;AQUA_M-T;2022-12;1;True;INPE;https://dataserver-coids.inpe.br/queimadas/queimadas/focos/csv/anual/EstadosBr_sat_ref/PR/focos_br_pr_ref_2022.zip;2022;2026-10-07T18:19:30.573244+00:00;focos de calor
4109401;Guarapuava;AQUA_M-T;2023-01;2;True;INPE;https://dataserver-coids.inpe.br/queimadas/queimadas/focos/csv/anual/EstadosBr_sat_ref/PR/focos_br_pr_ref_2023.zip;2023;2026-10-07T18:19:30.573244+00:00;focos de calor
4109401;Guarapuava;AQUA_M-T;2023-02;0;True;INPE;https://dataserver-coids.inpe.br/queimadas/queimadas/focos/csv/anual/EstadosBr_sat_ref/PR/focos_br_pr_ref_2023.zip;2023;2026-10-07T18:19:30.573244+00:00;focos de calor
4109401;Guarapuava;AQUA_M-T;2023-03;2;True;INPE;https://dataserver-coids.inpe.br/queimadas/queimadas/focos/csv/anual/EstadosBr_sat_ref/PR/focos_br_pr_ref_2023.zip;2023;2026-10-07T18:19:30.573244+00:00;focos de calor
4109401;Guarapuava;AQUA_M-T;2023-04;3;True;INPE;https://dataserver-coids.inpe.br/queimadas/queimadas/focos/csv/anual/EstadosBr_sat_ref/PR/focos_br_pr_ref_2023.zip;2023;2026-10-07T18:19:30.573244+00:00;focos de calor
4109401;Guarapuava;AQUA_M-T;2023-05;9;True;INPE;https://dataserver-coids.inpe.br/queimadas/queimadas/focos/csv/anual/EstadosBr_sat_ref/PR/focos_br_pr_ref_2023.zip;2023;2026-10-07T18:19:30.573244+00:00;focos de calor
4109401;Guarapuava;AQUA_M-T;2023-06;6;True;INPE;https://dataserver-coids.inpe.br/queimadas/queimadas/focos/csv/anual/EstadosBr_sat_ref/PR/focos_br_pr_ref_2023.zip;2023;2026-10-07T18:19:30.573244+00:00;focos de calor
4109401;Guarapuava;AQUA_M-T;2023-07;0;True;INPE;https://dataserver-coids.inpe.br/queimadas/queimadas/focos/csv/anual/EstadosBr_sat_ref/PR/focos_br_pr_ref_2023.zip;2023;2026-10-07T18:19:30.573244+00:00;focos de calor
4109401;Guarapuava;AQUA_M-T;2023-08;6;True;INPE;https://dataserver-coids.inpe.br/queimadas/queimadas/focos/csv/anual/EstadosBr_sat_ref/PR/focos_br_pr_ref_2023.zip;2023;2026-10-07T18:19:30.573244+00:00;focos de calor
4109401;Guarapuava;AQUA_M-T;2023-09;1;True;INPE;https://dataserver-coids.inpe.br/queimadas/queimadas/focos/csv/anual/EstadosBr_sat_ref/PR/focos_br_pr_ref_2023.zip;2023;2026-10-07T18:19:30.573244+00:00;focos de calor
4109401;Guarapuava;AQUA_M-T;2023-10;0;True;INPE;https://dataserver-coids.inpe.br/queimadas/queimadas/focos/csv/anual/EstadosBr_sat_ref/PR/focos_br_pr_ref_2023.zip;2023;2026-10-07T18:19:30.573244+00:00;focos de calor
4109401;Guarapuava;AQUA_M-T;2023-11;2;True;INPE;https://dataserver-coids.inpe.br/queimadas/queimadas/focos/csv/anual/EstadosBr_sat_ref/PR/focos_br_pr_ref_2023.zip;2023;2026-10-07T18:19:30.573244+00:00;focos de calor
4109401;Guarapuava;AQUA_M-T;2023-12;0;True;INPE;https://dataserver-coids.inpe.br/queimadas/queimadas/focos/csv/anual/EstadosBr_sat_ref/PR/focos_br_pr_ref_2023.zip;2023;2026-10-07T18:19:30.573244+00:00;focos de calor
4109401;Guarapuava;AQUA_M-T;2024-01;2;True;INPE;https://dataserver-coids.inpe.br/queimadas/queimadas/focos/csv/anual/EstadosBr_sat_ref/PR/focos_br_pr_ref_2024.zip;2024;2026-10-07T18:19:30.573244+00:00;focos de calor
4109401;Guarapuava;AQUA_M-T;2024-02;0;True;INPE;https://dataserver-coids.inpe.br/queimadas/queimadas/focos/csv/anual/EstadosBr_sat_ref/PR/focos_br_pr_ref_2024.zip;2024;2026-10-07T18:19:30.573244+00:00;focos de calor
4109401;Guarapuava;AQUA_M-T;2024-03;2;True;INPE;https://dataserver-coids.inpe.br/queimadas/queimadas/focos/csv/anual/EstadosBr_sat_ref/PR/focos_br_pr_ref_2024.zip;2024;2026-10-07T18:19:30.573244+00:00;focos de calor
4109401;Guarapuava;AQUA_M-T;2024-04;0;True;INPE;https://dataserver-coids.inpe.br/queimadas/queimadas/focos/csv/anual/EstadosBr_sat_ref/PR/focos_br_pr_ref_2024.zip;2024;2026-10-07T18:19:30.573244+00:00;focos de calor
4109401;Guarapuava;AQUA_M-T;2024-05;2;True;INPE;https://dataserver-coids.inpe.br/queimadas/queimadas/focos/csv/anual/EstadosBr_sat_ref/PR/focos_br_pr_ref_2024.zip;2024;2026-10-07T18:19:30.573244+00:00;focos de calor
4109401;Guarapuava;AQUA_M-T;2024-06;1;True;INPE;https://dataserver-coids.inpe.br/queimadas/queimadas/focos/csv/anual/EstadosBr_sat_ref/PR/focos_br_pr_ref_2024.zip;2024;2026-10-07T18:19:30.573244+00:00;focos de calor
4109401;Guarapuava;AQUA_M-T;2024-07;2;True;INPE;https://dataserver-coids.inpe.br/queimadas/queimadas/focos/csv/anual/EstadosBr_sat_ref/PR/focos_br_pr_ref_2024.zip;2024;2026-10-07T18:19:30.573244+00:00;focos de calor
4109401;Guarapuava;AQUA_M-T;2024-08;17;True;INPE;https://dataserver-coids.inpe.br/queimadas/queimadas/focos/csv/anual/EstadosBr_sat_ref/PR/focos_br_pr_ref_2024.zip;2024;2026-10-07T18:19:30.573244+00:00;focos de calor
4109401;Guarapuava;AQUA_M-T;2024-09;8;True;INPE;https://dataserver-coids.inpe.br/queimadas/queimadas/focos/csv/anual/EstadosBr_sat_ref/PR/focos_br_pr_ref_2024.zip;2024;2026-10-07T18:19:30.573244+00:00;focos de calor
4109401;Guarapuava;AQUA_M-T;2024-10;0;True;INPE;https://dataserver-coids.inpe.br/queimadas/queimadas/focos/csv/anual/EstadosBr_sat_ref/PR/focos_br_pr_ref_2024.zip;2024;2026-10-07T18:19:30.573244+00:00;focos de calor
4109401;Guarapuava;AQUA_M-T;2024-11;1;True;INPE;https://dataserver-coids.inpe.br/queimadas/queimadas/focos/csv/anual/EstadosBr_sat_ref/PR/focos_br_pr_ref_2024.zip;2024;2026-10-07T18:19:30.573244+00:00;focos de calor
4109401;Guarapuava;AQUA_M-T;2024-12;3;True;INPE;https://dataserver-coids.inpe.br/queimadas/queimadas/focos/csv/anual/EstadosBr_sat_ref/PR/focos_br_pr_ref_2024.zip;2024;2026-10-07T18:19:30.573244+00:00;focos de calor
4109401;Guarapuava;AQUA_M-T;2025-01;1;True;INPE;https://dataserver-coids.inpe.br/queimadas/queimadas/focos/csv/anual/Brasil_sat_ref/focos_br_ref_2025.zip;2025;2026-10-07T18:19:30.573244+00:00;focos de calor
4109401;Guarapuava;AQUA_M-T;2025-02;3;True;INPE;https://dataserver-coids.inpe.br/queimadas/queimadas/focos/csv/anual/Brasil_sat_ref/focos_br_ref_2025.zip;2025;2026-10-07T18:19:30.573244+00:00;focos de calor
4109401;Guarapuava;AQUA_M-T;2025-03;4;True;INPE;https://dataserver-coids.inpe.br/queimadas/queimadas/focos/csv/anual/Brasil_sat_ref/focos_br_ref_2025.zip;2025;2026-10-07T18:19:30.573244+00:00;focos de calor
4109401;Guarapuava;AQUA_M-T;2025-04;0;True;INPE;https://dataserver-coids.inpe.br/queimadas/queimadas/focos/csv/anual/Brasil_sat_ref/focos_br_ref_2025.zip;2025;2026-10-07T18:19:30.573244+00:00;focos de calor
4109401;Guarapuava;AQUA_M-T;2025-05;1;True;INPE;https://dataserver-coids.inpe.br/queimadas/queimadas/focos/csv/anual/Brasil_sat_ref/focos_br_ref_2025.zip;2025;2026-10-07T18:19:30.573244+00:00;focos de calor
4109401;Guarapuava;AQUA_M-T;2025-06;1;True;INPE;https://dataserver-coids.inpe.br/queimadas/queimadas/focos/csv/anual/Brasil_sat_ref/focos_br_ref_2025.zip;2025;2026-10-07T18:19:30.573244+00:00;focos de calor
4109401;Guarapuava;AQUA_M-T;2025-07;1;True;INPE;https://dataserver-coids.inpe.br/queimadas/queimadas/focos/csv/anual/Brasil_sat_ref/focos_br_ref_2025.zip;2025;2026-10-07T18:19:30.573244+00:00;focos de calor
4109401;Guarapuava;AQUA_M-T;2025-08;12;True;INPE;https://dataserver-coids.inpe.br/queimadas/queimadas/focos/csv/anual/Brasil_sat_ref/focos_br_ref_2025.zip;2025;2026-10-07T18:19:30.573244+00:00;focos de calor
4109401;Guarapuava;AQUA_M-T;2025-09;7;True;INPE;https://dataserver-coids.inpe.br/queimadas/queimadas/focos/csv/anual/Brasil_sat_ref/focos_br_ref_2025.zip;2025;2026-10-07T18:19:30.573244+00:00;focos de calor
4109401;Guarapuava;AQUA_M-T;2025-10;6;True;INPE;https://dataserver-coids.inpe.br/queimadas/queimadas/focos/csv/anual/Brasil_sat_ref/focos_br_ref_2025.zip;2025;2026-10-07T18:19:30.573244+00:00;focos de calor
4109401;Guarapuava;AQUA_M-T;2025-11;3;True;INPE;https://dataserver-coids.inpe.br/queimadas/queimadas/focos/csv/anual/Brasil_sat_ref/focos_br_ref_2025.zip;2025;2026-10-07T18:19:30.573244+00:00;focos de calor
4109401;Guarapuava;AQUA_M-T;2025-12;1;True;INPE;https://dataserver-coids.inpe.br/queimadas/queimadas/focos/csv/anual/Brasil_sat_ref/focos_br_ref_2025.zip;2025;2026-10-07T18:19:30.573244+00:00;focos de calor
4109401;Guarapuava;AQUA_M-T;2026-01;1;True;INPE;https://dataserver-coids.inpe.br/queimadas/queimadas/focos/csv/mensal/Brasil/focos_mensal_br_202601.csv;202601;2026-10-07T18:19:30.573244+00:00;focos de calor
4109401;Guarapuava;AQUA_M-T;2026-02;0;True;INPE;https://dataserver-coids.inpe.br/queimadas/queimadas/focos/csv/mensal/Brasil/focos_mensal_br_202602.csv;202602;2026-10-07T18:19:30.573244+00:00;focos de calor
4109401;Guarapuava;AQUA_M-T;2026-03;0;True;INPE;https://dataserver-coids.inpe.br/queimadas/queimadas/focos/csv/mensal/Brasil/focos_mensal_br_202603.csv;202603;2026-10-07T18:19:30.573244+00:00;focos de calor
4109401;Guarapuava;AQUA_M-T;2026-04;4;True;INPE;https://dataserver-coids.inpe.br/queimadas/queimadas/focos/csv/mensal/Brasil/focos_mensal_br_202604.csv;202604;2026-10-07T18:19:30.573244+00:00;focos de calor
4109401;Guarapuava;AQUA_M-T;2026-05;0;True;INPE;https://dataserver-coids.inpe.br/queimadas/queimadas/focos/csv/mensal/Brasil/focos_mensal_br_202605.csv;202605;2026-10-07T18:19:30.573244+00:00;focos de calor
4109401;Guarapuava;AQUA_M-T;2026-06;2;True;INPE;https://dataserver-coids.inpe.br/queimadas/queimadas/focos/csv/mensal/Brasil/focos_mensal_br_202606.csv;202606;2026-10-07T18:19:30.573244+00:00;focos de calor
4109401;Guarapuava;AQUA_M-T;2026-07;5;True;INPE;https://dataserver-coids.inpe.br/queimadas/queimadas/focos/csv/mensal/Brasil/focos_mensal_br_202607.csv;202607;2026-10-07T18:19:30.573244+00:00;focos de calor
4109401;Guarapuava;AQUA_M-T;2026-08;2;True;INPE;https://dataserver-coids.inpe.br/queimadas/queimadas/focos/csv/mensal/Brasil/focos_mensal_br_202608.csv;202608;2026-10-07T18:19:30.573244+00:00;focos de calor
4109401;Guarapuava;AQUA_M-T;2026-09;0;True;INPE;https://dataserver-coids.inpe.br/queimadas/queimadas/focos/csv/mensal/Brasil/focos_mensal_br_202609.csv;202609;2026-10-07T18:19:30.573244+00:00;focos de calor
4109401;Guarapuava;AQUA_M-T;2026-10;0;True;INPE;https://dataserver-coids.inpe.br/queimadas/queimadas/focos/csv/mensal/Brasil/focos_mensal_br_202610.csv;202610;2026-10-07T18:19:30.573244+00:00;focos de calor
4109401;Guarapuava;AQUA_M-T;2026-11;;False;INPE;https://data.inpe.br/queimadas/pages/secao_downloads/dados-abertos/;2026-11;;focos de calor
4109401;Guarapuava;AQUA_M-T;2026-12;;False;INPE;https://data.inpe.br/queimadas/pages/secao_downloads/dados-abertos/;2026-12;;focos de calor
4119608;Pitanga;AQUA_M-T;2020-01;0;True;INPE;https://dataserver-coids.inpe.br/queimadas/queimadas/focos/csv/anual/EstadosBr_sat_ref/PR/focos_br_pr_ref_2020.zip;2020;2026-10-07T18:19:30.573244+00:00;focos de calor
4119608;Pitanga;AQUA_M-T;2020-02;1;True;INPE;https://dataserver-coids.inpe.br/queimadas/queimadas/focos/csv/anual/EstadosBr_sat_ref/PR/focos_br_pr_ref_2020.zip;2020;2026-10-07T18:19:30.573244+00:00;focos de calor
4119608;Pitanga;AQUA_M-T;2020-03;0;True;INPE;https://dataserver-coids.inpe.br/queimadas/queimadas/focos/csv/anual/EstadosBr_sat_ref/PR/focos_br_pr_ref_2020.zip;2020;2026-10-07T18:19:30.573244+00:00;focos de calor
4119608;Pitanga;AQUA_M-T;2020-04;0;True;INPE;https://dataserver-coids.inpe.br/queimadas/queimadas/focos/csv/anual/EstadosBr_sat_ref/PR/focos_br_pr_ref_2020.zip;2020;2026-10-07T18:19:30.573244+00:00;focos de calor
4119608;Pitanga;AQUA_M-T;2020-05;5;True;INPE;https://dataserver-coids.inpe.br/queimadas/queimadas/focos/csv/anual/EstadosBr_sat_ref/PR/focos_br_pr_ref_2020.zip;2020;2026-10-07T18:19:30.573244+00:00;focos de calor
4119608;Pitanga;AQUA_M-T;2020-06;8;True;INPE;https://dataserver-coids.inpe.br/queimadas/queimadas/focos/csv/anual/EstadosBr_sat_ref/PR/focos_br_pr_ref_2020.zip;2020;2026-10-07T18:19:30.573244+00:00;focos de calor
4119608;Pitanga;AQUA_M-T;2020-07;5;True;INPE;https://dataserver-coids.inpe.br/queimadas/queimadas/focos/csv/anual/EstadosBr_sat_ref/PR/focos_br_pr_ref_2020.zip;2020;2026-10-07T18:19:30.573244+00:00;focos de calor
4119608;Pitanga;AQUA_M-T;2020-08;6;True;INPE;https://dataserver-coids.inpe.br/queimadas/queimadas/focos/csv/anual/EstadosBr_sat_ref/PR/focos_br_pr_ref_2020.zip;2020;2026-10-07T18:19:30.573244+00:00;focos de calor
4119608;Pitanga;AQUA_M-T;2020-09;3;True;INPE;https://dataserver-coids.inpe.br/queimadas/queimadas/focos/csv/anual/EstadosBr_sat_ref/PR/focos_br_pr_ref_2020.zip;2020;2026-10-07T18:19:30.573244+00:00;focos de calor
4119608;Pitanga;AQUA_M-T;2020-10;2;True;INPE;https://dataserver-coids.inpe.br/queimadas/queimadas/focos/csv/anual/EstadosBr_sat_ref/PR/focos_br_pr_ref_2020.zip;2020;2026-10-07T18:19:30.573244+00:00;focos de calor
4119608;Pitanga;AQUA_M-T;2020-11;1;True;INPE;https://dataserver-coids.inpe.br/queimadas/queimadas/focos/csv/anual/EstadosBr_sat_ref/PR/focos_br_pr_ref_2020.zip;2020;2026-10-07T18:19:30.573244+00:00;focos de calor
4119608;Pitanga;AQUA_M-T;2020-12;1;True;INPE;https://dataserver-coids.inpe.br/queimadas/queimadas/focos/csv/anual/EstadosBr_sat_ref/PR/focos_br_pr_ref_2020.zip;2020;2026-10-07T18:19:30.573244+00:00;focos de calor
4119608;Pitanga;AQUA_M-T;2021-01;0;True;INPE;https://dataserver-coids.inpe.br/queimadas/queimadas/focos/csv/anual/EstadosBr_sat_ref/PR/focos_br_pr_ref_2021.zip;2021;2026-10-07T18:19:30.573244+00:00;focos de calor
4119608;Pitanga;AQUA_M-T;2021-02;1;True;INPE;https://dataserver-coids.inpe.br/queimadas/queimadas/focos/csv/anual/EstadosBr_sat_ref/PR/focos_br_pr_ref_2021.zip;2021;2026-10-07T18:19:30.573244+00:00;focos de calor
4119608;Pitanga;AQUA_M-T;2021-03;0;True;INPE;https://dataserver-coids.inpe.br/queimadas/queimadas/focos/csv/anual/EstadosBr_sat_ref/PR/focos_br_pr_ref_2021.zip;2021;2026-10-07T18:19:30.573244+00:00;focos de calor
4119608;Pitanga;AQUA_M-T;2021-04;1;True;INPE;https://dataserver-coids.inpe.br/queimadas/queimadas/focos/csv/anual/EstadosBr_sat_ref/PR/focos_br_pr_ref_2021.zip;2021;2026-10-07T18:19:30.573244+00:00;focos de calor
4119608;Pitanga;AQUA_M-T;2021-05;1;True;INPE;https://dataserver-coids.inpe.br/queimadas/queimadas/focos/csv/anual/EstadosBr_sat_ref/PR/focos_br_pr_ref_2021.zip;2021;2026-10-07T18:19:30.573244+00:00;focos de calor
4119608;Pitanga;AQUA_M-T;2021-06;0;True;INPE;https://dataserver-coids.inpe.br/queimadas/queimadas/focos/csv/anual/EstadosBr_sat_ref/PR/focos_br_pr_ref_2021.zip;2021;2026-10-07T18:19:30.573244+00:00;focos de calor
4119608;Pitanga;AQUA_M-T;2021-07;3;True;INPE;https://dataserver-coids.inpe.br/queimadas/queimadas/focos/csv/anual/EstadosBr_sat_ref/PR/focos_br_pr_ref_2021.zip;2021;2026-10-07T18:19:30.573244+00:00;focos de calor
4119608;Pitanga;AQUA_M-T;2021-08;12;True;INPE;https://dataserver-coids.inpe.br/queimadas/queimadas/focos/csv/anual/EstadosBr_sat_ref/PR/focos_br_pr_ref_2021.zip;2021;2026-10-07T18:19:30.573244+00:00;focos de calor
4119608;Pitanga;AQUA_M-T;2021-09;1;True;INPE;https://dataserver-coids.inpe.br/queimadas/queimadas/focos/csv/anual/EstadosBr_sat_ref/PR/focos_br_pr_ref_2021.zip;2021;2026-10-07T18:19:30.573244+00:00;focos de calor
4119608;Pitanga;AQUA_M-T;2021-10;0;True;INPE;https://dataserver-coids.inpe.br/queimadas/queimadas/focos/csv/anual/EstadosBr_sat_ref/PR/focos_br_pr_ref_2021.zip;2021;2026-10-07T18:19:30.573244+00:00;focos de calor
4119608;Pitanga;AQUA_M-T;2021-11;1;True;INPE;https://dataserver-coids.inpe.br/queimadas/queimadas/focos/csv/anual/EstadosBr_sat_ref/PR/focos_br_pr_ref_2021.zip;2021;2026-10-07T18:19:30.573244+00:00;focos de calor
4119608;Pitanga;AQUA_M-T;2021-12;0;True;INPE;https://dataserver-coids.inpe.br/queimadas/queimadas/focos/csv/anual/EstadosBr_sat_ref/PR/focos_br_pr_ref_2021.zip;2021;2026-10-07T18:19:30.573244+00:00;focos de calor
4119608;Pitanga;AQUA_M-T;2022-01;1;True;INPE;https://dataserver-coids.inpe.br/queimadas/queimadas/focos/csv/anual/EstadosBr_sat_ref/PR/focos_br_pr_ref_2022.zip;2022;2026-10-07T18:19:30.573244+00:00;focos de calor
4119608;Pitanga;AQUA_M-T;2022-02;0;True;INPE;https://dataserver-coids.inpe.br/queimadas/queimadas/focos/csv/anual/EstadosBr_sat_ref/PR/focos_br_pr_ref_2022.zip;2022;2026-10-07T18:19:30.573244+00:00;focos de calor
4119608;Pitanga;AQUA_M-T;2022-03;0;True;INPE;https://dataserver-coids.inpe.br/queimadas/queimadas/focos/csv/anual/EstadosBr_sat_ref/PR/focos_br_pr_ref_2022.zip;2022;2026-10-07T18:19:30.573244+00:00;focos de calor
4119608;Pitanga;AQUA_M-T;2022-04;0;True;INPE;https://dataserver-coids.inpe.br/queimadas/queimadas/focos/csv/anual/EstadosBr_sat_ref/PR/focos_br_pr_ref_2022.zip;2022;2026-10-07T18:19:30.573244+00:00;focos de calor
4119608;Pitanga;AQUA_M-T;2022-05;0;True;INPE;https://dataserver-coids.inpe.br/queimadas/queimadas/focos/csv/anual/EstadosBr_sat_ref/PR/focos_br_pr_ref_2022.zip;2022;2026-10-07T18:19:30.573244+00:00;focos de calor
4119608;Pitanga;AQUA_M-T;2022-06;0;True;INPE;https://dataserver-coids.inpe.br/queimadas/queimadas/focos/csv/anual/EstadosBr_sat_ref/PR/focos_br_pr_ref_2022.zip;2022;2026-10-07T18:19:30.573244+00:00;focos de calor
4119608;Pitanga;AQUA_M-T;2022-07;4;True;INPE;https://dataserver-coids.inpe.br/queimadas/queimadas/focos/csv/anual/EstadosBr_sat_ref/PR/focos_br_pr_ref_2022.zip;2022;2026-10-07T18:19:30.573244+00:00;focos de calor
4119608;Pitanga;AQUA_M-T;2022-08;3;True;INPE;https://dataserver-coids.inpe.br/queimadas/queimadas/focos/csv/anual/EstadosBr_sat_ref/PR/focos_br_pr_ref_2022.zip;2022;2026-10-07T18:19:30.573244+00:00;focos de calor
4119608;Pitanga;AQUA_M-T;2022-09;0;True;INPE;https://dataserver-coids.inpe.br/queimadas/queimadas/focos/csv/anual/EstadosBr_sat_ref/PR/focos_br_pr_ref_2022.zip;2022;2026-10-07T18:19:30.573244+00:00;focos de calor
4119608;Pitanga;AQUA_M-T;2022-10;0;True;INPE;https://dataserver-coids.inpe.br/queimadas/queimadas/focos/csv/anual/EstadosBr_sat_ref/PR/focos_br_pr_ref_2022.zip;2022;2026-10-07T18:19:30.573244+00:00;focos de calor
4119608;Pitanga;AQUA_M-T;2022-11;0;True;INPE;https://dataserver-coids.inpe.br/queimadas/queimadas/focos/csv/anual/EstadosBr_sat_ref/PR/focos_br_pr_ref_2022.zip;2022;2026-10-07T18:19:30.573244+00:00;focos de calor
4119608;Pitanga;AQUA_M-T;2022-12;1;True;INPE;https://dataserver-coids.inpe.br/queimadas/queimadas/focos/csv/anual/EstadosBr_sat_ref/PR/focos_br_pr_ref_2022.zip;2022;2026-10-07T18:19:30.573244+00:00;focos de calor
4119608;Pitanga;AQUA_M-T;2023-01;2;True;INPE;https://dataserver-coids.inpe.br/queimadas/queimadas/focos/csv/anual/EstadosBr_sat_ref/PR/focos_br_pr_ref_2023.zip;2023;2026-10-07T18:19:30.573244+00:00;focos de calor
4119608;Pitanga;AQUA_M-T;2023-02;0;True;INPE;https://dataserver-coids.inpe.br/queimadas/queimadas/focos/csv/anual/EstadosBr_sat_ref/PR/focos_br_pr_ref_2023.zip;2023;2026-10-07T18:19:30.573244+00:00;focos de calor
4119608;Pitanga;AQUA_M-T;2023-03;0;True;INPE;https://dataserver-coids.inpe.br/queimadas/queimadas/focos/csv/anual/EstadosBr_sat_ref/PR/focos_br_pr_ref_2023.zip;2023;2026-10-07T18:19:30.573244+00:00;focos de calor
4119608;Pitanga;AQUA_M-T;2023-04;0;True;INPE;https://dataserver-coids.inpe.br/queimadas/queimadas/focos/csv/anual/EstadosBr_sat_ref/PR/focos_br_pr_ref_2023.zip;2023;2026-10-07T18:19:30.573244+00:00;focos de calor
4119608;Pitanga;AQUA_M-T;2023-05;3;True;INPE;https://dataserver-coids.inpe.br/queimadas/queimadas/focos/csv/anual/EstadosBr_sat_ref/PR/focos_br_pr_ref_2023.zip;2023;2026-10-07T18:19:30.573244+00:00;focos de calor
4119608;Pitanga;AQUA_M-T;2023-06;1;True;INPE;https://dataserver-coids.inpe.br/queimadas/queimadas/focos/csv/anual/EstadosBr_sat_ref/PR/focos_br_pr_ref_2023.zip;2023;2026-10-07T18:19:30.573244+00:00;focos de calor
4119608;Pitanga;AQUA_M-T;2023-07;0;True;INPE;https://dataserver-coids.inpe.br/queimadas/queimadas/focos/csv/anual/EstadosBr_sat_ref/PR/focos_br_pr_ref_2023.zip;2023;2026-10-07T18:19:30.573244+00:00;focos de calor
4119608;Pitanga;AQUA_M-T;2023-08;3;True;INPE;https://dataserver-coids.inpe.br/queimadas/queimadas/focos/csv/anual/EstadosBr_sat_ref/PR/focos_br_pr_ref_2023.zip;2023;2026-10-07T18:19:30.573244+00:00;focos de calor
4119608;Pitanga;AQUA_M-T;2023-09;1;True;INPE;https://dataserver-coids.inpe.br/queimadas/queimadas/focos/csv/anual/EstadosBr_sat_ref/PR/focos_br_pr_ref_2023.zip;2023;2026-10-07T18:19:30.573244+00:00;focos de calor
4119608;Pitanga;AQUA_M-T;2023-10;0;True;INPE;https://dataserver-coids.inpe.br/queimadas/queimadas/focos/csv/anual/EstadosBr_sat_ref/PR/focos_br_pr_ref_2023.zip;2023;2026-10-07T18:19:30.573244+00:00;focos de calor
4119608;Pitanga;AQUA_M-T;2023-11;1;True;INPE;https://dataserver-coids.inpe.br/queimadas/queimadas/focos/csv/anual/EstadosBr_sat_ref/PR/focos_br_pr_ref_2023.zip;2023;2026-10-07T18:19:30.573244+00:00;focos de calor
4119608;Pitanga;AQUA_M-T;2023-12;0;True;INPE;https://dataserver-coids.inpe.br/queimadas/queimadas/focos/csv/anual/EstadosBr_sat_ref/PR/focos_br_pr_ref_2023.zip;2023;2026-10-07T18:19:30.573244+00:00;focos de calor
4119608;Pitanga;AQUA_M-T;2024-01;0;True;INPE;https://dataserver-coids.inpe.br/queimadas/queimadas/focos/csv/anual/EstadosBr_sat_ref/PR/focos_br_pr_ref_2024.zip;2024;2026-10-07T18:19:30.573244+00:00;focos de calor
4119608;Pitanga;AQUA_M-T;2024-02;0;True;INPE;https://dataserver-coids.inpe.br/queimadas/queimadas/focos/csv/anual/EstadosBr_sat_ref/PR/focos_br_pr_ref_2024.zip;2024;2026-10-07T18:19:30.573244+00:00;focos de calor
4119608;Pitanga;AQUA_M-T;2024-03;4;True;INPE;https://dataserver-coids.inpe.br/queimadas/queimadas/focos/csv/anual/EstadosBr_sat_ref/PR/focos_br_pr_ref_2024.zip;2024;2026-10-07T18:19:30.573244+00:00;focos de calor
4119608;Pitanga;AQUA_M-T;2024-04;0;True;INPE;https://dataserver-coids.inpe.br/queimadas/queimadas/focos/csv/anual/EstadosBr_sat_ref/PR/focos_br_pr_ref_2024.zip;2024;2026-10-07T18:19:30.573244+00:00;focos de calor
4119608;Pitanga;AQUA_M-T;2024-05;1;True;INPE;https://dataserver-coids.inpe.br/queimadas/queimadas/focos/csv/anual/EstadosBr_sat_ref/PR/focos_br_pr_ref_2024.zip;2024;2026-10-07T18:19:30.573244+00:00;focos de calor
4119608;Pitanga;AQUA_M-T;2024-06;1;True;INPE;https://dataserver-coids.inpe.br/queimadas/queimadas/focos/csv/anual/EstadosBr_sat_ref/PR/focos_br_pr_ref_2024.zip;2024;2026-10-07T18:19:30.573244+00:00;focos de calor
4119608;Pitanga;AQUA_M-T;2024-07;0;True;INPE;https://dataserver-coids.inpe.br/queimadas/queimadas/focos/csv/anual/EstadosBr_sat_ref/PR/focos_br_pr_ref_2024.zip;2024;2026-10-07T18:19:30.573244+00:00;focos de calor
4119608;Pitanga;AQUA_M-T;2024-08;3;True;INPE;https://dataserver-coids.inpe.br/queimadas/queimadas/focos/csv/anual/EstadosBr_sat_ref/PR/focos_br_pr_ref_2024.zip;2024;2026-10-07T18:19:30.573244+00:00;focos de calor
4119608;Pitanga;AQUA_M-T;2024-09;7;True;INPE;https://dataserver-coids.inpe.br/queimadas/queimadas/focos/csv/anual/EstadosBr_sat_ref/PR/focos_br_pr_ref_2024.zip;2024;2026-10-07T18:19:30.573244+00:00;focos de calor
4119608;Pitanga;AQUA_M-T;2024-10;1;True;INPE;https://dataserver-coids.inpe.br/queimadas/queimadas/focos/csv/anual/EstadosBr_sat_ref/PR/focos_br_pr_ref_2024.zip;2024;2026-10-07T18:19:30.573244+00:00;focos de calor
4119608;Pitanga;AQUA_M-T;2024-11;0;True;INPE;https://dataserver-coids.inpe.br/queimadas/queimadas/focos/csv/anual/EstadosBr_sat_ref/PR/focos_br_pr_ref_2024.zip;2024;2026-10-07T18:19:30.573244+00:00;focos de calor
4119608;Pitanga;AQUA_M-T;2024-12;0;True;INPE;https://dataserver-coids.inpe.br/queimadas/queimadas/focos/csv/anual/EstadosBr_sat_ref/PR/focos_br_pr_ref_2024.zip;2024;2026-10-07T18:19:30.573244+00:00;focos de calor
4119608;Pitanga;AQUA_M-T;2025-01;2;True;INPE;https://dataserver-coids.inpe.br/queimadas/queimadas/focos/csv/anual/Brasil_sat_ref/focos_br_ref_2025.zip;2025;2026-10-07T18:19:30.573244+00:00;focos de calor
4119608;Pitanga;AQUA_M-T;2025-02;0;True;INPE;https://dataserver-coids.inpe.br/queimadas/queimadas/focos/csv/anual/Brasil_sat_ref/focos_br_ref_2025.zip;2025;2026-10-07T18:19:30.573244+00:00;focos de calor
4119608;Pitanga;AQUA_M-T;2025-03;0;True;INPE;https://dataserver-coids.inpe.br/queimadas/queimadas/focos/csv/anual/Brasil_sat_ref/focos_br_ref_2025.zip;2025;2026-10-07T18:19:30.573244+00:00;focos de calor
4119608;Pitanga;AQUA_M-T;2025-04;0;True;INPE;https://dataserver-coids.inpe.br/queimadas/queimadas/focos/csv/anual/Brasil_sat_ref/focos_br_ref_2025.zip;2025;2026-10-07T18:19:30.573244+00:00;focos de calor
4119608;Pitanga;AQUA_M-T;2025-05;0;True;INPE;https://dataserver-coids.inpe.br/queimadas/queimadas/focos/csv/anual/Brasil_sat_ref/focos_br_ref_2025.zip;2025;2026-10-07T18:19:30.573244+00:00;focos de calor
4119608;Pitanga;AQUA_M-T;2025-06;0;True;INPE;https://dataserver-coids.inpe.br/queimadas/queimadas/focos/csv/anual/Brasil_sat_ref/focos_br_ref_2025.zip;2025;2026-10-07T18:19:30.573244+00:00;focos de calor
4119608;Pitanga;AQUA_M-T;2025-07;2;True;INPE;https://dataserver-coids.inpe.br/queimadas/queimadas/focos/csv/anual/Brasil_sat_ref/focos_br_ref_2025.zip;2025;2026-10-07T18:19:30.573244+00:00;focos de calor
4119608;Pitanga;AQUA_M-T;2025-08;1;True;INPE;https://dataserver-coids.inpe.br/queimadas/queimadas/focos/csv/anual/Brasil_sat_ref/focos_br_ref_2025.zip;2025;2026-10-07T18:19:30.573244+00:00;focos de calor
4119608;Pitanga;AQUA_M-T;2025-09;3;True;INPE;https://dataserver-coids.inpe.br/queimadas/queimadas/focos/csv/anual/Brasil_sat_ref/focos_br_ref_2025.zip;2025;2026-10-07T18:19:30.573244+00:00;focos de calor
4119608;Pitanga;AQUA_M-T;2025-10;0;True;INPE;https://dataserver-coids.inpe.br/queimadas/queimadas/focos/csv/anual/Brasil_sat_ref/focos_br_ref_2025.zip;2025;2026-10-07T18:19:30.573244+00:00;focos de calor
4119608;Pitanga;AQUA_M-T;2025-11;0;True;INPE;https://dataserver-coids.inpe.br/queimadas/queimadas/focos/csv/anual/Brasil_sat_ref/focos_br_ref_2025.zip;2025;2026-10-07T18:19:30.573244+00:00;focos de calor
4119608;Pitanga;AQUA_M-T;2025-12;0;True;INPE;https://dataserver-coids.inpe.br/queimadas/queimadas/focos/csv/anual/Brasil_sat_ref/focos_br_ref_2025.zip;2025;2026-10-07T18:19:30.573244+00:00;focos de calor
4119608;Pitanga;AQUA_M-T;2026-01;0;True;INPE;https://dataserver-coids.inpe.br/queimadas/queimadas/focos/csv/mensal/Brasil/focos_mensal_br_202601.csv;202601;2026-10-07T18:19:30.573244+00:00;focos de calor
4119608;Pitanga;AQUA_M-T;2026-02;1;True;INPE;https://dataserver-coids.inpe.br/queimadas/queimadas/focos/csv/mensal/Brasil/focos_mensal_br_202602.csv;202602;2026-10-07T18:19:30.573244+00:00;focos de calor
4119608;Pitanga;AQUA_M-T;2026-03;1;True;INPE;https://dataserver-coids.inpe.br/queimadas/queimadas/focos/csv/mensal/Brasil/focos_mensal_br_202603.csv;202603;2026-10-07T18:19:30.573244+00:00;focos de calor
4119608;Pitanga;AQUA_M-T;2026-04;0;True;INPE;https://dataserver-coids.inpe.br/queimadas/queimadas/focos/csv/mensal/Brasil/focos_mensal_br_202604.csv;202604;2026-10-07T18:19:30.573244+00:00;focos de calor
4119608;Pitanga;AQUA_M-T;2026-05;0;True;INPE;https://dataserver-coids.inpe.br/queimadas/queimadas/focos/csv/mensal/Brasil/focos_mensal_br_202605.csv;202605;2026-10-07T18:19:30.573244+00:00;focos de calor
4119608;Pitanga;AQUA_M-T;2026-06;0;True;INPE;https://dataserver-coids.inpe.br/queimadas/queimadas/focos/csv/mensal/Brasil/focos_mensal_br_202606.csv;202606;2026-10-07T18:19:30.573244+00:00;focos de calor
4119608;Pitanga;AQUA_M-T;2026-07;0;True;INPE;https://dataserver-coids.inpe.br/queimadas/queimadas/focos/csv/mensal/Brasil/focos_mensal_br_202607.csv;202607;2026-10-07T18:19:30.573244+00:00;focos de calor
4119608;Pitanga;AQUA_M-T;2026-08;0;True;INPE;https://dataserver-coids.inpe.br/queimadas/queimadas/focos/csv/mensal/Brasil/focos_mensal_br_202608.csv;202608;2026-10-07T18:19:30.573244+00:00;focos de calor
4119608;Pitanga;AQUA_M-T;2026-09;0;True;INPE;https://dataserver-coids.inpe.br/queimadas/queimadas/focos/csv/mensal/Brasil/focos_mensal_br_202609.csv;202609;2026-10-07T18:19:30.573244+00:00;focos de calor
4119608;Pitanga;AQUA_M-T;2026-10;0;True;INPE;https://dataserver-coids.inpe.br/queimadas/queimadas/focos/csv/mensal/Brasil/focos_mensal_br_202610.csv;202610;2026-10-07T18:19:30.573244+00:00;focos de calor
4119608;Pitanga;AQUA_M-T;2026-11;;False;INPE;https://data.inpe.br/queimadas/pages/secao_downloads/dados-abertos/;2026-11;;focos de calor
4119608;Pitanga;AQUA_M-T;2026-12;;False;INPE;https://data.inpe.br/queimadas/pages/secao_downloads/dados-abertos/;2026-12;;focos de calor
4113254;Laranjal;AQUA_M-T;2020-01;0;True;INPE;https://dataserver-coids.inpe.br/queimadas/queimadas/focos/csv/anual/EstadosBr_sat_ref/PR/focos_br_pr_ref_2020.zip;2020;2026-10-07T18:19:30.573244+00:00;focos de calor
4113254;Laranjal;AQUA_M-T;2020-02;0;True;INPE;https://dataserver-coids.inpe.br/queimadas/queimadas/focos/csv/anual/EstadosBr_sat_ref/PR/focos_br_pr_ref_2020.zip;2020;2026-10-07T18:19:30.573244+00:00;focos de calor
4113254;Laranjal;AQUA_M-T;2020-03;0;True;INPE;https://dataserver-coids.inpe.br/queimadas/queimadas/focos/csv/anual/EstadosBr_sat_ref/PR/focos_br_pr_ref_2020.zip;2020;2026-10-07T18:19:30.573244+00:00;focos de calor
4113254;Laranjal;AQUA_M-T;2020-04;0;True;INPE;https://dataserver-coids.inpe.br/queimadas/queimadas/focos/csv/anual/EstadosBr_sat_ref/PR/focos_br_pr_ref_2020.zip;2020;2026-10-07T18:19:30.573244+00:00;focos de calor
4113254;Laranjal;AQUA_M-T;2020-05;0;True;INPE;https://dataserver-coids.inpe.br/queimadas/queimadas/focos/csv/anual/EstadosBr_sat_ref/PR/focos_br_pr_ref_2020.zip;2020;2026-10-07T18:19:30.573244+00:00;focos de calor
4113254;Laranjal;AQUA_M-T;2020-06;0;True;INPE;https://dataserver-coids.inpe.br/queimadas/queimadas/focos/csv/anual/EstadosBr_sat_ref/PR/focos_br_pr_ref_2020.zip;2020;2026-10-07T18:19:30.573244+00:00;focos de calor
4113254;Laranjal;AQUA_M-T;2020-07;0;True;INPE;https://dataserver-coids.inpe.br/queimadas/queimadas/focos/csv/anual/EstadosBr_sat_ref/PR/focos_br_pr_ref_2020.zip;2020;2026-10-07T18:19:30.573244+00:00;focos de calor
4113254;Laranjal;AQUA_M-T;2020-08;4;True;INPE;https://dataserver-coids.inpe.br/queimadas/queimadas/focos/csv/anual/EstadosBr_sat_ref/PR/focos_br_pr_ref_2020.zip;2020;2026-10-07T18:19:30.573244+00:00;focos de calor
4113254;Laranjal;AQUA_M-T;2020-09;0;True;INPE;https://dataserver-coids.inpe.br/queimadas/queimadas/focos/csv/anual/EstadosBr_sat_ref/PR/focos_br_pr_ref_2020.zip;2020;2026-10-07T18:19:30.573244+00:00;focos de calor
4113254;Laranjal;AQUA_M-T;2020-10;2;True;INPE;https://dataserver-coids.inpe.br/queimadas/queimadas/focos/csv/anual/EstadosBr_sat_ref/PR/focos_br_pr_ref_2020.zip;2020;2026-10-07T18:19:30.573244+00:00;focos de calor
4113254;Laranjal;AQUA_M-T;2020-11;0;True;INPE;https://dataserver-coids.inpe.br/queimadas/queimadas/focos/csv/anual/EstadosBr_sat_ref/PR/focos_br_pr_ref_2020.zip;2020;2026-10-07T18:19:30.573244+00:00;focos de calor
4113254;Laranjal;AQUA_M-T;2020-12;0;True;INPE;https://dataserver-coids.inpe.br/queimadas/queimadas/focos/csv/anual/EstadosBr_sat_ref/PR/focos_br_pr_ref_2020.zip;2020;2026-10-07T18:19:30.573244+00:00;focos de calor
4113254;Laranjal;AQUA_M-T;2021-01;0;True;INPE;https://dataserver-coids.inpe.br/queimadas/queimadas/focos/csv/anual/EstadosBr_sat_ref/PR/focos_br_pr_ref_2021.zip;2021;2026-10-07T18:19:30.573244+00:00;focos de calor
4113254;Laranjal;AQUA_M-T;2021-02;0;True;INPE;https://dataserver-coids.inpe.br/queimadas/queimadas/focos/csv/anual/EstadosBr_sat_ref/PR/focos_br_pr_ref_2021.zip;2021;2026-10-07T18:19:30.573244+00:00;focos de calor
4113254;Laranjal;AQUA_M-T;2021-03;0;True;INPE;https://dataserver-coids.inpe.br/queimadas/queimadas/focos/csv/anual/EstadosBr_sat_ref/PR/focos_br_pr_ref_2021.zip;2021;2026-10-07T18:19:30.573244+00:00;focos de calor
4113254;Laranjal;AQUA_M-T;2021-04;0;True;INPE;https://dataserver-coids.inpe.br/queimadas/queimadas/focos/csv/anual/EstadosBr_sat_ref/PR/focos_br_pr_ref_2021.zip;2021;2026-10-07T18:19:30.573244+00:00;focos de calor
4113254;Laranjal;AQUA_M-T;2021-05;0;True;INPE;https://dataserver-coids.inpe.br/queimadas/queimadas/focos/csv/anual/EstadosBr_sat_ref/PR/focos_br_pr_ref_2021.zip;2021;2026-10-07T18:19:30.573244+00:00;focos de calor
4113254;Laranjal;AQUA_M-T;2021-06;0;True;INPE;https://dataserver-coids.inpe.br/queimadas/queimadas/focos/csv/anual/EstadosBr_sat_ref/PR/focos_br_pr_ref_2021.zip;2021;2026-10-07T18:19:30.573244+00:00;focos de calor
4113254;Laranjal;AQUA_M-T;2021-07;0;True;INPE;https://dataserver-coids.inpe.br/queimadas/queimadas/focos/csv/anual/EstadosBr_sat_ref/PR/focos_br_pr_ref_2021.zip;2021;2026-10-07T18:19:30.573244+00:00;focos de calor
4113254;Laranjal;AQUA_M-T;2021-08;0;True;INPE;https://dataserver-coids.inpe.br/queimadas/queimadas/focos/csv/anual/EstadosBr_sat_ref/PR/focos_br_pr_ref_2021.zip;2021;2026-10-07T18:19:30.573244+00:00;focos de calor
4113254;Laranjal;AQUA_M-T;2021-09;1;True;INPE;https://dataserver-coids.inpe.br/queimadas/queimadas/focos/csv/anual/EstadosBr_sat_ref/PR/focos_br_pr_ref_2021.zip;2021;2026-10-07T18:19:30.573244+00:00;focos de calor
4113254;Laranjal;AQUA_M-T;2021-10;0;True;INPE;https://dataserver-coids.inpe.br/queimadas/queimadas/focos/csv/anual/EstadosBr_sat_ref/PR/focos_br_pr_ref_2021.zip;2021;2026-10-07T18:19:30.573244+00:00;focos de calor
4113254;Laranjal;AQUA_M-T;2021-11;1;True;INPE;https://dataserver-coids.inpe.br/queimadas/queimadas/focos/csv/anual/EstadosBr_sat_ref/PR/focos_br_pr_ref_2021.zip;2021;2026-10-07T18:19:30.573244+00:00;focos de calor
4113254;Laranjal;AQUA_M-T;2021-12;0;True;INPE;https://dataserver-coids.inpe.br/queimadas/queimadas/focos/csv/anual/EstadosBr_sat_ref/PR/focos_br_pr_ref_2021.zip;2021;2026-10-07T18:19:30.573244+00:00;focos de calor
4113254;Laranjal;AQUA_M-T;2022-01;0;True;INPE;https://dataserver-coids.inpe.br/queimadas/queimadas/focos/csv/anual/EstadosBr_sat_ref/PR/focos_br_pr_ref_2022.zip;2022;2026-10-07T18:19:30.573244+00:00;focos de calor
4113254;Laranjal;AQUA_M-T;2022-02;0;True;INPE;https://dataserver-coids.inpe.br/queimadas/queimadas/focos/csv/anual/EstadosBr_sat_ref/PR/focos_br_pr_ref_2022.zip;2022;2026-10-07T18:19:30.573244+00:00;focos de calor
4113254;Laranjal;AQUA_M-T;2022-03;0;True;INPE;https://dataserver-coids.inpe.br/queimadas/queimadas/focos/csv/anual/EstadosBr_sat_ref/PR/focos_br_pr_ref_2022.zip;2022;2026-10-07T18:19:30.573244+00:00;focos de calor
4113254;Laranjal;AQUA_M-T;2022-04;0;True;INPE;https://dataserver-coids.inpe.br/queimadas/queimadas/focos/csv/anual/EstadosBr_sat_ref/PR/focos_br_pr_ref_2022.zip;2022;2026-10-07T18:19:30.573244+00:00;focos de calor
4113254;Laranjal;AQUA_M-T;2022-05;1;True;INPE;https://dataserver-coids.inpe.br/queimadas/queimadas/focos/csv/anual/EstadosBr_sat_ref/PR/focos_br_pr_ref_2022.zip;2022;2026-10-07T18:19:30.573244+00:00;focos de calor
4113254;Laranjal;AQUA_M-T;2022-06;2;True;INPE;https://dataserver-coids.inpe.br/queimadas/queimadas/focos/csv/anual/EstadosBr_sat_ref/PR/focos_br_pr_ref_2022.zip;2022;2026-10-07T18:19:30.573244+00:00;focos de calor
4113254;Laranjal;AQUA_M-T;2022-07;1;True;INPE;https://dataserver-coids.inpe.br/queimadas/queimadas/focos/csv/anual/EstadosBr_sat_ref/PR/focos_br_pr_ref_2022.zip;2022;2026-10-07T18:19:30.573244+00:00;focos de calor
4113254;Laranjal;AQUA_M-T;2022-08;1;True;INPE;https://dataserver-coids.inpe.br/queimadas/queimadas/focos/csv/anual/EstadosBr_sat_ref/PR/focos_br_pr_ref_2022.zip;2022;2026-10-07T18:19:30.573244+00:00;focos de calor
4113254;Laranjal;AQUA_M-T;2022-09;0;True;INPE;https://dataserver-coids.inpe.br/queimadas/queimadas/focos/csv/anual/EstadosBr_sat_ref/PR/focos_br_pr_ref_2022.zip;2022;2026-10-07T18:19:30.573244+00:00;focos de calor
4113254;Laranjal;AQUA_M-T;2022-10;0;True;INPE;https://dataserver-coids.inpe.br/queimadas/queimadas/focos/csv/anual/EstadosBr_sat_ref/PR/focos_br_pr_ref_2022.zip;2022;2026-10-07T18:19:30.573244+00:00;focos de calor
4113254;Laranjal;AQUA_M-T;2022-11;0;True;INPE;https://dataserver-coids.inpe.br/queimadas/queimadas/focos/csv/anual/EstadosBr_sat_ref/PR/focos_br_pr_ref_2022.zip;2022;2026-10-07T18:19:30.573244+00:00;focos de calor
4113254;Laranjal;AQUA_M-T;2022-12;0;True;INPE;https://dataserver-coids.inpe.br/queimadas/queimadas/focos/csv/anual/EstadosBr_sat_ref/PR/focos_br_pr_ref_2022.zip;2022;2026-10-07T18:19:30.573244+00:00;focos de calor
4113254;Laranjal;AQUA_M-T;2023-01;0;True;INPE;https://dataserver-coids.inpe.br/queimadas/queimadas/focos/csv/anual/EstadosBr_sat_ref/PR/focos_br_pr_ref_2023.zip;2023;2026-10-07T18:19:30.573244+00:00;focos de calor
4113254;Laranjal;AQUA_M-T;2023-02;0;True;INPE;https://dataserver-coids.inpe.br/queimadas/queimadas/focos/csv/anual/EstadosBr_sat_ref/PR/focos_br_pr_ref_2023.zip;2023;2026-10-07T18:19:30.573244+00:00;focos de calor
4113254;Laranjal;AQUA_M-T;2023-03;0;True;INPE;https://dataserver-coids.inpe.br/queimadas/queimadas/focos/csv/anual/EstadosBr_sat_ref/PR/focos_br_pr_ref_2023.zip;2023;2026-10-07T18:19:30.573244+00:00;focos de calor
4113254;Laranjal;AQUA_M-T;2023-04;0;True;INPE;https://dataserver-coids.inpe.br/queimadas/queimadas/focos/csv/anual/EstadosBr_sat_ref/PR/focos_br_pr_ref_2023.zip;2023;2026-10-07T18:19:30.573244+00:00;focos de calor
4113254;Laranjal;AQUA_M-T;2023-05;0;True;INPE;https://dataserver-coids.inpe.br/queimadas/queimadas/focos/csv/anual/EstadosBr_sat_ref/PR/focos_br_pr_ref_2023.zip;2023;2026-10-07T18:19:30.573244+00:00;focos de calor
4113254;Laranjal;AQUA_M-T;2023-06;0;True;INPE;https://dataserver-coids.inpe.br/queimadas/queimadas/focos/csv/anual/EstadosBr_sat_ref/PR/focos_br_pr_ref_2023.zip;2023;2026-10-07T18:19:30.573244+00:00;focos de calor
4113254;Laranjal;AQUA_M-T;2023-07;0;True;INPE;https://dataserver-coids.inpe.br/queimadas/queimadas/focos/csv/anual/EstadosBr_sat_ref/PR/focos_br_pr_ref_2023.zip;2023;2026-10-07T18:19:30.573244+00:00;focos de calor
4113254;Laranjal;AQUA_M-T;2023-08;0;True;INPE;https://dataserver-coids.inpe.br/queimadas/queimadas/focos/csv/anual/EstadosBr_sat_ref/PR/focos_br_pr_ref_2023.zip;2023;2026-10-07T18:19:30.573244+00:00;focos de calor
4113254;Laranjal;AQUA_M-T;2023-09;0;True;INPE;https://dataserver-coids.inpe.br/queimadas/queimadas/focos/csv/anual/EstadosBr_sat_ref/PR/focos_br_pr_ref_2023.zip;2023;2026-10-07T18:19:30.573244+00:00;focos de calor
4113254;Laranjal;AQUA_M-T;2023-10;0;True;INPE;https://dataserver-coids.inpe.br/queimadas/queimadas/focos/csv/anual/EstadosBr_sat_ref/PR/focos_br_pr_ref_2023.zip;2023;2026-10-07T18:19:30.573244+00:00;focos de calor
4113254;Laranjal;AQUA_M-T;2023-11;0;True;INPE;https://dataserver-coids.inpe.br/queimadas/queimadas/focos/csv/anual/EstadosBr_sat_ref/PR/focos_br_pr_ref_2023.zip;2023;2026-10-07T18:19:30.573244+00:00;focos de calor
4113254;Laranjal;AQUA_M-T;2023-12;0;True;INPE;https://dataserver-coids.inpe.br/queimadas/queimadas/focos/csv/anual/EstadosBr_sat_ref/PR/focos_br_pr_ref_2023.zip;2023;2026-10-07T18:19:30.573244+00:00;focos de calor
4113254;Laranjal;AQUA_M-T;2024-01;0;True;INPE;https://dataserver-coids.inpe.br/queimadas/queimadas/focos/csv/anual/EstadosBr_sat_ref/PR/focos_br_pr_ref_2024.zip;2024;2026-10-07T18:19:30.573244+00:00;focos de calor
4113254;Laranjal;AQUA_M-T;2024-02;0;True;INPE;https://dataserver-coids.inpe.br/queimadas/queimadas/focos/csv/anual/EstadosBr_sat_ref/PR/focos_br_pr_ref_2024.zip;2024;2026-10-07T18:19:30.573244+00:00;focos de calor
4113254;Laranjal;AQUA_M-T;2024-03;0;True;INPE;https://dataserver-coids.inpe.br/queimadas/queimadas/focos/csv/anual/EstadosBr_sat_ref/PR/focos_br_pr_ref_2024.zip;2024;2026-10-07T18:19:30.573244+00:00;focos de calor
4113254;Laranjal;AQUA_M-T;2024-04;0;True;INPE;https://dataserver-coids.inpe.br/queimadas/queimadas/focos/csv/anual/EstadosBr_sat_ref/PR/focos_br_pr_ref_2024.zip;2024;2026-10-07T18:19:30.573244+00:00;focos de calor
4113254;Laranjal;AQUA_M-T;2024-05;0;True;INPE;https://dataserver-coids.inpe.br/queimadas/queimadas/focos/csv/anual/EstadosBr_sat_ref/PR/focos_br_pr_ref_2024.zip;2024;2026-10-07T18:19:30.573244+00:00;focos de calor
4113254;Laranjal;AQUA_M-T;2024-06;0;True;INPE;https://dataserver-coids.inpe.br/queimadas/queimadas/focos/csv/anual/EstadosBr_sat_ref/PR/focos_br_pr_ref_2024.zip;2024;2026-10-07T18:19:30.573244+00:00;focos de calor
4113254;Laranjal;AQUA_M-T;2024-07;0;True;INPE;https://dataserver-coids.inpe.br/queimadas/queimadas/focos/csv/anual/EstadosBr_sat_ref/PR/focos_br_pr_ref_2024.zip;2024;2026-10-07T18:19:30.573244+00:00;focos de calor
4113254;Laranjal;AQUA_M-T;2024-08;0;True;INPE;https://dataserver-coids.inpe.br/queimadas/queimadas/focos/csv/anual/EstadosBr_sat_ref/PR/focos_br_pr_ref_2024.zip;2024;2026-10-07T18:19:30.573244+00:00;focos de calor
4113254;Laranjal;AQUA_M-T;2024-09;0;True;INPE;https://dataserver-coids.inpe.br/queimadas/queimadas/focos/csv/anual/EstadosBr_sat_ref/PR/focos_br_pr_ref_2024.zip;2024;2026-10-07T18:19:30.573244+00:00;focos de calor
4113254;Laranjal;AQUA_M-T;2024-10;0;True;INPE;https://dataserver-coids.inpe.br/queimadas/queimadas/focos/csv/anual/EstadosBr_sat_ref/PR/focos_br_pr_ref_2024.zip;2024;2026-10-07T18:19:30.573244+00:00;focos de calor
4113254;Laranjal;AQUA_M-T;2024-11;0;True;INPE;https://dataserver-coids.inpe.br/queimadas/queimadas/focos/csv/anual/EstadosBr_sat_ref/PR/focos_br_pr_ref_2024.zip;2024;2026-10-07T18:19:30.573244+00:00;focos de calor
4113254;Laranjal;AQUA_M-T;2024-12;0;True;INPE;https://dataserver-coids.inpe.br/queimadas/queimadas/focos/csv/anual/EstadosBr_sat_ref/PR/focos_br_pr_ref_2024.zip;2024;2026-10-07T18:19:30.573244+00:00;focos de calor
4113254;Laranjal;AQUA_M-T;2025-01;0;True;INPE;https://dataserver-coids.inpe.br/queimadas/queimadas/focos/csv/anual/Brasil_sat_ref/focos_br_ref_2025.zip;2025;2026-10-07T18:19:30.573244+00:00;focos de calor
4113254;Laranjal;AQUA_M-T;2025-02;0;True;INPE;https://dataserver-coids.inpe.br/queimadas/queimadas/focos/csv/anual/Brasil_sat_ref/focos_br_ref_2025.zip;2025;2026-10-07T18:19:30.573244+00:00;focos de calor
4113254;Laranjal;AQUA_M-T;2025-03;0;True;INPE;https://dataserver-coids.inpe.br/queimadas/queimadas/focos/csv/anual/Brasil_sat_ref/focos_br_ref_2025.zip;2025;2026-10-07T18:19:30.573244+00:00;focos de calor
4113254;Laranjal;AQUA_M-T;2025-04;0;True;INPE;https://dataserver-coids.inpe.br/queimadas/queimadas/focos/csv/anual/Brasil_sat_ref/focos_br_ref_2025.zip;2025;2026-10-07T18:19:30.573244+00:00;focos de calor
4113254;Laranjal;AQUA_M-T;2025-05;0;True;INPE;https://dataserver-coids.inpe.br/queimadas/queimadas/focos/csv/anual/Brasil_sat_ref/focos_br_ref_2025.zip;2025;2026-10-07T18:19:30.573244+00:00;focos de calor
4113254;Laranjal;AQUA_M-T;2025-06;0;True;INPE;https://dataserver-coids.inpe.br/queimadas/queimadas/focos/csv/anual/Brasil_sat_ref/focos_br_ref_2025.zip;2025;2026-10-07T18:19:30.573244+00:00;focos de calor
4113254;Laranjal;AQUA_M-T;2025-07;0;True;INPE;https://dataserver-coids.inpe.br/queimadas/queimadas/focos/csv/anual/Brasil_sat_ref/focos_br_ref_2025.zip;2025;2026-10-07T18:19:30.573244+00:00;focos de calor
4113254;Laranjal;AQUA_M-T;2025-08;0;True;INPE;https://dataserver-coids.inpe.br/queimadas/queimadas/focos/csv/anual/Brasil_sat_ref/focos_br_ref_2025.zip;2025;2026-10-07T18:19:30.573244+00:00;focos de calor
4113254;Laranjal;AQUA_M-T;2025-09;0;True;INPE;https://dataserver-coids.inpe.br/queimadas/queimadas/focos/csv/anual/Brasil_sat_ref/focos_br_ref_2025.zip;2025;2026-10-07T18:19:30.573244+00:00;focos de calor
4113254;Laranjal;AQUA_M-T;2025-10;0;True;INPE;https://dataserver-coids.inpe.br/queimadas/queimadas/focos/csv/anual/Brasil_sat_ref/focos_br_ref_2025.zip;2025;2026-10-07T18:19:30.573244+00:00;focos de calor
4113254;Laranjal;AQUA_M-T;2025-11;0;True;INPE;https://dataserver-coids.inpe.br/queimadas/queimadas/focos/csv/anual/Brasil_sat_ref/focos_br_ref_2025.zip;2025;2026-10-07T18:19:30.573244+00:00;focos de calor
4113254;Laranjal;AQUA_M-T;2025-12;0;True;INPE;https://dataserver-coids.inpe.br/queimadas/queimadas/focos/csv/anual/Brasil_sat_ref/focos_br_ref_2025.zip;2025;2026-10-07T18:19:30.573244+00:00;focos de calor
4113254;Laranjal;AQUA_M-T;2026-01;0;True;INPE;https://dataserver-coids.inpe.br/queimadas/queimadas/focos/csv/mensal/Brasil/focos_mensal_br_202601.csv;202601;2026-10-07T18:19:30.573244+00:00;focos de calor
4113254;Laranjal;AQUA_M-T;2026-02;0;True;INPE;https://dataserver-coids.inpe.br/queimadas/queimadas/focos/csv/mensal/Brasil/focos_mensal_br_202602.csv;202602;2026-10-07T18:19:30.573244+00:00;focos de calor
4113254;Laranjal;AQUA_M-T;2026-03;0;True;INPE;https://dataserver-coids.inpe.br/queimadas/queimadas/focos/csv/mensal/Brasil/focos_mensal_br_202603.csv;202603;2026-10-07T18:19:30.573244+00:00;focos de calor
4113254;Laranjal;AQUA_M-T;2026-04;0;True;INPE;https://dataserver-coids.inpe.br/queimadas/queimadas/focos/csv/mensal/Brasil/focos_mensal_br_202604.csv;202604;2026-10-07T18:19:30.573244+00:00;focos de calor
4113254;Laranjal;AQUA_M-T;2026-05;0;True;INPE;https://dataserver-coids.inpe.br/queimadas/queimadas/focos/csv/mensal/Brasil/focos_mensal_br_202605.csv;202605;2026-10-07T18:19:30.573244+00:00;focos de calor
4113254;Laranjal;AQUA_M-T;2026-06;0;True;INPE;https://dataserver-coids.inpe.br/queimadas/queimadas/focos/csv/mensal/Brasil/focos_mensal_br_202606.csv;202606;2026-10-07T18:19:30.573244+00:00;focos de calor
4113254;Laranjal;AQUA_M-T;2026-07;0;True;INPE;https://dataserver-coids.inpe.br/queimadas/queimadas/focos/csv/mensal/Brasil/focos_mensal_br_202607.csv;202607;2026-10-07T18:19:30.573244+00:00;focos de calor
4113254;Laranjal;AQUA_M-T;2026-08;0;True;INPE;https://dataserver-coids.inpe.br/queimadas/queimadas/focos/csv/mensal/Brasil/focos_mensal_br_202608.csv;202608;2026-10-07T18:19:30.573244+00:00;focos de calor
4113254;Laranjal;AQUA_M-T;2026-09;0;True;INPE;https://dataserver-coids.inpe.br/queimadas/queimadas/focos/csv/mensal/Brasil/focos_mensal_br_202609.csv;202609;2026-10-07T18:19:30.573244+00:00;focos de calor
4113254;Laranjal;AQUA_M-T;2026-10;0;True;INPE;https://dataserver-coids.inpe.br/queimadas/queimadas/focos/csv/mensal/Brasil/focos_mensal_br_202610.csv;202610;2026-10-07T18:19:30.573244+00:00;focos de calor
4113254;Laranjal;AQUA_M-T;2026-11;;False;INPE;https://data.inpe.br/queimadas/pages/secao_downloads/dados-abertos/;2026-11;;focos de calor
4113254;Laranjal;AQUA_M-T;2026-12;;False;INPE;https://data.inpe.br/queimadas/pages/secao_downloads/dados-abertos/;2026-12;;focos de calor
