code;name;type;latitude;longitude;location;sourceMunicipality;sourceMunicipalityCode;distanceToCentroidKm;operating;telemetric;agency;basin;subBasin;river;registryUpdatedAt;sourceAgency;sourceUrl;reference;collectedAt;unit
02451029;FAXINAL DA BOA VISTA;Pluviométrica;-24.959199999999953;-51.358299999999986;inside;TURVO;22280700;13.638720843359042;Sim;Não;IAT-PR;RIO PARANÁ;RIOS PARANÁ,PARANAPANEMA E ...;;1776816000000;ANA;https://portal1.snirh.gov.br/server/rest/services/Esta%C3%A7%C3%B5es_Hidrometeorol%C3%B3gicas_SNIRH/FeatureServer/0/query?f=geojson&where=UF%3D%27PARAN%C3%81%27&geometry=-51.9293%2C-25.326999999999998%2C-51.144400000000005%2C-24.6049&geometryType=esriGeometryEnvelope&inSR=4326&spatialRel=esriSpatialRelIntersects&outFields=Codigo%2CNome%2CTipoEstacao%2COperando%2CLatitude%2CLongitude%2CMunicipio%2CMunicipioCodigo%2CUF%2CBacia%2CSubBacia%2CRio%2CResponsavelSigla%2CEstacaoTelemetrica%2CDataAlteracao&outSR=4326&returnGeometry=true&resultRecordCount=2000;"Cadastro consultado; datas próprias por estação";2026-10-07T18:29:48.008184+00:00;estações
02451033;COLÔNIA DE BAIXO;Pluviométrica;-24.799699999999973;-51.41659999999996;inside;TURVO;22280700;24.46744849641685;Não;Não;IAT-PR;RIO PARANÁ;RIOS PARANÁ,PARANAPANEMA E ...;;1776816000000;ANA;https://portal1.snirh.gov.br/server/rest/services/Esta%C3%A7%C3%B5es_Hidrometeorol%C3%B3gicas_SNIRH/FeatureServer/0/query?f=geojson&where=UF%3D%27PARAN%C3%81%27&geometry=-51.9293%2C-25.326999999999998%2C-51.144400000000005%2C-24.6049&geometryType=esriGeometryEnvelope&inSR=4326&spatialRel=esriSpatialRelIntersects&outFields=Codigo%2CNome%2CTipoEstacao%2COperando%2CLatitude%2CLongitude%2CMunicipio%2CMunicipioCodigo%2CUF%2CBacia%2CSubBacia%2CRio%2CResponsavelSigla%2CEstacaoTelemetrica%2CDataAlteracao&outSR=4326&returnGeometry=true&resultRecordCount=2000;"Cadastro consultado; datas próprias por estação";2026-10-07T18:29:48.008184+00:00;estações
02451063;CGH CACHOEIRA MONTANTE;Pluviométrica;-24.94389999999993;-51.42249999999996;inside;TURVO;22280700;9.561915614053165;Sim;Sim;CACHOEIRA LTDA.;RIO PARANÁ;RIOS PARANÁ,PARANAPANEMA E ...;;1745539200000;ANA;https://portal1.snirh.gov.br/server/rest/services/Esta%C3%A7%C3%B5es_Hidrometeorol%C3%B3gicas_SNIRH/FeatureServer/0/query?f=geojson&where=UF%3D%27PARAN%C3%81%27&geometry=-51.9293%2C-25.326999999999998%2C-51.144400000000005%2C-24.6049&geometryType=esriGeometryEnvelope&inSR=4326&spatialRel=esriSpatialRelIntersects&outFields=Codigo%2CNome%2CTipoEstacao%2COperando%2CLatitude%2CLongitude%2CMunicipio%2CMunicipioCodigo%2CUF%2CBacia%2CSubBacia%2CRio%2CResponsavelSigla%2CEstacaoTelemetrica%2CDataAlteracao&outSR=4326&returnGeometry=true&resultRecordCount=2000;"Cadastro consultado; datas próprias por estação";2026-10-07T18:29:48.008184+00:00;estações
02451064;PCH BOA VISTA II JUSANTE;Pluviométrica;-24.855299999999943;-51.39969999999994;inside;TURVO;22280700;19.231056228781306;Não;Não;PCH BV II;RIO PARANÁ;RIOS PARANÁ,PARANAPANEMA E ...;;1724803200000;ANA;https://portal1.snirh.gov.br/server/rest/services/Esta%C3%A7%C3%B5es_Hidrometeorol%C3%B3gicas_SNIRH/FeatureServer/0/query?f=geojson&where=UF%3D%27PARAN%C3%81%27&geometry=-51.9293%2C-25.326999999999998%2C-51.144400000000005%2C-24.6049&geometryType=esriGeometryEnvelope&inSR=4326&spatialRel=esriSpatialRelIntersects&outFields=Codigo%2CNome%2CTipoEstacao%2COperando%2CLatitude%2CLongitude%2CMunicipio%2CMunicipioCodigo%2CUF%2CBacia%2CSubBacia%2CRio%2CResponsavelSigla%2CEstacaoTelemetrica%2CDataAlteracao&outSR=4326&returnGeometry=true&resultRecordCount=2000;"Cadastro consultado; datas próprias por estação";2026-10-07T18:29:48.008184+00:00;estações
02451067;CGH RIO BONITO II JUSANTE;Pluviométrica;-24.94059999999996;-51.507199999999955;inside;BOA VENTURA DE SÃO ROQUE;22030400;8.38299782730274;Sim;Sim;RIO BONITO II;RIO PARANÁ;RIOS PARANÁ,PARANAPANEMA E ...;;1714089600000;ANA;https://portal1.snirh.gov.br/server/rest/services/Esta%C3%A7%C3%B5es_Hidrometeorol%C3%B3gicas_SNIRH/FeatureServer/0/query?f=geojson&where=UF%3D%27PARAN%C3%81%27&geometry=-51.9293%2C-25.326999999999998%2C-51.144400000000005%2C-24.6049&geometryType=esriGeometryEnvelope&inSR=4326&spatialRel=esriSpatialRelIntersects&outFields=Codigo%2CNome%2CTipoEstacao%2COperando%2CLatitude%2CLongitude%2CMunicipio%2CMunicipioCodigo%2CUF%2CBacia%2CSubBacia%2CRio%2CResponsavelSigla%2CEstacaoTelemetrica%2CDataAlteracao&outSR=4326&returnGeometry=true&resultRecordCount=2000;"Cadastro consultado; datas próprias por estação";2026-10-07T18:29:48.008184+00:00;estações
02451070;PCH BOA VISTA II MONTANTE;Pluviométrica;-24.952199999999948;-51.38669999999996;inside;TURVO;22280700;11.553208058972555;Sim;Sim;PCH BV II;RIO PARANÁ;RIOS PARANÁ,PARANAPANEMA E ...;;1724803200000;ANA;https://portal1.snirh.gov.br/server/rest/services/Esta%C3%A7%C3%B5es_Hidrometeorol%C3%B3gicas_SNIRH/FeatureServer/0/query?f=geojson&where=UF%3D%27PARAN%C3%81%27&geometry=-51.9293%2C-25.326999999999998%2C-51.144400000000005%2C-24.6049&geometryType=esriGeometryEnvelope&inSR=4326&spatialRel=esriSpatialRelIntersects&outFields=Codigo%2CNome%2CTipoEstacao%2COperando%2CLatitude%2CLongitude%2CMunicipio%2CMunicipioCodigo%2CUF%2CBacia%2CSubBacia%2CRio%2CResponsavelSigla%2CEstacaoTelemetrica%2CDataAlteracao&outSR=4326&returnGeometry=true&resultRecordCount=2000;"Cadastro consultado; datas próprias por estação";2026-10-07T18:29:48.008184+00:00;estações
02551040;TURVO;Pluviométrica;-25.040499999999952;-51.54449999999997;inside;TURVO;22280700;7.190399358992888;Sim;Não;IAT-PR;RIO PARANÁ;RIOS PARANÁ,PARANAPANEMA E ...;;1776816000000;ANA;https://portal1.snirh.gov.br/server/rest/services/Esta%C3%A7%C3%B5es_Hidrometeorol%C3%B3gicas_SNIRH/FeatureServer/0/query?f=geojson&where=UF%3D%27PARAN%C3%81%27&geometry=-51.9293%2C-25.326999999999998%2C-51.144400000000005%2C-24.6049&geometryType=esriGeometryEnvelope&inSR=4326&spatialRel=esriSpatialRelIntersects&outFields=Codigo%2CNome%2CTipoEstacao%2COperando%2CLatitude%2CLongitude%2CMunicipio%2CMunicipioCodigo%2CUF%2CBacia%2CSubBacia%2CRio%2CResponsavelSigla%2CEstacaoTelemetrica%2CDataAlteracao&outSR=4326&returnGeometry=true&resultRecordCount=2000;"Cadastro consultado; datas próprias por estação";2026-10-07T18:29:48.008184+00:00;estações
02551085;PCH PAREDINHA MONTANTE;Pluviométrica;-25.02389999999997;-51.528899999999965;inside;TURVO;22280700;5.058649770956447;Sim;Sim;JANUÁRIO;RIO PARANÁ;RIOS PARANÁ,PARANAPANEMA E ...;;1745539200000;ANA;https://portal1.snirh.gov.br/server/rest/services/Esta%C3%A7%C3%B5es_Hidrometeorol%C3%B3gicas_SNIRH/FeatureServer/0/query?f=geojson&where=UF%3D%27PARAN%C3%81%27&geometry=-51.9293%2C-25.326999999999998%2C-51.144400000000005%2C-24.6049&geometryType=esriGeometryEnvelope&inSR=4326&spatialRel=esriSpatialRelIntersects&outFields=Codigo%2CNome%2CTipoEstacao%2COperando%2CLatitude%2CLongitude%2CMunicipio%2CMunicipioCodigo%2CUF%2CBacia%2CSubBacia%2CRio%2CResponsavelSigla%2CEstacaoTelemetrica%2CDataAlteracao&outSR=4326&returnGeometry=true&resultRecordCount=2000;"Cadastro consultado; datas próprias por estação";2026-10-07T18:29:48.008184+00:00;estações
64630000;PCH BOA VISTA II (IBEMA);Fluviométrica;-24.92279999999994;-51.39719999999994;inside;TURVO;22280700;12.990941814168592;Não;Não;IAT-PR;RIO PARANÁ;RIOS PARANÁ,PARANAPANEMA E ...;RIO MARRECAS;1785283200000;ANA;https://portal1.snirh.gov.br/server/rest/services/Esta%C3%A7%C3%B5es_Hidrometeorol%C3%B3gicas_SNIRH/FeatureServer/0/query?f=geojson&where=UF%3D%27PARAN%C3%81%27&geometry=-51.9293%2C-25.326999999999998%2C-51.144400000000005%2C-24.6049&geometryType=esriGeometryEnvelope&inSR=4326&spatialRel=esriSpatialRelIntersects&outFields=Codigo%2CNome%2CTipoEstacao%2COperando%2CLatitude%2CLongitude%2CMunicipio%2CMunicipioCodigo%2CUF%2CBacia%2CSubBacia%2CRio%2CResponsavelSigla%2CEstacaoTelemetrica%2CDataAlteracao&outSR=4326&returnGeometry=true&resultRecordCount=2000;"Cadastro consultado; datas próprias por estação";2026-10-07T18:29:48.008184+00:00;estações
64630030;PCH BOA VISTA II MONTANTE;Fluviométrica;-24.952199999999948;-51.38669999999996;inside;TURVO;22280700;11.553208058972555;Sim;Sim;PCH BV II;RIO PARANÁ;RIOS PARANÁ,PARANAPANEMA E ...;RIO MARRECAS;1724803200000;ANA;https://portal1.snirh.gov.br/server/rest/services/Esta%C3%A7%C3%B5es_Hidrometeorol%C3%B3gicas_SNIRH/FeatureServer/0/query?f=geojson&where=UF%3D%27PARAN%C3%81%27&geometry=-51.9293%2C-25.326999999999998%2C-51.144400000000005%2C-24.6049&geometryType=esriGeometryEnvelope&inSR=4326&spatialRel=esriSpatialRelIntersects&outFields=Codigo%2CNome%2CTipoEstacao%2COperando%2CLatitude%2CLongitude%2CMunicipio%2CMunicipioCodigo%2CUF%2CBacia%2CSubBacia%2CRio%2CResponsavelSigla%2CEstacaoTelemetrica%2CDataAlteracao&outSR=4326&returnGeometry=true&resultRecordCount=2000;"Cadastro consultado; datas próprias por estação";2026-10-07T18:29:48.008184+00:00;estações
64630050;PCH BOA VISTA II BARRAMENTO;Fluviométrica;-24.940799999999967;-51.38439999999997;inside;TURVO;22280700;12.505210975880562;Sim;Sim;PCH BV II;RIO PARANÁ;RIOS PARANÁ,PARANAPANEMA E ...;RIO MARRECAS;1724803200000;ANA;https://portal1.snirh.gov.br/server/rest/services/Esta%C3%A7%C3%B5es_Hidrometeorol%C3%B3gicas_SNIRH/FeatureServer/0/query?f=geojson&where=UF%3D%27PARAN%C3%81%27&geometry=-51.9293%2C-25.326999999999998%2C-51.144400000000005%2C-24.6049&geometryType=esriGeometryEnvelope&inSR=4326&spatialRel=esriSpatialRelIntersects&outFields=Codigo%2CNome%2CTipoEstacao%2COperando%2CLatitude%2CLongitude%2CMunicipio%2CMunicipioCodigo%2CUF%2CBacia%2CSubBacia%2CRio%2CResponsavelSigla%2CEstacaoTelemetrica%2CDataAlteracao&outSR=4326&returnGeometry=true&resultRecordCount=2000;"Cadastro consultado; datas próprias por estação";2026-10-07T18:29:48.008184+00:00;estações
64630100;PCH BOA VISTA II JUSANTE;Fluviométrica;-24.921899999999937;-51.39969999999994;inside;TURVO;22280700;12.907122833748382;Não;Não;PCH BV II;RIO PARANÁ;RIOS PARANÁ,PARANAPANEMA E ...;RIO MARRECAS;1724803200000;ANA;https://portal1.snirh.gov.br/server/rest/services/Esta%C3%A7%C3%B5es_Hidrometeorol%C3%B3gicas_SNIRH/FeatureServer/0/query?f=geojson&where=UF%3D%27PARAN%C3%81%27&geometry=-51.9293%2C-25.326999999999998%2C-51.144400000000005%2C-24.6049&geometryType=esriGeometryEnvelope&inSR=4326&spatialRel=esriSpatialRelIntersects&outFields=Codigo%2CNome%2CTipoEstacao%2COperando%2CLatitude%2CLongitude%2CMunicipio%2CMunicipioCodigo%2CUF%2CBacia%2CSubBacia%2CRio%2CResponsavelSigla%2CEstacaoTelemetrica%2CDataAlteracao&outSR=4326&returnGeometry=true&resultRecordCount=2000;"Cadastro consultado; datas próprias por estação";2026-10-07T18:29:48.008184+00:00;estações
64630110;PCH CONFLUÊNCIA BARRAMENTO;Fluviométrica;-24.921099999999967;-51.401099999999985;inside;PRUDENTÓPOLIS;22207000;12.888239366008461;Sim;Sim;CONFLUÊNCIA;RIO PARANÁ;RIOS PARANÁ,PARANAPANEMA E ...;RIO MARRECAS;1693180800000;ANA;https://portal1.snirh.gov.br/server/rest/services/Esta%C3%A7%C3%B5es_Hidrometeorol%C3%B3gicas_SNIRH/FeatureServer/0/query?f=geojson&where=UF%3D%27PARAN%C3%81%27&geometry=-51.9293%2C-25.326999999999998%2C-51.144400000000005%2C-24.6049&geometryType=esriGeometryEnvelope&inSR=4326&spatialRel=esriSpatialRelIntersects&outFields=Codigo%2CNome%2CTipoEstacao%2COperando%2CLatitude%2CLongitude%2CMunicipio%2CMunicipioCodigo%2CUF%2CBacia%2CSubBacia%2CRio%2CResponsavelSigla%2CEstacaoTelemetrica%2CDataAlteracao&outSR=4326&returnGeometry=true&resultRecordCount=2000;"Cadastro consultado; datas próprias por estação";2026-10-07T18:29:48.008184+00:00;estações
64630380;PCH PAREDINHA MONTANTE;Fluviométrica;-25.02389999999997;-51.528899999999965;inside;TURVO;22280700;5.058649770956447;Sim;Sim;JANUÁRIO;RIO PARANÁ;RIOS PARANÁ,PARANAPANEMA E ...;RIO CACHOEIRA;1745539200000;ANA;https://portal1.snirh.gov.br/server/rest/services/Esta%C3%A7%C3%B5es_Hidrometeorol%C3%B3gicas_SNIRH/FeatureServer/0/query?f=geojson&where=UF%3D%27PARAN%C3%81%27&geometry=-51.9293%2C-25.326999999999998%2C-51.144400000000005%2C-24.6049&geometryType=esriGeometryEnvelope&inSR=4326&spatialRel=esriSpatialRelIntersects&outFields=Codigo%2CNome%2CTipoEstacao%2COperando%2CLatitude%2CLongitude%2CMunicipio%2CMunicipioCodigo%2CUF%2CBacia%2CSubBacia%2CRio%2CResponsavelSigla%2CEstacaoTelemetrica%2CDataAlteracao&outSR=4326&returnGeometry=true&resultRecordCount=2000;"Cadastro consultado; datas próprias por estação";2026-10-07T18:29:48.008184+00:00;estações
64630500;CGH CACHOEIRA MONTANTE;Fluviométrica;-24.94389999999993;-51.42249999999996;inside;TURVO;22280700;9.561915614053165;Sim;Sim;CACHOEIRA LTDA.;RIO PARANÁ;RIOS PARANÁ,PARANAPANEMA E ...;RIO CACHOEIRA;1745539200000;ANA;https://portal1.snirh.gov.br/server/rest/services/Esta%C3%A7%C3%B5es_Hidrometeorol%C3%B3gicas_SNIRH/FeatureServer/0/query?f=geojson&where=UF%3D%27PARAN%C3%81%27&geometry=-51.9293%2C-25.326999999999998%2C-51.144400000000005%2C-24.6049&geometryType=esriGeometryEnvelope&inSR=4326&spatialRel=esriSpatialRelIntersects&outFields=Codigo%2CNome%2CTipoEstacao%2COperando%2CLatitude%2CLongitude%2CMunicipio%2CMunicipioCodigo%2CUF%2CBacia%2CSubBacia%2CRio%2CResponsavelSigla%2CEstacaoTelemetrica%2CDataAlteracao&outSR=4326&returnGeometry=true&resultRecordCount=2000;"Cadastro consultado; datas próprias por estação";2026-10-07T18:29:48.008184+00:00;estações
64630600;CGH CACHOEIRA BARRAMENTO;Fluviométrica;-24.933299999999974;-51.432799999999986;inside;TURVO;22280700;9.980863004970592;Não;Não;JANUÁRIO;RIO PARANÁ;RIOS PARANÁ,PARANAPANEMA E ...;RIO CACHOEIRA;1745539200000;ANA;https://portal1.snirh.gov.br/server/rest/services/Esta%C3%A7%C3%B5es_Hidrometeorol%C3%B3gicas_SNIRH/FeatureServer/0/query?f=geojson&where=UF%3D%27PARAN%C3%81%27&geometry=-51.9293%2C-25.326999999999998%2C-51.144400000000005%2C-24.6049&geometryType=esriGeometryEnvelope&inSR=4326&spatialRel=esriSpatialRelIntersects&outFields=Codigo%2CNome%2CTipoEstacao%2COperando%2CLatitude%2CLongitude%2CMunicipio%2CMunicipioCodigo%2CUF%2CBacia%2CSubBacia%2CRio%2CResponsavelSigla%2CEstacaoTelemetrica%2CDataAlteracao&outSR=4326&returnGeometry=true&resultRecordCount=2000;"Cadastro consultado; datas próprias por estação";2026-10-07T18:29:48.008184+00:00;estações
64632100;CGH RIO BONITO II JUSANTE;Fluviométrica;-24.94059999999996;-51.507199999999955;inside;BOA VENTURA DE SÃO ROQUE;22030400;8.38299782730274;Sim;Sim;RIO BONITO II;RIO PARANÁ;RIOS PARANÁ,PARANAPANEMA E ...;R. BONITO OU PEDRINHO;1714089600000;ANA;https://portal1.snirh.gov.br/server/rest/services/Esta%C3%A7%C3%B5es_Hidrometeorol%C3%B3gicas_SNIRH/FeatureServer/0/query?f=geojson&where=UF%3D%27PARAN%C3%81%27&geometry=-51.9293%2C-25.326999999999998%2C-51.144400000000005%2C-24.6049&geometryType=esriGeometryEnvelope&inSR=4326&spatialRel=esriSpatialRelIntersects&outFields=Codigo%2CNome%2CTipoEstacao%2COperando%2CLatitude%2CLongitude%2CMunicipio%2CMunicipioCodigo%2CUF%2CBacia%2CSubBacia%2CRio%2CResponsavelSigla%2CEstacaoTelemetrica%2CDataAlteracao&outSR=4326&returnGeometry=true&resultRecordCount=2000;"Cadastro consultado; datas próprias por estação";2026-10-07T18:29:48.008184+00:00;estações
02451068;CGH RIO BONITO III JUSANTE;Pluviométrica;-24.913599999999974;-51.49939999999998;regional;TURVO;22280700;11.105325261815347;Sim;Sim;RIO BONITO III;RIO PARANÁ;RIOS PARANÁ,PARANAPANEMA E ...;;1714089600000;ANA;https://portal1.snirh.gov.br/server/rest/services/Esta%C3%A7%C3%B5es_Hidrometeorol%C3%B3gicas_SNIRH/FeatureServer/0/query?f=geojson&where=UF%3D%27PARAN%C3%81%27&geometry=-51.9293%2C-25.326999999999998%2C-51.144400000000005%2C-24.6049&geometryType=esriGeometryEnvelope&inSR=4326&spatialRel=esriSpatialRelIntersects&outFields=Codigo%2CNome%2CTipoEstacao%2COperando%2CLatitude%2CLongitude%2CMunicipio%2CMunicipioCodigo%2CUF%2CBacia%2CSubBacia%2CRio%2CResponsavelSigla%2CEstacaoTelemetrica%2CDataAlteracao&outSR=4326&returnGeometry=true&resultRecordCount=2000;"Cadastro consultado; datas próprias por estação";2026-10-07T18:29:48.008184+00:00;estações
64632200;CGH RIO BONITO III JUSANTE;Fluviométrica;-24.913599999999974;-51.49939999999998;regional;TURVO;22280700;11.105325261815347;Sim;Sim;RIO BONITO III;RIO PARANÁ;RIOS PARANÁ,PARANAPANEMA E ...;R. BONITO OU PEDRINHO;1714435200000;ANA;https://portal1.snirh.gov.br/server/rest/services/Esta%C3%A7%C3%B5es_Hidrometeorol%C3%B3gicas_SNIRH/FeatureServer/0/query?f=geojson&where=UF%3D%27PARAN%C3%81%27&geometry=-51.9293%2C-25.326999999999998%2C-51.144400000000005%2C-24.6049&geometryType=esriGeometryEnvelope&inSR=4326&spatialRel=esriSpatialRelIntersects&outFields=Codigo%2CNome%2CTipoEstacao%2COperando%2CLatitude%2CLongitude%2CMunicipio%2CMunicipioCodigo%2CUF%2CBacia%2CSubBacia%2CRio%2CResponsavelSigla%2CEstacaoTelemetrica%2CDataAlteracao&outSR=4326&returnGeometry=true&resultRecordCount=2000;"Cadastro consultado; datas próprias por estação";2026-10-07T18:29:48.008184+00:00;estações
02451028;BOA VENTURA DE SÃO ROQUE;Pluviométrica;-24.883599999999944;-51.54359999999997;regional;BOA VENTURA DE SÃO ROQUE;22030400;15.631067021784203;Sim;Não;IAT-PR;RIO PARANÁ;RIOS PARANÁ,PARANAPANEMA E ...;;1787011200000;ANA;https://portal1.snirh.gov.br/server/rest/services/Esta%C3%A7%C3%B5es_Hidrometeorol%C3%B3gicas_SNIRH/FeatureServer/0/query?f=geojson&where=UF%3D%27PARAN%C3%81%27&geometry=-51.9293%2C-25.326999999999998%2C-51.144400000000005%2C-24.6049&geometryType=esriGeometryEnvelope&inSR=4326&spatialRel=esriSpatialRelIntersects&outFields=Codigo%2CNome%2CTipoEstacao%2COperando%2CLatitude%2CLongitude%2CMunicipio%2CMunicipioCodigo%2CUF%2CBacia%2CSubBacia%2CRio%2CResponsavelSigla%2CEstacaoTelemetrica%2CDataAlteracao&outSR=4326&returnGeometry=true&resultRecordCount=2000;"Cadastro consultado; datas próprias por estação";2026-10-07T18:29:48.008184+00:00;estações
02451066;PCH CONFLUÊNCIA JUSANTE;Pluviométrica;-24.886099999999942;-51.39309999999995;regional;PRUDENTÓPOLIS;22207000;16.5374194229317;Sim;Sim;CONFLUÊNCIA;RIO PARANÁ;RIOS PARANÁ,PARANAPANEMA E ...;;1675900800000;ANA;https://portal1.snirh.gov.br/server/rest/services/Esta%C3%A7%C3%B5es_Hidrometeorol%C3%B3gicas_SNIRH/FeatureServer/0/query?f=geojson&where=UF%3D%27PARAN%C3%81%27&geometry=-51.9293%2C-25.326999999999998%2C-51.144400000000005%2C-24.6049&geometryType=esriGeometryEnvelope&inSR=4326&spatialRel=esriSpatialRelIntersects&outFields=Codigo%2CNome%2CTipoEstacao%2COperando%2CLatitude%2CLongitude%2CMunicipio%2CMunicipioCodigo%2CUF%2CBacia%2CSubBacia%2CRio%2CResponsavelSigla%2CEstacaoTelemetrica%2CDataAlteracao&outSR=4326&returnGeometry=true&resultRecordCount=2000;"Cadastro consultado; datas próprias por estação";2026-10-07T18:29:48.008184+00:00;estações
64630800;PCH CONFLUÊNCIA JUSANTE;Fluviométrica;-24.886099999999942;-51.39309999999995;regional;PRUDENTÓPOLIS;22207000;16.5374194229317;Sim;Sim;CONFLUÊNCIA;RIO PARANÁ;RIOS PARANÁ,PARANAPANEMA E ...;RIO MARRECAS;1675900800000;ANA;https://portal1.snirh.gov.br/server/rest/services/Esta%C3%A7%C3%B5es_Hidrometeorol%C3%B3gicas_SNIRH/FeatureServer/0/query?f=geojson&where=UF%3D%27PARAN%C3%81%27&geometry=-51.9293%2C-25.326999999999998%2C-51.144400000000005%2C-24.6049&geometryType=esriGeometryEnvelope&inSR=4326&spatialRel=esriSpatialRelIntersects&outFields=Codigo%2CNome%2CTipoEstacao%2COperando%2CLatitude%2CLongitude%2CMunicipio%2CMunicipioCodigo%2CUF%2CBacia%2CSubBacia%2CRio%2CResponsavelSigla%2CEstacaoTelemetrica%2CDataAlteracao&outSR=4326&returnGeometry=true&resultRecordCount=2000;"Cadastro consultado; datas próprias por estação";2026-10-07T18:29:48.008184+00:00;estações
02551041;GUAIRAÇÁ;Pluviométrica;-25.14969999999994;-51.33299999999997;regional;GUARAPUAVA;22094000;21.330973806600635;Não;Não;IAT-PR;RIO PARANÁ;RIOS PARANÁ,PARANAPANEMA E ...;;1776816000000;ANA;https://portal1.snirh.gov.br/server/rest/services/Esta%C3%A7%C3%B5es_Hidrometeorol%C3%B3gicas_SNIRH/FeatureServer/0/query?f=geojson&where=UF%3D%27PARAN%C3%81%27&geometry=-51.9293%2C-25.326999999999998%2C-51.144400000000005%2C-24.6049&geometryType=esriGeometryEnvelope&inSR=4326&spatialRel=esriSpatialRelIntersects&outFields=Codigo%2CNome%2CTipoEstacao%2COperando%2CLatitude%2CLongitude%2CMunicipio%2CMunicipioCodigo%2CUF%2CBacia%2CSubBacia%2CRio%2CResponsavelSigla%2CEstacaoTelemetrica%2CDataAlteracao&outSR=4326&returnGeometry=true&resultRecordCount=2000;"Cadastro consultado; datas próprias por estação";2026-10-07T18:29:48.008184+00:00;estações
02451027;CARAZINHO;Pluviométrica;-24.905799999999942;-51.670699999999954;regional;BOA VENTURA DE SÃO ROQUE;22030400;22.52227951564281;Sim;Não;IAT-PR;RIO PARANÁ;RIOS PARANÁ,PARANAPANEMA E ...;;1776816000000;ANA;https://portal1.snirh.gov.br/server/rest/services/Esta%C3%A7%C3%B5es_Hidrometeorol%C3%B3gicas_SNIRH/FeatureServer/0/query?f=geojson&where=UF%3D%27PARAN%C3%81%27&geometry=-51.9293%2C-25.326999999999998%2C-51.144400000000005%2C-24.6049&geometryType=esriGeometryEnvelope&inSR=4326&spatialRel=esriSpatialRelIntersects&outFields=Codigo%2CNome%2CTipoEstacao%2COperando%2CLatitude%2CLongitude%2CMunicipio%2CMunicipioCodigo%2CUF%2CBacia%2CSubBacia%2CRio%2CResponsavelSigla%2CEstacaoTelemetrica%2CDataAlteracao&outSR=4326&returnGeometry=true&resultRecordCount=2000;"Cadastro consultado; datas próprias por estação";2026-10-07T18:29:48.008184+00:00;estações
02551042;POMBAS;Pluviométrica;-25.11659999999995;-51.28299999999996;regional;GUARAPUAVA;22094000;23.040148344922812;Não;Não;IAT-PR;RIO PARANÁ;RIOS PARANÁ,PARANAPANEMA E ...;;1776816000000;ANA;https://portal1.snirh.gov.br/server/rest/services/Esta%C3%A7%C3%B5es_Hidrometeorol%C3%B3gicas_SNIRH/FeatureServer/0/query?f=geojson&where=UF%3D%27PARAN%C3%81%27&geometry=-51.9293%2C-25.326999999999998%2C-51.144400000000005%2C-24.6049&geometryType=esriGeometryEnvelope&inSR=4326&spatialRel=esriSpatialRelIntersects&outFields=Codigo%2CNome%2CTipoEstacao%2COperando%2CLatitude%2CLongitude%2CMunicipio%2CMunicipioCodigo%2CUF%2CBacia%2CSubBacia%2CRio%2CResponsavelSigla%2CEstacaoTelemetrica%2CDataAlteracao&outSR=4326&returnGeometry=true&resultRecordCount=2000;"Cadastro consultado; datas próprias por estação";2026-10-07T18:29:48.008184+00:00;estações
02451030;VITORINO;Pluviométrica;-24.91659999999996;-51.26659999999998;regional;PRUDENTÓPOLIS;22207000;24.02513378050448;Não;Não;IAT-PR;RIO PARANÁ;RIOS PARANÁ,PARANAPANEMA E ...;;1776816000000;ANA;https://portal1.snirh.gov.br/server/rest/services/Esta%C3%A7%C3%B5es_Hidrometeorol%C3%B3gicas_SNIRH/FeatureServer/0/query?f=geojson&where=UF%3D%27PARAN%C3%81%27&geometry=-51.9293%2C-25.326999999999998%2C-51.144400000000005%2C-24.6049&geometryType=esriGeometryEnvelope&inSR=4326&spatialRel=esriSpatialRelIntersects&outFields=Codigo%2CNome%2CTipoEstacao%2COperando%2CLatitude%2CLongitude%2CMunicipio%2CMunicipioCodigo%2CUF%2CBacia%2CSubBacia%2CRio%2CResponsavelSigla%2CEstacaoTelemetrica%2CDataAlteracao&outSR=4326&returnGeometry=true&resultRecordCount=2000;"Cadastro consultado; datas próprias por estação";2026-10-07T18:29:48.008184+00:00;estações
64631800;PCH PEDRINHO I BARRAMENTO;Fluviométrica;-24.787799999999947;-51.43079999999998;regional;BOA VENTURA DE SÃO ROQUE;22030400;25.426071959624814;Sim;Sim;RIO PEDRINHO;RIO PARANÁ;RIOS PARANÁ,PARANAPANEMA E ...;R. BONITO OU PEDRINHO;1427414400000;ANA;https://portal1.snirh.gov.br/server/rest/services/Esta%C3%A7%C3%B5es_Hidrometeorol%C3%B3gicas_SNIRH/FeatureServer/0/query?f=geojson&where=UF%3D%27PARAN%C3%81%27&geometry=-51.9293%2C-25.326999999999998%2C-51.144400000000005%2C-24.6049&geometryType=esriGeometryEnvelope&inSR=4326&spatialRel=esriSpatialRelIntersects&outFields=Codigo%2CNome%2CTipoEstacao%2COperando%2CLatitude%2CLongitude%2CMunicipio%2CMunicipioCodigo%2CUF%2CBacia%2CSubBacia%2CRio%2CResponsavelSigla%2CEstacaoTelemetrica%2CDataAlteracao&outSR=4326&returnGeometry=true&resultRecordCount=2000;"Cadastro consultado; datas próprias por estação";2026-10-07T18:29:48.008184+00:00;estações
