cnes,name,type,management,ownership,active,ambulatorySus,address,neighborhood,municipalityCode,reference,competence,sourceId
4057155,ASSOCIACAO CRISTA BENEFICENTE DE TURVO,UNIDADE DE APOIO DIAGNOSE E TERAPIA (SADT ISOLADO),Municipal,Sem fins lucrativos,True,True,RUA DR JOAO FERREIRA NEVES 450,CENTRO,4127965,2026-10-07,,cnes
4206916,BASE DESCENTRALIZADA SAMU BRAVO TURVO,UNIDADE MOVEL DE NIVEL PRE-HOSPITALAR NA AREA DE URGENCIA,Municipal,Pública,True,False,RUA MARIA BETTEGA 152,CENTRO,4127965,2026-10-07,,cnes
8143390,CENTRO ESPECIALIZADO MULTIPROFISSIONAL GIRASSOL,CLINICA/CENTRO DE ESPECIALIDADE,Municipal,Pública,True,False,DOUTOR JOAO FERREIRA NEVES 600,CENTRO,4127965,2026-10-07,,cnes
3417816,CLINICA MEDICA ASSOCIACAO CRISTA BENEFICENTE DE TURVO,CONSULTORIO ISOLADO,Municipal,Sem fins lucrativos,True,False,RUA DOS EXPEDICIONARIOS 780,CENTRO,4127965,2026-10-07,,cnes
5345499,CLINICA MUNICIPAL DE REABILITACAO RAUL RICKLI EMULTI,CENTRO DE APOIO A SAUDE DA FAMILIA,Municipal,Pública,True,True,AVENIDA DOZE DE MAIO 795,CENTRO,4127965,2026-10-07,,cnes
8544409,DINAMICA CLINICA ESPECIALIZADA EM SAUDE E BEM ESTAR,CONSULTORIO ISOLADO,Municipal,Privada,True,False,ELIAS RICKLI 593,CENTRO,4127965,2026-10-07,,cnes
5981441,ESCOLA EMILIO MUDREY D INF E ENS FUND NA MOD EDUC ESPECIAL,CLINICA/CENTRO DE ESPECIALIDADE,Estadual,Sem fins lucrativos,True,False,AVENIDA MARIA BETTEGA 221,CENTRO,4127965,2026-10-07,,cnes
4141423,ESSENCIALY CLINICA MULTIDISCIPLINAR,CONSULTORIO ISOLADO,Municipal,Privada,True,False,AVENIDA NOSSA SENHORA APARECIDA 529,CENTRO,4127965,2026-10-07,,cnes
8456798,F B ODONTOLOGIA,CONSULTORIO ISOLADO,Municipal,Privada,True,False,AVENIDA DOZE DE MAIO 01,CENTRO,4127965,2026-10-07,,cnes
0804177,FARMACIA IDEAL,FARMACIA,Municipal,Privada,True,False,NOSSA SENHORA APARECIDA 43,CENTRO,4127965,2026-10-07,,cnes
4122038,FARMACIA MUNICIPAL,FARMACIA,Municipal,Pública,True,True,AVENIDA DOZEDE MAIO 732,CENTRO,4127965,2026-10-07,,cnes
8240396,FARMACIA NOSSA SENHORA APARECIDA DE TURVO,FARMACIA,Municipal,Privada,True,False,PARANA 679,CENTRO,4127965,2026-10-07,,cnes
0991902,HIPERFARMA TURVO,FARMACIA,Municipal,Privada,True,False,AVENIDA 12 DE MAIO 610,CENTRO,4127965,2026-10-07,,cnes
2741962,HOSPITAL BOM PASTOR,HOSPITAL GERAL,Dupla,Sem fins lucrativos,True,True,PARANA 710,CENTRO,4127965,2026-10-07,,cnes
4418921,INSTITUTO DE FISIOTERAPIA NOSSA SENHORA APARECIDA,CONSULTORIO ISOLADO,Municipal,Privada,True,False,AVENIDA 12 DE MAIO 110,CENTRO,4127965,2026-10-07,,cnes
2742160,LABORATORIO DE ANALISES CLINICAS SAO CAMILO,UNIDADE DE APOIO DIAGNOSE E TERAPIA (SADT ISOLADO),Municipal,Privada,True,False,DOS EXPEDICIONARIOS 634,CENTRO,4127965,2026-10-07,,cnes
0804363,MENTE E MOVIMENTO,CONSULTORIO ISOLADO,Municipal,Privada,True,False,ROBERTO RICKLI SOBRINHO 97,JARDIM ALEGRE,4127965,2026-10-07,,cnes
0802891,ODONTOLOGIA MULTICLINICA,CONSULTORIO ISOLADO,Municipal,Privada,True,False,RUA VEREADOR RENE RICKLI 666,CENTRO,4127965,2026-10-07,,cnes
0204056,POLO ACADEMIA DA SAUDE,POLO ACADEMIA DA SAUDE,Municipal,Pública,True,False,RUA MARIA BETTEGA 231,CENTRO,4127965,2026-10-07,,cnes
4873793,RGS SERVICOS MEDICOS,CONSULTORIO ISOLADO,Municipal,Privada,True,False,AVENIDA NOSSA SENHORA APARECIDA 282,CENTRO,4127965,2026-10-07,,cnes
4072669,RM FARMA POPULAR,FARMACIA,Municipal,Privada,True,False,12 DE MAIO 877,CENTRO,4127965,2026-10-07,,cnes
6763510,SMS DE TURVO,CENTRAL DE GESTAO EM SAUDE,Municipal,Pública,True,True,AVENIDA DOZE DE MAIO 795,CENTRO,4127965,2026-10-07,,cnes
8314462,STUDIO PERSONAL VIVI AMARAL,CONSULTORIO ISOLADO,Municipal,Privada,True,False,AVENIDA MOACIR JULIO SILVESTRE 952,CENTRO,4127965,2026-10-07,,cnes
2743248,UBS CACHOEIRA DOS TURCOS,CENTRO DE SAUDE/UNIDADE BASICA,Municipal,Pública,True,True,AVENIDA DOZE DE MAIO S/N,CENTRO,4127965,2026-10-07,,cnes
2742306,UBS FAXINAL DA BOA VISTA,CENTRO DE SAUDE/UNIDADE BASICA,Municipal,Pública,True,True,FAXINAL DA BOA VISTA S/N,ZONA RURAL,4127965,2026-10-07,,cnes
2741423,UBS IRACY APARECIDA DE CAMPOS SEDE,CENTRO DE SAUDE/UNIDADE BASICA,Municipal,Pública,True,True,AVENIDA DOZE DE MAIO 795,CENTRO,4127965,2026-10-07,,cnes
0937355,UBS JARDIM FILADELFIA,CENTRO DE SAUDE/UNIDADE BASICA,Municipal,Pública,True,True,RUA AGENOR ALMEIDA CAMARGO 329,JARDIM FILADELFIA,4127965,2026-10-07,,cnes
2742322,UBS PASSA QUATRO,CENTRO DE SAUDE/UNIDADE BASICA,Municipal,Pública,True,True,PASSA QUATRO S/N,INTERIOR,4127965,2026-10-07,,cnes
2743280,UBS SAUDADE,CENTRO DE SAUDE/UNIDADE BASICA,Municipal,Pública,True,True,SAUDADE S/N,ZONA RURAL,4127965,2026-10-07,,cnes
4126858,VITALCLIN,CONSULTORIO ISOLADO,Municipal,Privada,True,False,ELIAS RICKLI 488,CENTRO,4127965,2026-10-07,,cnes
5808545,VITTABELLI FISIOTERAPIA ESPECIALIZADA,CONSULTORIO ISOLADO,Municipal,Privada,True,False,RUA ELIAS RICKLI 488,CENTRO,4127965,2026-10-07,,cnes
5345510,CEOM CENTRO DE ESPECIALIDADES ODONTOLOGICAS MUNICIPAL,CONSULTORIO ISOLADO,Dupla,Pública,False,False,AVENIDA DOZE DE MAIO 795,CENTRO,4127965,2026-10-07,,cnes
0831700,CLINICA ATRAVESSAMENTOS ESPACO DE PSICOLOGIA,CONSULTORIO ISOLADO,Municipal,Privada,False,False,RUA ROBERTO RICKLI SOBRINHO 189,JARDIM ALEGRE,4127965,2026-10-07,,cnes
9594213,F B ODONTOLOGIA,CONSULTORIO ISOLADO,Municipal,Privada,False,False,AVENIDA DOZE DE MAIO 01,CENTRO,4127965,2026-10-07,,cnes
4195574,LABORATORIO THOMSON,UNIDADE DE APOIO DIAGNOSE E TERAPIA (SADT ISOLADO),Estadual,Privada,False,False,RUA PARANA 643,CENTRO,4127965,2026-10-07,,cnes
7017367,MAG SAUDE,CONSULTORIO ISOLADO,Municipal,Privada,False,False,RUA DAS PALMEIRAS S/N,VILA IBEMA,4127965,2026-10-07,,cnes
6311865,MINI POSTO ARVOREDO,POSTO DE SAUDE,Municipal,Pública,False,False,ARVOREDO S/N,ZONA RURAL,4127965,2026-10-07,,cnes
2742292,MINI POSTO BANHADO VERMELHO,POSTO DE SAUDE,Municipal,Pública,False,False,BANHADO VERMELHO S/N,ZONA RURAL,4127965,2026-10-07,,cnes
5345529,MINI POSTO CACHOEIRINHA,POSTO DE SAUDE,Municipal,Pública,False,False,CACHOEIRINHA S/N,ZONA RURAL,4127965,2026-10-07,,cnes
2742284,MINI POSTO CAMBUCICA,POSTO DE SAUDE,Municipal,Pública,False,False,CAMBUCICA S/N,ZONA RURAL,4127965,2026-10-07,,cnes
5345545,MINI POSTO CARRIEL,POSTO DE SAUDE,Municipal,Pública,False,False,CARRIEL S/N,ZONA RURAL,4127965,2026-10-07,,cnes
2742314,MINI POSTO COLONIA VELHA,POSTO DE SAUDE,Municipal,Pública,False,False,COLONIA VELHA S/N,ZONA RURAL,4127965,2026-10-07,,cnes
6311989,MINI POSTO CURITIBINHA,POSTO DE SAUDE,Municipal,Pública,False,False,CURITIBINHA S/N,ZONA RURAL,4127965,2026-10-07,,cnes
5345537,MINI POSTO FAXINAL DOS VIDAL,POSTO DE SAUDE,Municipal,Pública,False,False,FAXINAL DOS VIDAL S/N,ZONA RURAL,4127965,2026-10-07,,cnes
6311970,MINI POSTO ILHAS BANDEIRAS,POSTO DE SAUDE,Municipal,Pública,False,False,ILHAS BANDEIRAS S/N,ZONA RURAL,4127965,2026-10-07,,cnes
2742330,MINI POSTO PASSO GRANDE,POSTO DE SAUDE,Municipal,Pública,False,False,PASSO GRANDE S/N,ZONA RURAL,4127965,2026-10-07,,cnes
6311962,MINI POSTO RIO BONITO,POSTO DE SAUDE,Municipal,Pública,False,False,RIO BONITO S/N,ZONA RURAL,4127965,2026-10-07,,cnes
4057147,ORTOCLIN,CONSULTORIO ISOLADO,Municipal,Privada,False,False,RUA DR JOAO FERREIRA NEVES 485,CENTRO,4127965,2026-10-07,,cnes
2742357,P S ARROIO FUNDO,POSTO DE SAUDE,Municipal,Pública,False,False,ZONA RURAL S/N,ZONA RURAL,4127965,2026-10-07,,cnes
2743256,PS FAXINAL DA BOA VISTA,POSTO DE SAUDE,Municipal,Pública,False,False,FAXINAL DA BOA VISTA S/N,ZONA RURAL,4127965,2026-10-07,,cnes
2743264,PS PORTERINHA,POSTO DE SAUDE,Municipal,Pública,False,False,PORTEIRINHA S/N,ZONA RURAL,4127965,2026-10-07,,cnes
2743272,PS RIO PEDRINHO,POSTO DE SAUDE,Municipal,Pública,False,False,RIO PEDRINHO S/N,ZONA RURAL,4127965,2026-10-07,,cnes
6311873,UBSI ALDEIA INDIGENA MARRECAS,UNIDADE DE ATENCAO A SAUDE INDIGENA,Municipal,Pública,False,False,RESERVA INDIGENA S/N,MARRECAS,4127965,2026-10-07,,cnes
0758868,VITAL CLIN,CONSULTORIO ISOLADO,Municipal,Privada,False,False,RUA ELIAS RICKLI 488,CENTRO,4127965,2026-10-07,,cnes
