municipalityCode;municipality;state;source;collectedAt;period;code;label;stock;share;remunerationNominalDecember;remunerationSample;remunerationCollectedAt
4127965;Turvo;PR;RAIS;2026-10-06T16:29:21.820013+00:00;2023;agriculture;Agropecuária;166;6.73;;;
4127965;Turvo;PR;RAIS;2026-10-06T16:29:21.820013+00:00;2023;industry;Indústria;838;33.98;;;
4127965;Turvo;PR;RAIS;2026-10-06T16:29:21.820013+00:00;2023;construction;Construção;36;1.46;;;
4127965;Turvo;PR;RAIS;2026-10-06T16:29:21.820013+00:00;2023;commerce;Comércio;405;16.42;;;
4127965;Turvo;PR;RAIS;2026-10-06T16:29:21.820013+00:00;2023;services;Serviços;1021;41.4;;;
4127965;Turvo;PR;RAIS;2026-10-06T16:29:21.820013+00:00;2024;agriculture;Agropecuária;179;7.12;;;
4127965;Turvo;PR;RAIS;2026-10-06T16:29:21.820013+00:00;2024;industry;Indústria;846;33.66;;;
4127965;Turvo;PR;RAIS;2026-10-06T16:29:21.820013+00:00;2024;construction;Construção;53;2.11;;;
4127965;Turvo;PR;RAIS;2026-10-06T16:29:21.820013+00:00;2024;commerce;Comércio;427;16.99;;;
4127965;Turvo;PR;RAIS;2026-10-06T16:29:21.820013+00:00;2024;services;Serviços;1008;40.11;;;
4127965;Turvo;PR;RAIS;2026-10-06T16:29:21.820013+00:00;2025;agriculture;Agropecuária;209;7.56;2528.99;197;2026-10-06T16:41:42.533778+00:00
4127965;Turvo;PR;RAIS;2026-10-06T16:29:21.820013+00:00;2025;industry;Indústria;900;32.57;3510.12;863;2026-10-06T16:41:42.533778+00:00
4127965;Turvo;PR;RAIS;2026-10-06T16:29:21.820013+00:00;2025;construction;Construção;45;1.63;2483.34;44;2026-10-06T16:41:42.533778+00:00
4127965;Turvo;PR;RAIS;2026-10-06T16:29:21.820013+00:00;2025;commerce;Comércio;441;15.96;2393.61;428;2026-10-06T16:41:42.533778+00:00
4127965;Turvo;PR;RAIS;2026-10-06T16:29:21.820013+00:00;2025;services;Serviços;1168;42.27;3720.73;1078;2026-10-06T16:41:42.533778+00:00
4109401;Guarapuava;PR;RAIS;2026-10-06T16:29:21.820013+00:00;2023;agriculture;Agropecuária;3388;6.56;;;
4109401;Guarapuava;PR;RAIS;2026-10-06T16:29:21.820013+00:00;2023;industry;Indústria;8279;16.03;;;
4109401;Guarapuava;PR;RAIS;2026-10-06T16:29:21.820013+00:00;2023;construction;Construção;3120;6.04;;;
4109401;Guarapuava;PR;RAIS;2026-10-06T16:29:21.820013+00:00;2023;commerce;Comércio;14492;28.06;;;
4109401;Guarapuava;PR;RAIS;2026-10-06T16:29:21.820013+00:00;2023;services;Serviços;22362;43.3;;;
4109401;Guarapuava;PR;RAIS;2026-10-06T16:29:21.820013+00:00;2024;agriculture;Agropecuária;3672;6.98;;;
4109401;Guarapuava;PR;RAIS;2026-10-06T16:29:21.820013+00:00;2024;industry;Indústria;8734;16.61;;;
4109401;Guarapuava;PR;RAIS;2026-10-06T16:29:21.820013+00:00;2024;construction;Construção;3291;6.26;;;
4109401;Guarapuava;PR;RAIS;2026-10-06T16:29:21.820013+00:00;2024;commerce;Comércio;14439;27.46;;;
4109401;Guarapuava;PR;RAIS;2026-10-06T16:29:21.820013+00:00;2024;services;Serviços;22446;42.69;;;
4109401;Guarapuava;PR;RAIS;2026-10-06T16:29:21.820013+00:00;2025;agriculture;Agropecuária;3401;6.45;3633.94;3178;2026-10-06T16:41:42.533778+00:00
4109401;Guarapuava;PR;RAIS;2026-10-06T16:29:21.820013+00:00;2025;industry;Indústria;8168;15.5;3309.46;7705;2026-10-06T16:41:42.533778+00:00
4109401;Guarapuava;PR;RAIS;2026-10-06T16:29:21.820013+00:00;2025;construction;Construção;3388;6.43;3990.98;2992;2026-10-06T16:41:42.533778+00:00
4109401;Guarapuava;PR;RAIS;2026-10-06T16:29:21.820013+00:00;2025;commerce;Comércio;14255;27.05;3071.35;13454;2026-10-06T16:41:42.533778+00:00
4109401;Guarapuava;PR;RAIS;2026-10-06T16:29:21.820013+00:00;2025;services;Serviços;23490;44.57;5126.11;21421;2026-10-06T16:41:42.533778+00:00
4119608;Pitanga;PR;RAIS;2026-10-06T16:29:21.820013+00:00;2023;agriculture;Agropecuária;424;6.32;;;
4119608;Pitanga;PR;RAIS;2026-10-06T16:29:21.820013+00:00;2023;industry;Indústria;1260;18.77;;;
4119608;Pitanga;PR;RAIS;2026-10-06T16:29:21.820013+00:00;2023;construction;Construção;346;5.15;;;
4119608;Pitanga;PR;RAIS;2026-10-06T16:29:21.820013+00:00;2023;commerce;Comércio;1891;28.17;;;
4119608;Pitanga;PR;RAIS;2026-10-06T16:29:21.820013+00:00;2023;services;Serviços;2791;41.58;;;
4119608;Pitanga;PR;RAIS;2026-10-06T16:29:21.820013+00:00;2024;agriculture;Agropecuária;443;6.32;;;
4119608;Pitanga;PR;RAIS;2026-10-06T16:29:21.820013+00:00;2024;industry;Indústria;1268;18.1;;;
4119608;Pitanga;PR;RAIS;2026-10-06T16:29:21.820013+00:00;2024;construction;Construção;410;5.85;;;
4119608;Pitanga;PR;RAIS;2026-10-06T16:29:21.820013+00:00;2024;commerce;Comércio;1908;27.23;;;
4119608;Pitanga;PR;RAIS;2026-10-06T16:29:21.820013+00:00;2024;services;Serviços;2977;42.49;;;
4119608;Pitanga;PR;RAIS;2026-10-06T16:29:21.820013+00:00;2025;agriculture;Agropecuária;451;6.63;2603.07;422;2026-10-06T16:41:42.533778+00:00
4119608;Pitanga;PR;RAIS;2026-10-06T16:29:21.820013+00:00;2025;industry;Indústria;1288;18.94;2718.18;1240;2026-10-06T16:41:42.533778+00:00
4119608;Pitanga;PR;RAIS;2026-10-06T16:29:21.820013+00:00;2025;construction;Construção;270;3.97;3191.16;251;2026-10-06T16:41:42.533778+00:00
4119608;Pitanga;PR;RAIS;2026-10-06T16:29:21.820013+00:00;2025;commerce;Comércio;1889;27.78;2855.01;1832;2026-10-06T16:41:42.533778+00:00
4119608;Pitanga;PR;RAIS;2026-10-06T16:29:21.820013+00:00;2025;services;Serviços;2902;42.68;3481.25;2794;2026-10-06T16:41:42.533778+00:00
4113254;Laranjal;PR;RAIS;2026-10-06T16:29:21.820013+00:00;2023;agriculture;Agropecuária;117;19.34;;;
4113254;Laranjal;PR;RAIS;2026-10-06T16:29:21.820013+00:00;2023;industry;Indústria;7;1.16;;;
4113254;Laranjal;PR;RAIS;2026-10-06T16:29:21.820013+00:00;2023;construction;Construção;6;0.99;;;
4113254;Laranjal;PR;RAIS;2026-10-06T16:29:21.820013+00:00;2023;commerce;Comércio;53;8.76;;;
4113254;Laranjal;PR;RAIS;2026-10-06T16:29:21.820013+00:00;2023;services;Serviços;422;69.75;;;
4113254;Laranjal;PR;RAIS;2026-10-06T16:29:21.820013+00:00;2024;agriculture;Agropecuária;120;21.13;;;
4113254;Laranjal;PR;RAIS;2026-10-06T16:29:21.820013+00:00;2024;industry;Indústria;6;1.06;;;
4113254;Laranjal;PR;RAIS;2026-10-06T16:29:21.820013+00:00;2024;construction;Construção;3;0.53;;;
4113254;Laranjal;PR;RAIS;2026-10-06T16:29:21.820013+00:00;2024;commerce;Comércio;65;11.44;;;
4113254;Laranjal;PR;RAIS;2026-10-06T16:29:21.820013+00:00;2024;services;Serviços;374;65.85;;;
4113254;Laranjal;PR;RAIS;2026-10-06T16:29:21.820013+00:00;2025;agriculture;Agropecuária;134;20.4;2561.32;130;2026-10-06T16:41:42.533778+00:00
4113254;Laranjal;PR;RAIS;2026-10-06T16:29:21.820013+00:00;2025;industry;Indústria;9;1.37;1803.38;8;2026-10-06T16:41:42.533778+00:00
4113254;Laranjal;PR;RAIS;2026-10-06T16:29:21.820013+00:00;2025;construction;Construção;15;2.28;2291.82;15;2026-10-06T16:41:42.533778+00:00
4113254;Laranjal;PR;RAIS;2026-10-06T16:29:21.820013+00:00;2025;commerce;Comércio;80;12.18;1963.73;78;2026-10-06T16:41:42.533778+00:00
4113254;Laranjal;PR;RAIS;2026-10-06T16:29:21.820013+00:00;2025;services;Serviços;419;63.77;3418.18;403;2026-10-06T16:41:42.533778+00:00
