municipalityCode;municipality;state;source;collectedAt;period;stock;remunerationNominalDecember;remunerationSample;remunerationMissingOrZero;remunerationCollectedAt
4127965;Turvo;PR;RAIS;2026-10-06T16:29:21.820013+00:00;2023;2466;;;;
4127965;Turvo;PR;RAIS;2026-10-06T16:29:21.820013+00:00;2024;2513;;;;
4127965;Turvo;PR;RAIS;2026-10-06T16:29:21.820013+00:00;2025;2763;3322.65;2610;153;2026-10-06T16:41:42.533778+00:00
4109401;Guarapuava;PR;RAIS;2026-10-06T16:29:21.820013+00:00;2023;51641;;;;
4109401;Guarapuava;PR;RAIS;2026-10-06T16:29:21.820013+00:00;2024;52582;;;;
4109401;Guarapuava;PR;RAIS;2026-10-06T16:29:21.820013+00:00;2025;52702;4104.97;48750;3952;2026-10-06T16:41:42.533778+00:00
4119608;Pitanga;PR;RAIS;2026-10-06T16:29:21.820013+00:00;2023;6712;;;;
4119608;Pitanga;PR;RAIS;2026-10-06T16:29:21.820013+00:00;2024;7006;;;;
4119608;Pitanga;PR;RAIS;2026-10-06T16:29:21.820013+00:00;2025;6800;3093.29;6539;261;2026-10-06T16:41:42.533778+00:00
4113254;Laranjal;PR;RAIS;2026-10-06T16:29:21.820013+00:00;2023;605;;;;
4113254;Laranjal;PR;RAIS;2026-10-06T16:29:21.820013+00:00;2024;568;;;;
4113254;Laranjal;PR;RAIS;2026-10-06T16:29:21.820013+00:00;2025;657;3016.52;634;23;2026-10-06T16:41:42.533778+00:00
