municipalityCode,reference,indicator,value,unit,status,sourceId,url,collectedAt,transformation,note
4127965,202501,Famílias em acompanhamento PAIF,139,famílias,real,rma-cras,https://aplicacoes.mds.gov.br/sagi/dicivip_datain/ckfinder/userfiles/files/RMA_CRAS_Criterios_2025_divulgacao_150526.xlsx,2026-10-07T13:36:07.787755+00:00,Valor municipal publicado; sem imputação.,"Estatística administrativa municipal agregada; famílias e pessoas são unidades distintas. Não somar universos CadÚnico, Bolsa Família e BPC."
4127965,202501,Novas famílias PAIF,0,famílias,real,rma-cras,https://aplicacoes.mds.gov.br/sagi/dicivip_datain/ckfinder/userfiles/files/RMA_CRAS_Criterios_2025_divulgacao_150526.xlsx,2026-10-07T13:36:07.787755+00:00,Valor municipal publicado; sem imputação.,"Estatística administrativa municipal agregada; famílias e pessoas são unidades distintas. Não somar universos CadÚnico, Bolsa Família e BPC."
4127965,202501,Atendimentos particularizados CRAS,245,atendimentos,real,rma-cras,https://aplicacoes.mds.gov.br/sagi/dicivip_datain/ckfinder/userfiles/files/RMA_CRAS_Criterios_2025_divulgacao_150526.xlsx,2026-10-07T13:36:07.787755+00:00,Valor municipal publicado; sem imputação.,"Estatística administrativa municipal agregada; famílias e pessoas são unidades distintas. Não somar universos CadÚnico, Bolsa Família e BPC."
4127965,202502,Famílias em acompanhamento PAIF,118,famílias,real,rma-cras,https://aplicacoes.mds.gov.br/sagi/dicivip_datain/ckfinder/userfiles/files/RMA_CRAS_Criterios_2025_divulgacao_150526.xlsx,2026-10-07T13:36:07.787755+00:00,Valor municipal publicado; sem imputação.,"Estatística administrativa municipal agregada; famílias e pessoas são unidades distintas. Não somar universos CadÚnico, Bolsa Família e BPC."
4127965,202502,Novas famílias PAIF,0,famílias,real,rma-cras,https://aplicacoes.mds.gov.br/sagi/dicivip_datain/ckfinder/userfiles/files/RMA_CRAS_Criterios_2025_divulgacao_150526.xlsx,2026-10-07T13:36:07.787755+00:00,Valor municipal publicado; sem imputação.,"Estatística administrativa municipal agregada; famílias e pessoas são unidades distintas. Não somar universos CadÚnico, Bolsa Família e BPC."
4127965,202502,Atendimentos particularizados CRAS,891,atendimentos,real,rma-cras,https://aplicacoes.mds.gov.br/sagi/dicivip_datain/ckfinder/userfiles/files/RMA_CRAS_Criterios_2025_divulgacao_150526.xlsx,2026-10-07T13:36:07.787755+00:00,Valor municipal publicado; sem imputação.,"Estatística administrativa municipal agregada; famílias e pessoas são unidades distintas. Não somar universos CadÚnico, Bolsa Família e BPC."
4127965,202503,Famílias em acompanhamento PAIF,98,famílias,real,rma-cras,https://aplicacoes.mds.gov.br/sagi/dicivip_datain/ckfinder/userfiles/files/RMA_CRAS_Criterios_2025_divulgacao_150526.xlsx,2026-10-07T13:36:07.787755+00:00,Valor municipal publicado; sem imputação.,"Estatística administrativa municipal agregada; famílias e pessoas são unidades distintas. Não somar universos CadÚnico, Bolsa Família e BPC."
4127965,202503,Novas famílias PAIF,5,famílias,real,rma-cras,https://aplicacoes.mds.gov.br/sagi/dicivip_datain/ckfinder/userfiles/files/RMA_CRAS_Criterios_2025_divulgacao_150526.xlsx,2026-10-07T13:36:07.787755+00:00,Valor municipal publicado; sem imputação.,"Estatística administrativa municipal agregada; famílias e pessoas são unidades distintas. Não somar universos CadÚnico, Bolsa Família e BPC."
4127965,202503,Atendimentos particularizados CRAS,,atendimentos,unavailable,rma-cras,https://aplicacoes.mds.gov.br/sagi/dicivip_datain/ckfinder/userfiles/files/RMA_CRAS_Criterios_2025_divulgacao_150526.xlsx,2026-10-07T13:36:07.787755+00:00,Valor municipal publicado; sem imputação.,"Estatística administrativa municipal agregada; famílias e pessoas são unidades distintas. Não somar universos CadÚnico, Bolsa Família e BPC."
4127965,202504,Famílias em acompanhamento PAIF,100,famílias,real,rma-cras,https://aplicacoes.mds.gov.br/sagi/dicivip_datain/ckfinder/userfiles/files/RMA_CRAS_Criterios_2025_divulgacao_150526.xlsx,2026-10-07T13:36:07.787755+00:00,Valor municipal publicado; sem imputação.,"Estatística administrativa municipal agregada; famílias e pessoas são unidades distintas. Não somar universos CadÚnico, Bolsa Família e BPC."
4127965,202504,Novas famílias PAIF,12,famílias,real,rma-cras,https://aplicacoes.mds.gov.br/sagi/dicivip_datain/ckfinder/userfiles/files/RMA_CRAS_Criterios_2025_divulgacao_150526.xlsx,2026-10-07T13:36:07.787755+00:00,Valor municipal publicado; sem imputação.,"Estatística administrativa municipal agregada; famílias e pessoas são unidades distintas. Não somar universos CadÚnico, Bolsa Família e BPC."
4127965,202504,Atendimentos particularizados CRAS,,atendimentos,unavailable,rma-cras,https://aplicacoes.mds.gov.br/sagi/dicivip_datain/ckfinder/userfiles/files/RMA_CRAS_Criterios_2025_divulgacao_150526.xlsx,2026-10-07T13:36:07.787755+00:00,Valor municipal publicado; sem imputação.,"Estatística administrativa municipal agregada; famílias e pessoas são unidades distintas. Não somar universos CadÚnico, Bolsa Família e BPC."
4127965,202505,Famílias em acompanhamento PAIF,98,famílias,real,rma-cras,https://aplicacoes.mds.gov.br/sagi/dicivip_datain/ckfinder/userfiles/files/RMA_CRAS_Criterios_2025_divulgacao_150526.xlsx,2026-10-07T13:36:07.787755+00:00,Valor municipal publicado; sem imputação.,"Estatística administrativa municipal agregada; famílias e pessoas são unidades distintas. Não somar universos CadÚnico, Bolsa Família e BPC."
4127965,202505,Novas famílias PAIF,,famílias,suppressed,rma-cras,https://aplicacoes.mds.gov.br/sagi/dicivip_datain/ckfinder/userfiles/files/RMA_CRAS_Criterios_2025_divulgacao_150526.xlsx,2026-10-07T13:36:07.787755+00:00,Valor municipal publicado; sem imputação.,Célula de 1 a 4 suprimida pelo Observatório; nenhum valor original publicado.
4127965,202505,Atendimentos particularizados CRAS,,atendimentos,unavailable,rma-cras,https://aplicacoes.mds.gov.br/sagi/dicivip_datain/ckfinder/userfiles/files/RMA_CRAS_Criterios_2025_divulgacao_150526.xlsx,2026-10-07T13:36:07.787755+00:00,Valor municipal publicado; sem imputação.,"Estatística administrativa municipal agregada; famílias e pessoas são unidades distintas. Não somar universos CadÚnico, Bolsa Família e BPC."
4127965,202506,Famílias em acompanhamento PAIF,106,famílias,real,rma-cras,https://aplicacoes.mds.gov.br/sagi/dicivip_datain/ckfinder/userfiles/files/RMA_CRAS_Criterios_2025_divulgacao_150526.xlsx,2026-10-07T13:36:07.787755+00:00,Valor municipal publicado; sem imputação.,"Estatística administrativa municipal agregada; famílias e pessoas são unidades distintas. Não somar universos CadÚnico, Bolsa Família e BPC."
4127965,202506,Novas famílias PAIF,,famílias,suppressed,rma-cras,https://aplicacoes.mds.gov.br/sagi/dicivip_datain/ckfinder/userfiles/files/RMA_CRAS_Criterios_2025_divulgacao_150526.xlsx,2026-10-07T13:36:07.787755+00:00,Valor municipal publicado; sem imputação.,Célula de 1 a 4 suprimida pelo Observatório; nenhum valor original publicado.
4127965,202506,Atendimentos particularizados CRAS,,atendimentos,unavailable,rma-cras,https://aplicacoes.mds.gov.br/sagi/dicivip_datain/ckfinder/userfiles/files/RMA_CRAS_Criterios_2025_divulgacao_150526.xlsx,2026-10-07T13:36:07.787755+00:00,Valor municipal publicado; sem imputação.,"Estatística administrativa municipal agregada; famílias e pessoas são unidades distintas. Não somar universos CadÚnico, Bolsa Família e BPC."
4127965,202507,Famílias em acompanhamento PAIF,99,famílias,real,rma-cras,https://aplicacoes.mds.gov.br/sagi/dicivip_datain/ckfinder/userfiles/files/RMA_CRAS_Criterios_2025_divulgacao_150526.xlsx,2026-10-07T13:36:07.787755+00:00,Valor municipal publicado; sem imputação.,"Estatística administrativa municipal agregada; famílias e pessoas são unidades distintas. Não somar universos CadÚnico, Bolsa Família e BPC."
4127965,202507,Novas famílias PAIF,,famílias,suppressed,rma-cras,https://aplicacoes.mds.gov.br/sagi/dicivip_datain/ckfinder/userfiles/files/RMA_CRAS_Criterios_2025_divulgacao_150526.xlsx,2026-10-07T13:36:07.787755+00:00,Valor municipal publicado; sem imputação.,Célula de 1 a 4 suprimida pelo Observatório; nenhum valor original publicado.
4127965,202507,Atendimentos particularizados CRAS,,atendimentos,unavailable,rma-cras,https://aplicacoes.mds.gov.br/sagi/dicivip_datain/ckfinder/userfiles/files/RMA_CRAS_Criterios_2025_divulgacao_150526.xlsx,2026-10-07T13:36:07.787755+00:00,Valor municipal publicado; sem imputação.,"Estatística administrativa municipal agregada; famílias e pessoas são unidades distintas. Não somar universos CadÚnico, Bolsa Família e BPC."
4127965,202508,Famílias em acompanhamento PAIF,100,famílias,real,rma-cras,https://aplicacoes.mds.gov.br/sagi/dicivip_datain/ckfinder/userfiles/files/RMA_CRAS_Criterios_2025_divulgacao_150526.xlsx,2026-10-07T13:36:07.787755+00:00,Valor municipal publicado; sem imputação.,"Estatística administrativa municipal agregada; famílias e pessoas são unidades distintas. Não somar universos CadÚnico, Bolsa Família e BPC."
4127965,202508,Novas famílias PAIF,0,famílias,real,rma-cras,https://aplicacoes.mds.gov.br/sagi/dicivip_datain/ckfinder/userfiles/files/RMA_CRAS_Criterios_2025_divulgacao_150526.xlsx,2026-10-07T13:36:07.787755+00:00,Valor municipal publicado; sem imputação.,"Estatística administrativa municipal agregada; famílias e pessoas são unidades distintas. Não somar universos CadÚnico, Bolsa Família e BPC."
4127965,202508,Atendimentos particularizados CRAS,,atendimentos,unavailable,rma-cras,https://aplicacoes.mds.gov.br/sagi/dicivip_datain/ckfinder/userfiles/files/RMA_CRAS_Criterios_2025_divulgacao_150526.xlsx,2026-10-07T13:36:07.787755+00:00,Valor municipal publicado; sem imputação.,"Estatística administrativa municipal agregada; famílias e pessoas são unidades distintas. Não somar universos CadÚnico, Bolsa Família e BPC."
4127965,202509,Famílias em acompanhamento PAIF,104,famílias,real,rma-cras,https://aplicacoes.mds.gov.br/sagi/dicivip_datain/ckfinder/userfiles/files/RMA_CRAS_Criterios_2025_divulgacao_150526.xlsx,2026-10-07T13:36:07.787755+00:00,Valor municipal publicado; sem imputação.,"Estatística administrativa municipal agregada; famílias e pessoas são unidades distintas. Não somar universos CadÚnico, Bolsa Família e BPC."
4127965,202509,Novas famílias PAIF,,famílias,suppressed,rma-cras,https://aplicacoes.mds.gov.br/sagi/dicivip_datain/ckfinder/userfiles/files/RMA_CRAS_Criterios_2025_divulgacao_150526.xlsx,2026-10-07T13:36:07.787755+00:00,Valor municipal publicado; sem imputação.,Célula de 1 a 4 suprimida pelo Observatório; nenhum valor original publicado.
4127965,202509,Atendimentos particularizados CRAS,,atendimentos,unavailable,rma-cras,https://aplicacoes.mds.gov.br/sagi/dicivip_datain/ckfinder/userfiles/files/RMA_CRAS_Criterios_2025_divulgacao_150526.xlsx,2026-10-07T13:36:07.787755+00:00,Valor municipal publicado; sem imputação.,"Estatística administrativa municipal agregada; famílias e pessoas são unidades distintas. Não somar universos CadÚnico, Bolsa Família e BPC."
4127965,202510,Famílias em acompanhamento PAIF,102,famílias,real,rma-cras,https://aplicacoes.mds.gov.br/sagi/dicivip_datain/ckfinder/userfiles/files/RMA_CRAS_Criterios_2025_divulgacao_150526.xlsx,2026-10-07T13:36:07.787755+00:00,Valor municipal publicado; sem imputação.,"Estatística administrativa municipal agregada; famílias e pessoas são unidades distintas. Não somar universos CadÚnico, Bolsa Família e BPC."
4127965,202510,Novas famílias PAIF,,famílias,suppressed,rma-cras,https://aplicacoes.mds.gov.br/sagi/dicivip_datain/ckfinder/userfiles/files/RMA_CRAS_Criterios_2025_divulgacao_150526.xlsx,2026-10-07T13:36:07.787755+00:00,Valor municipal publicado; sem imputação.,Célula de 1 a 4 suprimida pelo Observatório; nenhum valor original publicado.
4127965,202510,Atendimentos particularizados CRAS,919,atendimentos,real,rma-cras,https://aplicacoes.mds.gov.br/sagi/dicivip_datain/ckfinder/userfiles/files/RMA_CRAS_Criterios_2025_divulgacao_150526.xlsx,2026-10-07T13:36:07.787755+00:00,Valor municipal publicado; sem imputação.,"Estatística administrativa municipal agregada; famílias e pessoas são unidades distintas. Não somar universos CadÚnico, Bolsa Família e BPC."
4127965,202511,Famílias em acompanhamento PAIF,107,famílias,real,rma-cras,https://aplicacoes.mds.gov.br/sagi/dicivip_datain/ckfinder/userfiles/files/RMA_CRAS_Criterios_2025_divulgacao_150526.xlsx,2026-10-07T13:36:07.787755+00:00,Valor municipal publicado; sem imputação.,"Estatística administrativa municipal agregada; famílias e pessoas são unidades distintas. Não somar universos CadÚnico, Bolsa Família e BPC."
4127965,202511,Novas famílias PAIF,5,famílias,real,rma-cras,https://aplicacoes.mds.gov.br/sagi/dicivip_datain/ckfinder/userfiles/files/RMA_CRAS_Criterios_2025_divulgacao_150526.xlsx,2026-10-07T13:36:07.787755+00:00,Valor municipal publicado; sem imputação.,"Estatística administrativa municipal agregada; famílias e pessoas são unidades distintas. Não somar universos CadÚnico, Bolsa Família e BPC."
4127965,202511,Atendimentos particularizados CRAS,807,atendimentos,real,rma-cras,https://aplicacoes.mds.gov.br/sagi/dicivip_datain/ckfinder/userfiles/files/RMA_CRAS_Criterios_2025_divulgacao_150526.xlsx,2026-10-07T13:36:07.787755+00:00,Valor municipal publicado; sem imputação.,"Estatística administrativa municipal agregada; famílias e pessoas são unidades distintas. Não somar universos CadÚnico, Bolsa Família e BPC."
4127965,202512,Famílias em acompanhamento PAIF,108,famílias,real,rma-cras,https://aplicacoes.mds.gov.br/sagi/dicivip_datain/ckfinder/userfiles/files/RMA_CRAS_Criterios_2025_divulgacao_150526.xlsx,2026-10-07T13:36:07.787755+00:00,Valor municipal publicado; sem imputação.,"Estatística administrativa municipal agregada; famílias e pessoas são unidades distintas. Não somar universos CadÚnico, Bolsa Família e BPC."
4127965,202512,Novas famílias PAIF,,famílias,suppressed,rma-cras,https://aplicacoes.mds.gov.br/sagi/dicivip_datain/ckfinder/userfiles/files/RMA_CRAS_Criterios_2025_divulgacao_150526.xlsx,2026-10-07T13:36:07.787755+00:00,Valor municipal publicado; sem imputação.,Célula de 1 a 4 suprimida pelo Observatório; nenhum valor original publicado.
4127965,202512,Atendimentos particularizados CRAS,503,atendimentos,real,rma-cras,https://aplicacoes.mds.gov.br/sagi/dicivip_datain/ckfinder/userfiles/files/RMA_CRAS_Criterios_2025_divulgacao_150526.xlsx,2026-10-07T13:36:07.787755+00:00,Valor municipal publicado; sem imputação.,"Estatística administrativa municipal agregada; famílias e pessoas são unidades distintas. Não somar universos CadÚnico, Bolsa Família e BPC."
